path,size_bytes,sha256,extension
AI_ASSISTANT_READ_ME.md,29476,768a7c34da78f86eda98e9caffd459d2605040818353fe4af5ae7d399a587933,.md
Endorsement.md,5304,8112150688ffc9d7eef02f3556472b13cc44eb1731a61ea4f90c61a83d7c7e89,.md
HandOver.md,6993,1d16e1ab7aefc8c0f5fde5e6be3cc2fec584493782b404d1dc9d01185043ccb1,.md
README.md,3117,bdeb38de3238e6de1ec728c54f69b33b00a68b9bce38129f656466b69bfe6dbe,.md
active_development/3d/app/homefinder-viewer.css,2972,765555ca4335c22834d009fb0bd7c81266b9b32cd9a7352f64bac7ddf1a51e87,.css
active_development/3d/app/homefinder-viewer.js,3441,b2eb39038473b7f6f3ff0e932763d802ccc5a351cddf7897c0e9bcbb5b868122,.js
active_development/3d/docs/model-census.json,987,8f844576d670e5f518d5e610ad822b860b33b51d12a87751ae75ffa8ba4172ff,.json
active_development/3d/viewer/SweetHome3DJSViewer-7.5.2/HomeFinderViewer.html,2656,11de03d3b8f3e4218746faf7c145872a54e41e5d1061825b939d7d290ef02f58,.html
active_development/3d/viewer/SweetHome3DJSViewer-7.5.2/HomeFinderViewerOverlay.html,1662,a46b6f6e3e0949f03f85dfcf9f4baf926fbc2e948bffc9e1a36c7488c093deec,.html
active_development/3d/viewer/SweetHome3DJSViewer-7.5.2/lib/batik-svgpathparser.min.js,83194,91fb06a1bdbaf8b96f0c5cb74681b902f436516b48cddb204c9e21e4af74cded,.js
active_development/3d/viewer/SweetHome3DJSViewer-7.5.2/lib/big.min.js,7582,76f91cda46aaeec826dd708affdb007fc93a6b2f739255511fd31844ebfa9621,.js
active_development/3d/viewer/SweetHome3DJSViewer-7.5.2/lib/close.png,597,a79d6abc4add16040d15c9dab9635893a84dd2b9ec82a18c659fd16d84a4a88d,.png
active_development/3d/viewer/SweetHome3DJSViewer-7.5.2/lib/core.min.js,15387,657d5f2d0999337834ceb35be974662736017f07c5a46996bc4b2731ad883718,.js
active_development/3d/viewer/SweetHome3DJSViewer-7.5.2/lib/geom.min.js,346778,cc38c89cb45b15d5b2a651e8bbc8bf9b42daba73ce8d884037c2cfde64a1557e,.js
active_development/3d/viewer/SweetHome3DJSViewer-7.5.2/lib/gl-matrix-min.js,54213,925243236f89bce15faac8d46279f74b190b000997a22d10300e9a96822fc334,.js
active_development/3d/viewer/SweetHome3DJSViewer-7.5.2/lib/jsXmlSaxParser.min.js,67547,29234c3fab3d58fd25c93f5191615e67b08231aea3321a20fea715d9b89b8b26,.js
active_development/3d/viewer/SweetHome3DJSViewer-7.5.2/lib/jszip.min.js,80025,1780b6a8f6b8ecaadcd00cf199ecba026e0c262b10791aabf0c4892804f7abc4,.js
active_development/3d/viewer/SweetHome3DJSViewer-7.5.2/lib/navigationPanel.png,2992,7d3d3c8caa7d04d91f53f12179c0b283ceaffbed6354aa0784ecb79755f08496,.png
active_development/3d/viewer/SweetHome3DJSViewer-7.5.2/lib/stroke.min.js,65252,5613061d7622d80325d7f6f9a8a393c698bd01ff81faaadde2624e6a9c9f1642,.js
active_development/3d/viewer/SweetHome3DJSViewer-7.5.2/lib/triangulator.min.js,34324,d146d5770dd0b56a293d3802c58e03868c99632f5de6a06bd3a9d0f7b774606b,.js
active_development/3d/viewer/SweetHome3DJSViewer-7.5.2/lib/viewhome.min.js,953191,e8b51168e806874d743989dc5626e25812313042d29d851541e98ea887f1ff28,.js
active_development/3d/viewer/SweetHome3DJSViewer-7.5.2/lib/viewmodel.min.js,163441,4142ef3719865f6ce9ba4e7d6a5320a9a69c4c539a5fbb5982400edb5608ec7f,.js
active_development/ACTIVE_DEVELOPMENT_MANIFEST.json,911,bdb596a0044d2fb56901a0985ac00c4a429ef0a89af59aade0553614125444ae,.json
active_development/CHECKPOINT_MANIFEST.json,148476,50a99230462cd89bbe2aa4510a77e5a5cf115f47dea3e4f7101d3b9932bb2ed1,.json
active_development/CURRENT_CHECKPOINT_STATE.json,2044,9b8581a8b1d335530e6d61cb6148206d91c0f1ff14582188f4d5e1e9e1914e53,.json
active_development/admin.html,20239,db129cafe3dc1602473cfae9b43137ffa26c49db0ad85f1ef2d5bd8e7ece8624,.html
active_development/assets/User Avatars/image_5547e4a1.webp,51356,dcb9e387ee7a15dabbe86e13af00e3f7ba96692746df9451d8681f67e71ac0d4,.webp
active_development/assets/User Avatars/image_75f53a8b.webp,43148,742b3465413697ea87e3982e490e4a9e2c4433656e2aaa7ea264dc88352e3d5e,.webp
active_development/assets/User Avatars/image_78423f51.webp,47068,29e85162d4620fa854384088c4e9989c646bc3e8899fdd36c0e3d8863adc7dd8,.webp
active_development/assets/User Avatars/image_7b08ec7c.webp,76288,81c835b7d12218ca3957d61b20f10a0f017d6531a6358846e3fe787ec059c6d6,.webp
active_development/assets/User Avatars/image_85396f8c.webp,44330,6f7a28a2ed7ed34addd0512bba8a8ebf872b2ff0d56d8f1c2faf417677d8a88f,.webp
active_development/assets/User Avatars/image_9fc3978b.webp,48514,25048cc19194797e2c7f84f970cfc57fc4cc6001cf83815309d878e6c71b1214,.webp
active_development/assets/User Avatars/image_a48e5b59.webp,41114,0862b0f197a9a6fce2a1408d17d2e9a7710eafe3e57b41c77085e66f18c4937d,.webp
active_development/assets/User Avatars/image_ab3b5fdb.webp,43888,b611efaace9f24f7016601b37a20742061401115817b62c620ad698d2c6d7764,.webp
active_development/assets/User Avatars/image_cb7ef1d4.webp,42696,296325f13e2869a3b68f47c1d6e9eab2267ce23021e184625dd193da21a5f17f,.webp
active_development/assets/User Avatars/image_d052ef90.webp,262368,fb26ba3e9f33cdad3ef66fcca7a9ab00b5f5d1833debb0500ae5a10f82921165,.webp
active_development/assets/User Avatars/image_d89bb40d.webp,82582,8a96c793a0d11f0125f83e45da1506c0f0a1002c35e9e48707b76c325bddb568,.webp
active_development/assets/User Avatars/image_d9cbc399.webp,43332,f2d98186b7920b8fb13fdcd0ca1a82a44cabc6b2368c694099f5cf91a3bc32d8,.webp
active_development/assets/User Avatars/image_edf294ba.webp,47064,7312c1e23a1d09f2ecb774d1f60895c646df24e5d06c8fc0095c5af80efaa8e0,.webp
active_development/assets/User Avatars/image_fd906f9a.webp,41896,55c1a15febd343c1d49cfeabbb49d6a5899bd77c6cab31504462431ab41d2d00,.webp
active_development/assets/images/logo-homefinder.png,101867,71c6162658f9cddd88af12bc26938746f092f4502b9271bafbea8692e6e55205,.png
active_development/broker-hq.html,13922,3f2e10898d6c03cc048eacbbbae0770ea05710bf4c7782d74bf2fa6b3ee12ce1,.html
active_development/cinematic/WalkMyPlan/README.md,97,b9bf5f0fef1938cfef0ad3947dba1c986b77da2a77aef4b956193c5bbb5bd4f4,.md
active_development/css/admin.css,20568,31369da13d050031cefff79d51835d8a236855e55aab5c68d9645dc9e3b3b689,.css
active_development/css/auth.css,16190,21405265e8ef94b6e14aac9b325fd05b4a51cca5e518efde9d6f1b20e3fe1bb5,.css
active_development/css/broker-hq.css,21531,27b4cf61481e6a74640cd876fa349d4c32bef674a60a99d2315c4c454dfdcce7,.css
active_development/css/cinematic-ui.css,40914,024f110609e179c77c0042dcd7bf5c188cbeeb29d04dd44a5e8c625dc900e3ab,.css
active_development/css/customSelect.css,2558,d9df3a2e253b214541fd73439712ec21aa9dd300fceb5a30ee5b9e4f263ece64,.css
active_development/css/gov-finance.css,11367,c7e039ad4bb436fdae7136ab22508044d0267db2c2aecfa455ebca7b0d3c0013,.css
active_development/css/home/about.css,9764,44a4bfc3c72af0fb2541e32f8c951fd984bbd4877300c2f0a3d2ab72aff36507,.css
active_development/css/home/footer.css,7208,a2cdb776765161849d2151c08ad91a06d7cd931c1f67874c50c70f2df47f0b33,.css
active_development/css/home/hero.css,7882,7db7ada424f9a1c27a1d70a9716ffa42564f2cd4c058c16ccd6baab77014ff98,.css
active_development/css/home/house-world.css,4676,c4361da1b6c3365be61425780549b2b2d6da62da65960d9ed285d283a4431ead,.css
active_development/css/home/property.css,3662,59d83195fc0aaf94dc8f1be8252d203c8c6e9f1d228f11084372080cf698af71,.css
active_development/css/home/style.css,0,e3b0c44298fc1c149afbf4c8996fb92427ae41e4649b934ca495991b7852b855,.css
active_development/css/market-profile-physical-ui.css,1217,031f5b0f9b4b3a7b2735e6c33d1b8771da1fa0854e8c060eabcb15da2e92836a,.css
active_development/css/market.css,26248,8523887669b1f33077eaa64093301ed2c2b2d14c4c1fa79498b60c0e74fc5289,.css
active_development/css/navbar.css,9854,e77e4ccf3ab4871b032f34e84d3021edc7388929e8a312e2a1a7c2a0083bb37b,.css
active_development/css/profile/forms.css,7280,232e9de7671258be0ced1708e0bfeb46fb64f78ce6dc7423ceaf2611160ef4fe,.css
active_development/css/profile/kyc.css,7738,dee41d4b55500040c2314cd3ccb6d3eedf1d9ae2c9de58ef29b3e88dd6c24f02,.css
active_development/css/profile/layout.css,44440,62182cadf3b4110fc6e2a31eb0e71eb005818ed921d90ba50eb2ecaa0f526a91,.css
active_development/css/profile/listing-form.css,31608,d20c33dd38e5aa18a832a92dc2f9c6f9002077c44d6151faa270b9042cdd1022,.css
active_development/css/profile/panels.css,35459,f89188f083797d344f157acd8d5a8d6c7adcf57271dcab105c1390a53b5a9375,.css
active_development/css/profile/perks-showcase.css,5870,c0a2f5941d1539da4ca2c4251d024a6822d0d57473fefd89984b10aaab786e0c,.css
active_development/css/profile/responsive.css,2555,eeaca85154b98e84c225fda543b0716c222a5ad0f446833a3afaade4cf7b77f1,.css
active_development/css/profile/subscription.css,588,7047c2d31e8e39e44fc5d787b004b6732f61a474a1e7b0c06bad35c9ed0c2711,.css
active_development/css/profile/ui-upgrade.css,8593,5e131124fde58bf7d9daafb4f2f331c78b777e110d48f5e8930fb5ab23a1ed71,.css
active_development/css/profile/visitor.css,4868,2cd6ecb78cef4d179988bfff6d87b474df98811a7ebe6dcbc40aadaff69b9bb8,.css
active_development/css/reset.css,752,6cd12e0e8d253a8fb88b043c86fad73d475f81d26f28bd5232542b7dafcbeaac,.css
active_development/css/responsive.css,1703,105b5fd0118f9fb621b3954feaa3ef82fc0e4f43e615045c6ca7c5523a7d2262,.css
active_development/css/search.css,2713,fcba282b6cf6ba45d0f4dd910a6dad093e7214e9b4a9b851a88b52c8f0dd6104,.css
active_development/css/toast.css,2340,ed4918a667c97057cf0cde12b0793453d62193ccd5dedd4ff60384075937cc2f,.css
active_development/css/transition.css,1276,0293e97c46c8b9dda287571c85efc4e2aa2ea551a69752f72735d9fc8fe0cc7f,.css
active_development/css/utilities.css,7068,51bab3bf918c3d2228a467b2b87c90a604f81615a8fa4cfc4e6d3741bbb711fb,.css
active_development/css/variables.css,14501,d1f388e3415bcb3a84462a279c94a7f0f797219942198b146beb26e6ef397eb4,.css
active_development/css/viewport/mobile.css,4417,5b2d277c7fc8cfc633c2343e2dea4210c31f2a21c820e80bc01772925c42da86,.css
active_development/data/cinematic-assets.json,2616,5da9d55f67686b7a8488d4eae70ae61e38280ceb192c5ca08d419239d31ac28d,.json
active_development/data/cinematic-scenes.json,1460,29a328e179f3f27318bff780561d1c16463f9238e06e82f75a72facad6e5168f,.json
active_development/data/cinematic-worlds.json,1666,2e1db9383a06583031aa0aa1c8367015f0a14d45a1429bec135457d0cb878c5a,.json
active_development/data/design-roots.json,2552,f90b5d9acb6257fad720dde6ecd299bbb94c56ee67eef7b4f11763b2e66e51b9,.json
active_development/data/dictionary.json,17055,07d7b31a56c9ab9a234e0e138dd74c633c018a713e7bb7cb1e083f584c43f0a6,.json
active_development/data/environment-modes.json,759,da82ac4eab83e021be15da2dcf641c90dbbc498d87a2e63ba580a02e1b5bcda6,.json
active_development/data/feature-wiring-matrix.json,19820,778f38939c64b28be7ff21c4be3c403a48c736cf2eda48ef76f091c99937b8e0,.json
active_development/data/house-camera-rig.json,2026,7dc0b14b77ab70baecbcba5d7383747a31d2b23df89c14cc5308b0edd8edd0c1,.json
active_development/data/house-ui-map.json,2804,5e02d080b77e029f9c9c3ba33aa496eefa24f18a59229fe6bb82bdca757b44aa,.json
active_development/data/house-ui-ux-code-reality-map.json,9595,9abf6dd157fcb050ac46a23c27d374bb67def65978068682e1b65c1b16f64c39,.json
active_development/data/login-physical-ui-objects.json,1945,ccb3ecc3018aa77c23eb24286572b0ea0c859211b5e5742f5878e1c807725dd0,.json
active_development/data/main-hall-camera-contract-phase13.json,2438,fd42130f2705e9f381b7b504d04f8c22d42e0d5ea0c9520568a68c8c49b7bcb8,.json
active_development/data/main-hall-camera-object-contract-summary.json,316,7ffd652bcd205a583aadd2db24e4e6fe90105e92d586bdb6ea46f15b3226f726,.json
active_development/data/main-hall-camera-object-contract.json,7177,ef27a3dda2a5fa689b795c801e5862dbbe140a1f595def3772969d2b62493d79,.json
active_development/data/main-hall-camera-phase13-summary.json,609,715efc5325d388442d206a834ce5da711f9dd6d87e406a4bc3f78fc2f21209b4,.json
active_development/data/main-hall-cinematic-ui-map.json,6386,54139ed98951cebc04027cd4d23a16e998495382d449e796627c03402280de13,.json
active_development/data/market-physical-ui-objects.json,2024,658a239818a3fb5cbbe3a0716ecca021b9aa37f39faa5f6baaf7b078374cac34,.json
active_development/data/phase10-final-audit.json,571,67f7782e95e254c31ebe891659ab77a937f47cae158cf71efb5a61fd46142866,.json
active_development/data/phase11-execution-summary.json,457,2a32c7ffb0b9a7dd45e137f85ad1a5910d5ac910042d2ab8a5e3b3a9145147cd,.json
active_development/data/phase11-final-audit.json,1255,b680b79535b12c2a817db1300b428647f9b095f639bca02ced7f6700b7e53e84,.json
active_development/data/phase11-secret-scan.json,746,2f624d989280b61bffae63efde232adf7bece0045434a920542907cb92e03172,.json
active_development/data/phase12-animation-object-responsive.json,1086,cf5eb62c1bd09a01e99f1249878fd25a45f0d88d473ecd439dafc2a4587f4404,.json
active_development/data/phase12-read-surface-summary.json,611,66fecf7a14a00f2dbb8d1985dfaa91a6c445566e0856c18b93741632c24d3aed,.json
active_development/data/phase13-auth-propagation.json,783,47ed6af9609a299e3fb1fa241ca1570708af50f3c252657c936b8c618f84f37d,.json
active_development/data/physical-ui-objects.json,14292,594e746becc356afac8124afb15b8eefa526090556f0f38a17d8232e358bfd50,.json
active_development/data/profile-physical-ui-objects.json,3199,2472f101b3163e862e1e5c9663f85e8bf4993a3d31a498f7c9a043d7763c2283,.json
active_development/data/register-physical-ui-objects.json,2582,0ff72b13643566e64152492bd01587734b9042adc2acbb14f48e6b808574c3ee,.json
active_development/data/security-leak-audit.json,405,6d4c5ce3c28972978094e0645260c9984b36925f523007d7f7ebe4c3119e8df4,.json
active_development/data/syntax-audit.json,44,c0498c527e5f9bff2326803f4f62970c62a4f54dc6ac570d7d986f8d13d5b0f7,.json
active_development/data/theme-system.json,1005,0044ca6289ef1cc65955866b03dd3b2c8db05719876f8a46a33cf275237c1d8c,.json
active_development/data/ui-response-mapping.json,42018,fe33492af62c495841a26bf1420507b071a93806ebc9627f20dfcf1d9e5ec7e0,.json
active_development/financing.html,4200,f2ddd91e25360256cd0e0a1a00ee39101d54ce8f1fb96826d30be548eaa2adb0,.html
active_development/firebase.json,809,d303fca60079dca465ebafe0a7703255b79d63c503454b429d0395d07f637ca7,.json
active_development/firebase/firestore.indexes.json,743,51aefc7fbad86afef84ff7eef182bc38c7d02efb645930aebfdced5afdd3b63e,.json
active_development/firebase/firestore.rules,53234,8610fd1722e02d2ed14d2801060dcf46d64c008aa205a859da372671baf8832a,.rules
active_development/firebase/functions/backfillPublicProfiles.js,1748,2fb1997ba1aa95630bc0176ae7445fe662a1f362848c020d587d9f3e5637360f,.js
active_development/firebase/functions/brokerHQDiscoveryProjection.js,5386,d07b97d6d635ee0f8a5052147abf869d41878767a098787fc419335ed6356bd6,.js
active_development/firebase/functions/canonical-authority.js,740,9a459bfa7232fb8749645fb1dccc6a89d48a090f6be02059c6e301b62b50469e,.js
active_development/firebase/functions/contracts/kyc-authorization.json,1694,dddfd46d6010cec98192516b568c324bd0cc8641504e63a62721cb2b23b0f340,.json
active_development/firebase/functions/index.js,133837,5f37fb71717766c38f957fc3873ccb1f43369d3b6c0b1b67a267e84708665f57,.js
active_development/firebase/functions/package.json,315,6082118a7964f2d23711172119a6d2052254b65d780e1304218208d663f2cf4c,.json
active_development/firebase/functions/publicProfileProjection.js,1214,38a232006475af0a88816a6574527f011322e43b9be8b9a90c5f5f7403877780,.js
active_development/firebase/functions/tiers.js,26676,13324a15c1f3ba6556df1997aeaf1aafca46bf02c3e7a958bc46bcb51cd17545,.js
active_development/house-world.css,5343,d4e346bd5c233d5ae96eb2d47ac53919773a829281ea4f76a686d2022c8b6b79,.css
active_development/index.html,50278,2d0a0965750e52583d86fd27338bdd2dd626143db4a474eb7912208d7402b601,.html
active_development/js/admin-gov-disclaimers.js,2215,366de03b3c8ae162e3eb4071f9bbd078bd949146ae069d58a557dc98cf338311,.js
active_development/js/admin-gov-housing.js,7037,d4c98913277b52e5bd007990faedc442cdaa5630fb636b1217577eb1948631fc,.js
active_development/js/admin-uid.js,2733,c3f53a10cb43309d218c18c95c231b00b77dd13f9471519d4a8afa71ed8a780d,.js
active_development/js/admin/contracts.js,2716,8382ab8709f1ad1a5455cc1aa8627c0e0bd05a841cda150ee21e26f5320fb9b5,.js
active_development/js/admin/core.js,4004,d6ffaa9f66a2d8cdd916f83cd4f2881cbb9c51b70fe637b7fe067ef9f2adf182,.js
active_development/js/admin/kyc-registry.js,7852,f9f2b91c87d0e06f23b23b508cee299e60c186d70658ac31ad28a20fcd138701,.js
active_development/js/admin/listing-help-payments.js,6958,d0fac3d20c77c1021e80444345dc4973942d26fcda68ba567be5e560be7dc437,.js
active_development/js/admin/logout.js,134,d44f013d6114090105302e93d1f62df641a6e42e38dd24f9af3158316528a336,.js
active_development/js/admin/orders.js,9207,3825d27670dc2f930d1679c57dcb2d9ea9890cf63e915f57da1cb69574fda8e8,.js
active_development/js/admin/prompt.js,7679,26854a79300d0184ad9b6b1cbdb102046d57690e91816570e0283c8c1faadbaa,.js
active_development/js/admin/properties.js,8353,411eca448e91aefe3088e2e6e6b1c575eb5c969e105b3779e54cee99dedfe000,.js
active_development/js/admin/reports.js,8496,aad9698ba0e11f13ce9a7822d2621e71a2696add0e931c93815c98aab9c0cdd7,.js
active_development/js/admin/staff-alerts.js,2260,dabc70419febb20f5a8539e4c4893708d693add62a8180fd4426d56c256b16e9,.js
active_development/js/admin/support-tickets.js,16567,08791b8b23a4d259f6ab097e26ee61f5517c3b279b543d15985d38987ba4d98f,.js
active_development/js/admin/tabs.js,1447,6a556c592ba7415a7c595ae94b1eb8114f7043ed411ef4a7cf35be51bdad5578,.js
active_development/js/admin/users.js,50081,d74a30a5a0ff4362b9697c590e2bf85cdfcecc2f5275467eeaeb6dfa378c266f,.js
active_development/js/admin/verifications.js,14523,1dfd130d47b43d01c9cb5e2bcd53f2c0aca21a54db93a553d3cfe1dfaf4f9ebe,.js
active_development/js/admin/verified-users.js,3983,77e68b4a53da76cae6af9e6444e7934362b8bb05fb17c0d1121057302efcc79f,.js
active_development/js/admin/wanted.js,6491,6a45b3388345ff1468f8ceabb45e74284ae142fc843b46fe6a74eafef89e27ea,.js
active_development/js/animation-root.js,2338,b53a9ba80a7b05c4b4a5281a3faef04f5e521d00c4fc1e19cbfdd590839df3d5,.js
active_development/js/auth-physical-ui.js,2746,b067c84a088cf3c8df05185581d36d36a6e02b8e66c025139ecaf2238ffa8207,.js
active_development/js/auth.js,23823,04969b33145f79cd37cfb7601291f55ec44bdfd77b12a5564bba164907691940,.js
active_development/js/authority-contract.js,2759,edf8bdf4bac73001715059bf65d7e266250d9dee61e4be9ea8ce68bdfd3e6488,.js
active_development/js/brand-logo.js,842,4097faac8bc1418fd9ad15e798d456eeb5bc427af257d83b39a7ca442171a8de,.js
active_development/js/broker-data-contract.js,1840,61a447847aab770f639336537d96dc8a96f13d7ddaf951d2a43f6f65cd085530,.js
active_development/js/broker-hq.js,44616,eb6dc94fea475761fe9f3b39104c7cb31382cfeaecf39a6aab0049252e3709bb,.js
active_development/js/canonical-role.js,1171,dd53f9f84e14ebb0dfdaaaeb5077b5e35b93691f20a2a1083d3b97dd3836e9eb,.js
active_development/js/cinematic-ui.js,16213,6bb623763bd3bcfcf3d14d38efe2d28707e16173aeb03ea7af526fdeae04fe0f,.js
active_development/js/collections.js,1959,d98ca0da11bb1d8e2dc9961e655d037f027e563318602a1b2a20359331d29066,.js
active_development/js/credits-logos.js,2342,a43fed10942ccff36c973cc757179ce9ef8fe6192444351f5c7157cfad4dd608,.js
active_development/js/customSelect.js,2764,c4a87c89b2ee6c21288bbfdd50f035f6ca128811e8a75d54a40437e41e0b011e,.js
active_development/js/design-roots.js,2689,fd272fa3fcc0f1d9c6b5b0dc4c3d609be6ecbd0b411ac7062cb8c7445a8832df,.js
active_development/js/firebase.js,2264,f367581bf28df097e191c79a3b9dea8a7d0e577df538a5daa9950a2355a6f7bf,.js
active_development/js/geo.js,844,e214c8f0a9d1b4c24b985f53e18390cfbcd2e5784618604891a27c57f8c0dbce,.js
active_development/js/gov-disclaimers.js,4084,db276f9c35d55f03bf390e8ccb96a673e0731caf65de29682958e0202407dec2,.js
active_development/js/gov-housing-posts.js,5260,e0732ceb4792710fcea489002b94ebbf395d1e62045f78fada8d43761b31fa22,.js
active_development/js/home-gov-housing.js,3980,fcdd034b994ac7b23a9f1eeb630f619db8a1778a3e1dd6c7a9a89f097aa58908,.js
active_development/js/home/environment-modes.js,2480,0ee7d0fdd2e442e1f052f11046af985b1e71f6df1b0b98212e55b20c1ec8b407,.js
active_development/js/home/featured-live.js,2898,14b661e1fa4cd7788055f35c7581ff63cce9ecbf8efa4d73516ed78004e1f8da,.js
active_development/js/home/home-typing-slogans.js,875,aea508c4efa415f84406f9e406edb4ec5e0443295a5d388752509cf6b9114579,.js
active_development/js/home/house-camera-rig.js,2500,4adf5b8760a6a601c263dbae793397d5b7d42dc4662c3855c74cf8f10d70f27f,.js
active_development/js/home/house-world-scroll.js,3475,aa68107b483fc189e819cf3b797c1ae730eea41f6db33903b09c8169bc0349f2,.js
active_development/js/home/map-teaser.js,4171,bcb10acbafb609767d05fd069efc5bdb40a6c493d26ea6e5c42284695b265aff,.js
active_development/js/home/navbar.js,3384,d0171f704df7b8788feeeb39682fda1710d5e566634359aa86a74372d98884bc,.js
active_development/js/home/physical-ui-objects.js,4725,15d63309a45d0a10f457a30bb3343b975697bef5059861b30573ed13b05f24f6,.js
active_development/js/home/typing.js,1151,a526de2b480c44c645eff4807d9960d4e03897fba51ba03f7e3a9c3679c2f439,.js
active_development/js/kyc-reference.js,1899,ad98e18546fd3c865fd10aeddabbd1218cf538c0cff12411bf7ed35abc155250,.js
active_development/js/leave-guard.js,1691,663c7b6783a9887ff53141ab555722bc726de28a04788b7ace2fcaa345a9c164,.js
active_development/js/listing-catalog.js,5679,0693985d97e21ff3e51f887c73b4f5de98b7f4804c127bc2027f15f960502414,.js
active_development/js/listing-create-gate.js,3323,18f71f88230b42be023b7d833423aea38e7f239f719244a04e784aa0d86f4880,.js
active_development/js/market-chrome.js,7871,a4fa381a1c5e6a582b2e6a38879e5a4f9dc0b9738c33a729dbf2c82846075cf5,.js
active_development/js/market-data-contract.js,3442,ae97ddac7d964174f751ec5b626da6897b81247d86c211668609fe29dd124575,.js
active_development/js/market-discovery-contract.js,4080,7e6960a80eeb78d00255facf9352f83b9aa3c94b0534574a02ccce53788db5df,.js
active_development/js/market-map.js,51704,19be661f22a533b50e68a129529f97829378f093dc5577f08070d961b748a0c5,.js
active_development/js/market-profile-physical-ui.js,1942,be68a956e0ebe6dd36706670fe7dcd1d0fb5111100fe39e36a8d3d8fee6c8ec5,.js
active_development/js/market.js,29467,dd41f51b633b54faab883069e23b2b0f92f76ea3341249506013eb97e96d0e96,.js
active_development/js/payment-config.js,4058,87b4cfd9a5011ab1a8c37b56aa6806666dac99daef9e8255d24adb94fc59fe45,.js
active_development/js/physical-ui-state.js,3914,51a0efc2e505b05d4d584f8f1f774324a0fe0718309e455f6b88f7b73f444cd4,.js
active_development/js/pins-model.js,6083,123f002856c133729337ce706ef111faa14ef7b236295d382f86c5522de8a1f2,.js
active_development/js/points-ledger.js,2777,ce293d7a50ad603b3b99a788b8d63ebdafd454f694aa834adddd0223bad11f6c,.js
active_development/js/preferred-radius.js,4757,7fa8926ff1dc26eb5286ec0e860a189005439d33e828c7cd1062fc53fc9a15c3,.js
active_development/js/profile/active-listings.js,10411,42b7132e363899daebf51e082664640566419432f06246742422d207008efb07,.js
active_development/js/profile/admin-link.js,212,3dddd8e005308e70c418633aa4acd8ec0d4ba637c6ff3a89fce1d2d092727150,.js
active_development/js/profile/amenities-ui.js,2693,03471cd1fd9e4a3c4e1af8bb8c074ca9ed3aa11dfa8c2215cede87e820726dcc,.js
active_development/js/profile/avatar-picker.js,4112,5a8f8d552e70d5fcdc062d9eaad083a94a6fd03066bd8b13eef19cefef5b2a80,.js
active_development/js/profile/body-scroll-lock.js,2017,a8ff578a75a1aa41e087a5eaa451b8747528ce45f75b31799fb0baf032f77e64,.js
active_development/js/profile/boost-order.js,15512,5330b50e8d5d7ffcba41a3c463e6fd796d1d48da9de832b87692023e2a28733d,.js
active_development/js/profile/broker-assists.js,6727,2d699fe6bdc85818fa81b77013146fd991e9e2e6d45359d2d87d600ef9ac61fe,.js
active_development/js/profile/contract-chat.js,9444,2825bf49324c0a0a223bf111ec4b2384425a4c1d6cde59a88606138364de81dc,.js
active_development/js/profile/contract-dictionary.js,3187,48b41eb2afcd06c465a834cc61b944eeeefc9668bcd7bd3a821ca37fbdcdf58e,.js
active_development/js/profile/contracts-tab.js,16992,41b7868ae37528c2f7cf6cf7cb0f2752f1032b357c6e35314e3f003e3c27c439,.js
active_development/js/profile/core.js,1661,5a163929a235ae6c0e2fb276536efc8e2ccb33d5367c579186bb5d25eda1e29d,.js
active_development/js/profile/delete-account.js,2539,669caf221536a131fe79482b073b705ef63f2faed75dc2e9f194c3fb20683c25,.js
active_development/js/profile/gov-housing.js,4388,784ff3d3e14541d44f47a15e0d213acfd227ec437c87fc1da5d2c5413730142c,.js
active_development/js/profile/header-scroll.js,8701,283acd4a9296e7cf191e8dfcf2a7a18651f3c9c147defd4c5bbf76570a85fe48,.js
active_development/js/profile/kyc-form.js,24229,74edfd5d2916f8ddd4c8006883dc84ef4360fcd90547d8db734384c45169dc0d,.js
active_development/js/profile/law-dictionary.js,7814,3379cb60f7b957d193843e690683fab6b284f30335437d3f8dd19ef3860cd699,.js
active_development/js/profile/listing-form.js,76975,ffed7ea414173a5bb6f0acf22b4bff1a38cb4449893333c62a820dddcf35b92e,.js
active_development/js/profile/listing-lock.js,1182,7cc09940a0c88941818d784eb6037ede7c3b3bc59c7b44c9f188d65caa33d587,.js
active_development/js/profile/listing-map.js,7269,a7d07b17ee8f2a4a10dc63d9f3ef6491cbeec6c675c0023db0c370a35b591cea,.js
active_development/js/profile/logout.js,3600,eb3de86b435fec13478e37892135004e29cb0b0314fc9cf596cd416f70c3cbde,.js
active_development/js/profile/match-notify.js,586,15ab77e509b3cdd5fe6b57a877e66bb63056d9d2dbe9c2d2ab09ee4aab9af951,.js
active_development/js/profile/messages.js,21583,285bd845ad3a6c523bbde0c95b65b7362264f42df1c07b94685bfa199de3475a,.js
active_development/js/profile/need-help.js,16073,87759048513bdf20fd36cd795a68dc986bd9a7d10df8b5c789cb863c0cd963e0,.js
active_development/js/profile/notifications.js,15028,2a4abdf446a2ac75efef492adadb2c03a4c36c2b71b6df172354cc98a888abd7,.js
active_development/js/profile/ongoing-contracts.js,5193,86e3da4ca6da8a76e4a37910b62c64cb212c66d9c3289af94eaa53c79787c1e5,.js
active_development/js/profile/perks.js,39871,53678e55b1dc5f1a45f56624bc2d52850b7be4e1001fd9ff0db32eaef3354936,.js
active_development/js/profile/portfolio-assets.js,3766,0a4c513c990b51ea03d4025b8bb7377a4aeba19b31b9f3748ea643f73b53b19f,.js
active_development/js/profile/privacy-settings.js,3308,edd78cf3d97199561f81c99aca5e18b8f08775cc9ed054ab4e071443592d0b01,.js
active_development/js/profile/profile-cooldown.js,10779,a34f8e6f7c8ff4dc91681ab1cf21de6033eb607db42c95d2ad87c8e6e31b48c0,.js
active_development/js/profile/profile-data.js,25311,f6f74b70f58bab3765b10433675210e922cf0b2278384e0d4ff430d61044ecdc,.js
active_development/js/profile/profile-scale.js,1784,52949c8973af974253b882dd313e380f3e547f825a271cba3b06a1350c2bfa5f,.js
active_development/js/profile/pull-refresh.js,31,2515f72f0a902e8d35f2f5c62ced6b05304f86d2a502bd730a506ae025de7867,.js
active_development/js/profile/reviews-view.js,8695,6d5b31107225ac04879462aa312c8cde34d25f75064d657e468e185de018fd08,.js
active_development/js/profile/role.js,977,8b8be9657f348cdac5bdd87b39ad734a1b25ca8943b02f5eb57183d36c282048,.js
active_development/js/profile/saved-properties.js,5357,6cc6ce957d4e21e82a7764103a6c9c5d4dc4fb8b47747148c28f80e3520953bd,.js
active_development/js/profile/saved-wanted.js,3463,fafeb5f881e061a2e935f1e31e8ec823cbd71baf565040a46a72f9a9a6b0cf6e,.js
active_development/js/profile/settings-dropdown.js,7641,2dc02e23f6089b4abf4e3aba2b449f7534f545d79617a8ba978905009f5c3f61,.js
active_development/js/profile/subscription-boot.js,1306,df5d12e2b0d472646e555efc053f48b00ad2cd80e2c2eab8027eadbb6daff526,.js
active_development/js/profile/support-boot.js,167,b942d8f8d4ead5f93c75745e88501c54a4ae60e88ac6029d77ac5775337b5a56,.js
active_development/js/profile/support-ticket.js,10272,740ef7a2b842360f7adef2a73081e52de6dd795cfed3420017fdfd4d304203e6,.js
active_development/js/profile/tabs.js,5670,636db7c48d611560b4456a49260a21b1fe1172810ba15e34268b376bde54cded,.js
active_development/js/profile/tier-progress-modal.js,3357,4aa68c9e68555b6db0ae5d49cc6a25ee29faf8bf4cffe3c28f06e4c9726bd443,.js
active_development/js/profile/ui-dialog.js,5287,60794bdc62a14e0a06d984e48ab8cf992758a1351119a1432794bb384c0a4226,.js
active_development/js/profile/user-search.js,7309,421969749542b2ba0541f3d9ad8b3ee10d74c5f6b256421b9f956bf2f8ddfbc7,.js
active_development/js/profile/visit-mode.js,208,49b07ced80dfb93c82902eabd73bc94637076be5ffd7dfd59f1a8293d1734173,.js
active_development/js/profile/visitor-profile.js,30861,274e0aeaf72732de3559a4396d138167c882a51ee6b40b972b9b10eed29a0469,.js
active_development/js/profile/wanted-form.js,15025,af9f190984b8b374f96fe35a62ea0c1370cb234a368954c625996da197fae285,.js
active_development/js/profile/wanted-map.js,4706,ec3f1e3f984df66dfafca50ca9b541c8ce9165704e6bdff36bea507f1aff056b,.js
active_development/js/profile/wanted-posts-summary.js,8618,e9074ae6e28b02047300dbb25673e70fe8d8cc15cef84bb860d2897e7e89592c,.js
active_development/js/radius-cooldown.js,5073,10bda289931a94e4a2836615411a7b31465117816844d99d5428de9a3a795d70,.js
active_development/js/reference-3d/README.md,601,2c30e0a492eb267aa98d93caf098ebf10759e9ce9f989fb1753148ad4eef9324,.md
active_development/js/reference-3d/cinematic-3d-adapter.js,4346,ed8249f6ab4d13e9e76a45b2d140526b446d75325168bba0707bdee0fd23070b,.js
active_development/js/reference-3d/cinematic-3d-asset-loader.js,4777,d1821d8ddf46136bcd56cda041d719f0699f5a2807a637c3303cc0961317c7ed,.js
active_development/js/reference-3d/cinematic-3d-renderer.js,10221,bd0e071f09c469e3be36b9a1cb72ca8151dc7dfa1c79c0a184149a19ab655a28,.js
active_development/js/route-access-contract.js,3139,32bfa33986f2c049a68a574e9bbbec9071999f3dd242d0f3335607912729035e,.js
active_development/js/route-authority.js,838,563b1dcffc4642753fe5a484db750acc14d7b029b84e85cfafc89f850b9fae79,.js
active_development/js/search.js,5516,9b2667a0b53d0e315613f428e657e569a6caa36643a6a062d36e2a2454a51582,.js
active_development/js/session.js,1335,0c2a67e29aff4962c16f617e8c8f9f13d7a18ec46ab4b636553249e03e5298f2,.js
active_development/js/subscription.js,2728,d44d0fdc81b13c19984617bdd930824feeafea4376465a5fd8040abda427f94e,.js
active_development/js/supabase.js,6136,848d2a672ea3f7a3ef9365f92a635c040e83ac04aeed64a079681395c500cc1a,.js
active_development/js/tiers.js,26285,16134d6c5fc85439524e6dabbdd01c24cdd984917536297e03d1c31edd338447,.js
active_development/js/transition.js,634,4c013b8136627adca4b6bbd74b0dd4e314ad3b94ce91197eebe727f68c3b1761,.js
active_development/login.html,9080,bdab1bfa3e0e6358b380e6f21de11af8c838f081f47b9387caa702308be1d362,.html
active_development/market.html,16021,8b3a39747543b373cfd13938f0229b184b6f369eba653409c26ec9242f5ce542,.html
active_development/moderator.html,11696,b78c5f54a949aebafec77f17038d97d37c6d4b3b6d32ea7aa5b232c08602c009,.html
active_development/privacy.html,3726,b2723904a8f902aa31334b7fbae6e9610c402c8261096c3633e412fbec483568,.html
active_development/profile.html,96139,019b1ba5115bfd227e117f02bedd8533f08e1215bd48685597a8d159900a5561,.html
active_development/register.html,10843,9a70bde4eeaed0b4b6594b8d2d776110c7862886476241c0731cde6dc669ff96,.html
active_development/staff.html,13805,7661ca4ece7b36197cbdddacd6b7c2ac231222e9e01f63fd4244376fbbd50b78,.html
active_development/supabase/README.md,810,f70266c7ba2fbdd3081b1732eb1e9e53b3cb572a55525b6a2c89743203981a68,.md
active_development/supabase/config.toml,358,dd1a9c1fea5985f31cff9baa8a11b9fb9337e9bea7800c78a376f351fc5bb596,.toml
active_development/supabase/functions/_shared/firebase-auth.ts,952,240432a80d6f985bf244cd0f132d12221688ef566ba4a9df885e0ccb081e13a2,.ts
active_development/supabase/functions/_shared/firestore-rest.ts,2562,e52088fc8b5e2953dc2a5755d0b0aba2f3c477fa4a69d0e86dec4f68c0fa0c31,.ts
active_development/supabase/functions/_shared/jpeg.ts,163,f827ffb5594035a5c6a46aece2e20d28267e7d6e64c3520e06f4a037afc4571e,.ts
active_development/supabase/functions/_shared/kyc-authorization.json,1694,dddfd46d6010cec98192516b568c324bd0cc8641504e63a62721cb2b23b0f340,.json
active_development/supabase/functions/_shared/supabase-config.ts,226,99277a2550b9b9c4f542b6d5e721f9e0ca5632cc6ac41e4e963307f89feb711d,.ts
active_development/supabase/functions/get-kyc-signed-url/index.ts,4608,a5cc66ee132a79202e08088ce15f26406e93bbf63e4f9aa80526570846642b1c,.ts
active_development/supabase/functions/upload-kyc-document/index.ts,4451,744a39b81414be8260bc0af8b6ca02b9cbbceb767ac29b0e00fe5b9fd4450f1c,.ts
active_development/supabase/functions/upload-listing-image/index.ts,3679,7e5c2f1accfbc5d446c254803f059223ac8c2c29812b4ced326261a2c4a14d07,.ts
active_development/supabase/migrations/0001_homefinder_storage_authority.sql,1008,9305cf9869ffe9e5ca94308c5ce462ccff5c9f8751a97ca03e4388e14f69aff2,.sql
active_development/terms.html,3766,3148308c55b132a44663e1a873e71c67b9b9f34d34e2b08d64bc934aaa627524,.html
active_development/tests/5.5G6C-protected-logic-freeze.test.mjs,1971,f6f9ea3806872d21688254b630545dbf8f154e9da704d4107484e5f72df63ecf,.mjs
active_development/tests/5.5G6C-role-hardening.test.mjs,1668,3969b5cf958e9d2fd73888d5eeaeb6a4aaf4020aa992f815bf1b97f949fcf624,.mjs
active_development/tests/authority/patch-37-authority-vocabulary.test.mjs,2280,fb93461335c307f888f518a0d1eb760f1111538bab941a524a2589a3d6047450,.mjs
active_development/tests/authority/patch-39-capability-boundary-matrix.test.mjs,2859,2a08cf203842739d33c7c43dc957fda62ec04b6fa50c270157a4f27c2dc2a442,.mjs
active_development/tests/authority/patch-41-capability-migration.test.mjs,3235,f895c32461e317043f449264614bedc4240c9d6010b3155dc4c804d0ada7b702,.mjs
active_development/tests/authority/patch-42-legacy-guard-inventory.test.mjs,1239,4e0de4177a4027aaaa75a5bd6f8b18dc6f66814677eec9e95b6b445271190489,.mjs
active_development/tests/authority/patch-54-retire-ambiguous-staff-alias.test.mjs,751,f530f4a245c8767656e506a1137279d2ad7ba384ad8bdfb4e6ea7fe8b3873a14,.mjs
active_development/tests/canonical-camera-binding.test.mjs,1070,36a461f525c730701ac522472eea6d8e8985d41089362a9f5c321e35edbf6eb9,.mjs
active_development/tests/cinematic-3d-adapter.test.mjs,1607,4068c63613779c5648bd624f9037d2efbf41df0caf9ba0a9bf35dbd1c9364158,.mjs
active_development/tests/cinematic-camera-hero.test.mjs,1458,1db408f440dd6c6e1feaed739fd5d82cb967b5c31897a40b7be0fdc4a8f0dbf3,.mjs
active_development/tests/dd04-final-authority-freeze.test.mjs,1322,9434c499cb0aace2eca6f02414ce163b55230634b4efa3b7975b66594ecebe0b,.mjs
active_development/tests/dd05-h04-map-preview.test.mjs,881,cb777c43a274e2d1fa5da76c924a2d73bbaba9548df176728cdd775185c49179,.mjs
active_development/tests/dd05-h05-government-housing.test.mjs,1280,2b218f9350c5a60bfb8aa29a889c2317b04f4fafc5f6bcb4b81146bbe8e8c36e,.mjs
active_development/tests/dd05-h06-mission.test.mjs,1668,08a4c752481b687970f7b19a254359d27726e696783a11d64d783ea5eb7a7747,.mjs
active_development/tests/dd05-h09-contact-exit.test.mjs,1678,97cf1fd03e70bc8ab80d872b0d13c0a1062c70bfeec9157cdb8e6e38a3d89eee,.mjs
active_development/tests/dd05-main-hall-cinematic-map.test.mjs,1275,4a2ce9171ec4f513c20e668810d524fe0f3d4d04874d07374c7464e8153fc9d8,.mjs
active_development/tests/dd05-main-hall-sequence-reconciliation.test.mjs,1307,f3717a00de4ddd7aba903646b9106f8f06aa7e41f54818e476178cf73f2c9bc9,.mjs
active_development/tests/dd05-ui-response-mapping.test.mjs,2462,02eb9d21620615d3dd2b0b181db01f5ead690d8fc1474edc11b5a6522af4cff4,.mjs
active_development/tests/deep-dive-04-auth-roles-permissions.test.mjs,1896,b4aad83b35563b0bb1045a475e64198ab5ef646188b657d06e0374d0087f3d8f,.mjs
active_development/tests/dictionary/patch-35-dictionary-foundation.test.mjs,1746,c7e3132420a69cda9d42260fdc3daa215a7b8dc7fc2f4960f7f64792c52e38c8,.mjs
active_development/tests/foundation-repair-01-authority-contracts.test.mjs,1179,10faaf07c676eff51a91c38df70d06e4a94450dc1147df42ef51de46d625a443,.mjs
active_development/tests/foundation-repair-02-points-authority.test.mjs,1273,c00d5912ea285451cb78b5ad7ba04586c7e0ab4416181ad7b1698e0aa9fc4662,.mjs
active_development/tests/foundation-repair-03-points-abuse.test.mjs,1399,f3b43fb36e8d07c362447463601fcc9b47b73f780cb9b9852913e68f6a87807a,.mjs
active_development/tests/foundation-repair-04-tier-entitlement.test.mjs,2037,4a65342101506075c5b8dea2a74000ee9b59d170bcfb54e766fd88feb484129b,.mjs
active_development/tests/foundation-repair-05-subscription-entitlement.test.mjs,1965,786ca15b05898c937bf9798276ba8a3f739fd1283d082647b41883dc388cdd50,.mjs
active_development/tests/foundation-repair-06-image-cap.test.js,594,e49231fc778bf734ae25e18c20358a3712d0da1b4fcc3a58bc838e110d60c090,.js
active_development/tests/foundation-repair-07-admin-capacity-override.test.mjs,758,26656fb54508f80a068ee18ef6fc5fcf476f7295006d80c622ca985966b1ec94,.mjs
active_development/tests/foundation-repair-08.test.mjs,625,f99b8c80f72f0c2e0819781fd143774567bebe5cf07d0209b3d847faac1f0ea5,.mjs
active_development/tests/foundation-repair-09-pin-authority.test.mjs,1055,47aecd149b1bfbed37b8ba73646eab2325582ec5cee41c773e65b587302fb539,.mjs
active_development/tests/foundation-repair-10-radius-authority.test.mjs,1655,8585bc0864ae9e246029a8320b82af60a0376208a3918dce89bb7bbd1d9ee1a0,.mjs
active_development/tests/foundation-repair-11-match-notification-dedupe.test.mjs,1099,80564782b6371dd7cc94c2adee5bc5f0ea67e991a61f29d1f7c6e092988063ed,.mjs
active_development/tests/foundation-repair-12-stale-match.test.mjs,1018,68fde365d41e683a92573a2b7863f6b13d0bc0099c08ed80db71c61d7f324c0d,.mjs
active_development/tests/from-verify/animation-object-responsive-root.test.mjs,2017,0d89c0702e2d51828e27c302030cbc8e296d767a441cf6d8968456d6c151e4f0,.mjs
active_development/tests/from-verify/auth-physical-ui-propagation.test.mjs,1065,3e0b9617cdc4c331005f38b335d869dd9a19c873302dac32ad09ce54ca0e6572,.mjs
active_development/tests/from-verify/data-vocabulary.test.mjs,2075,02f70c7e2ff121358c7dfb7d53dd0d0b5e21a4a984452b8f71570c17aa53026d,.mjs
active_development/tests/from-verify/design-roots-contract.test.mjs,1682,706d48198866c8ce49e3a5d234ab9f875fbd36fad8ca3ee3322c7201620b1dc8,.mjs
active_development/tests/from-verify/main-hall-camera-object-contract.test.mjs,1113,d6c44a6cf5c3992eaec57d38e02fa8a3d8fb9ddf7ac88696fc13f97d6f4ef718,.mjs
active_development/tests/from-verify/main-hall-physical-ui-roots.test.mjs,1066,fe96b5dcb860ee7297d125a1b7f6dc08c33e99ddd2394a5fea427559ab3902b3,.mjs
active_development/tests/from-verify/master-matrix-contract.test.mjs,964,84c7944b6bd44d16b06185557692d3a47992a1c1f2ee64f2b8df280ae1ea967a,.mjs
active_development/tests/from-verify/phase11-deploy-readiness.test.mjs,543,4ac6aa6fed67431c7e8a55e699abf5ce781cefd2ba5ac17da611026a9eda4a1b,.mjs
active_development/tests/from-verify/public-profile-migration.test.mjs,1732,13529bff25e2a390067d4e1af7d076613ead2e1ed05a94f15a978198fdce19bc,.mjs
active_development/tests/from-verify/public-profile-read-surface.test.mjs,1436,4704139022fc76d8e1e881939ef15879d6ad8f674c0c064b5b40345b66576c09,.mjs
active_development/tests/house-camera-rig.test.mjs,2049,6e3bd39578b2f5290c9729ad2f5599f252ca514ff506ab8dc814448a0ec7d507,.mjs
active_development/tests/listings-book-interaction.test.mjs,788,4a597f2773530fea8b9ce6823e79afa26c7cc23838836de53a0a91a2a1d82252,.mjs
active_development/tests/m1-runtime-boundary.test.mjs,1241,824d5e337b01649544930cb5edcda74f23d205c5fa11edc8d8aa2354eebfdee3,.mjs
active_development/tests/market-discovery-contract.test.mjs,1412,d11e8c398c29102b13a7ea53e3211e92b72fd8a3847227efe24b36fe2ce4ed16,.mjs
active_development/tests/market-patch-07.test.js,1850,2787be5949343daf95665dae69706de3b56e205e1afde578647312a6bb4dd4e7,.js
active_development/tests/market-patch-08.test.js,1410,d4072b7c95ca66a3b28ca9f07b2eecc25e4ccfd571516aca2c5777f2f4eb0991,.js
active_development/tests/market-patch-09.test.js,749,f321ff2b7eb583ab2cea67107cc6d4304685528ec973c1fc5e0fc9739c98f323,.js
active_development/tests/market-patch-10.test.js,2438,fcc89d7885fc74d73564c54b5373aebaab4b3a338f9ab8c2193a895094bd3eeb,.js
active_development/tests/market-patch-11a-audit.test.mjs,1228,52bda70e84539912f58db40c5ba6bcb83695ed3a93c7ac525d8a7754eeb3a389,.mjs
active_development/tests/market-presentation.test.js,932,6f9479117cc98250bd034876f6518b3a8ccd9b0b02a0820756305f99bee6c156,.js
active_development/tests/market-profile-physical-ui-propagation.test.mjs,1574,b907388632d8c98324eb4ada519c9680f49144c3a8f106172ad5db38d1eb06d8,.mjs
active_development/tests/patch-11c-r7-pin-authority.test.mjs,1148,4df35d1e31ae8002ea2490d3a95591a76b84725ea27e3657b405d5ecf830db41,.mjs
active_development/tests/patch-12-integration-hardening.test.mjs,2058,2c977ae67f87dc10c8dae805c22606bb3c9659700ebec6592f361d3437b5ffb2,.mjs
active_development/tests/patch-14-listing-activity.test.mjs,1531,72a08695b8f360ef27faba29c55a178811dbbf9d8c94bb368f4c6a2b2dd813a6,.mjs
active_development/tests/patch-15-listing-activity.test.js,1655,64d342339d72f803d862b0654f8699d837f8be2f4934e5a5e91e1a5f0ea10849,.js
active_development/tests/patch-16-listing-activity-contracts.test.mjs,1108,3137598c528d197a7970f4c731ac61902f9fbb57529afdd0f13c223ebfd6c3bf,.mjs
active_development/tests/patch-17-contract-activation.test.mjs,1579,55247ef61b45bd587320b1442425f7b51a174d05aec9e157bde190863ff571e8,.mjs
active_development/tests/patch-18-listing-inquiry.test.mjs,2100,e73654ab2cd52a6e04c06b6e1e5ed56fa7fc8076c8e9067ce81c16baf48b076a,.mjs
active_development/tests/patch-19-discovery-impression.test.mjs,1570,daeec68c2cf6abb1ab60fe37b5bd9e387ca1a535f92e8bdc1b11dddb23c6ed0c,.mjs
active_development/tests/patch-20-statistics-read-map.test.mjs,726,216722d17739bb8d0594fbb490ba49da36606c595f079b846277c4cb818d93b6,.mjs
active_development/tests/patch-21-role-need-help.test.mjs,1157,db4f3a2010fae50fb4ecd1ad9ab3ef10e2db1f8f2a2a8f70816ce395647ea8ce,.mjs
active_development/tests/patch-22-admin-ops-authority.test.mjs,1675,c4c087637dce92adedf3b6ef74779dde50809ac63acec69a648ffd7f49300878,.mjs
active_development/tests/patch-23-admin-user-manage.test.mjs,1205,bc8b54f525d5e223899cd0e467e63ec97b0dd0ab726f2df09bf049b7d472a1d1,.mjs
active_development/tests/patch-24-admin-specific-boosts.test.mjs,1838,1d6e91a8af920121d17378ae6fb72d968ecba4bb134c2c325214a873f206e42c,.mjs
active_development/tests/patch-25-admin-subscription-grant.test.mjs,1173,ffbd33929a347f60dcb9c1e1330b54f9fa4d5455b6ba7490a016ea39470d1ab3,.mjs
active_development/tests/patch-26-paypal-cloudflare-hardening.test.mjs,936,f06ef797bbd06a8764bcdd099a7e3441b08efca0c6ee78a823960cfbb36975e3,.mjs
active_development/tests/patch-27-market-data-wiring.test.mjs,1570,87d2143541afd5475f63742f1fe33585663f6cf433e849c0a12ef0fd7adbadc1,.mjs
active_development/tests/patch-28-broker-hq-data-wiring.test.mjs,1712,b10ae1bf5f0ac073729ae44ab09f5abcc181464b084bcccf9bde2aabd3106941,.mjs
active_development/tests/patch-29-broker-hq-interaction-smoke.test.mjs,1887,688b848aa41c3486c3bb836952159413129ca3707ce5e9b1c22e4997541d724a,.mjs
active_development/tests/patch-33-foundation-repair.test.mjs,1172,3931d2e434c04742ad64f578e6a67366984d5722a953816d28e92a5aaaabbbd3,.mjs
active_development/tests/patch-34-market-shell.test.mjs,1246,8a3469819a0d1e60d7b9a93e9d984a97734741544c7c39f72bd01054e97c5b81,.mjs
active_development/tests/patch-38-authority-wiring-audit.test.mjs,2639,d9d03c28ff36a4deb0241d816f049b7b7118bc185ea0c78d607e4aeb5133d4c0,.mjs
active_development/tests/patch-40-boundary-decision.test.mjs,1616,516e93e85a126738d8f6d136b97614e7b35e40e2c8788f4cb8adb58caf89a91c,.mjs
active_development/tests/patch-44-boost-compatibility.test.mjs,1256,73bf4307bf2bc9854557c2862589d60df9f5fe3573b9ec2df428e41986a3e8d9,.mjs
active_development/tests/patch-45-boost-normalization.test.mjs,1160,28d13e8a7946c997329017b9ea97b490f367513aa41cf2a2a6f2d384ce15d39d,.mjs
active_development/tests/patch-47-boost-migration-proof.test.mjs,1452,0c144b387e044ffbca47676a5681b0a53252efc890b3b31d2c7b72d87a990bfe,.mjs
active_development/tests/patch-48-production-boost-migration.test.mjs,2434,2fbb2bceefc9c7fea3feacc5b455d068fcbfe9186b4b40516910cdf4fe7200ab,.mjs
active_development/tests/patch-49-boost-parser-retirement.test.mjs,1388,b93359e2659bdbe8bd95349b991ef9e166af665b9f3b7be5e4dfca5f495822ae,.mjs
active_development/tests/patch-50-boost-parser-retirement.test.mjs,1275,852b4383b3f09e3c7651c2d4d072f059d45d7c9a9f8c0d9e29efd03b2916b851,.mjs
active_development/tests/patch-51-production-retirement-audit.test.mjs,2297,9c73b9594eb71c53765afdd9098167d5b564bfecd5c90fdee6181180afb92e94,.mjs
active_development/tests/patch-54-cinematic-foundation.test.mjs,2554,143861b4b3925eabf84d0137f105663a1e04283e18a9655825fbe7b28b054f91,.mjs
active_development/tests/patch-55-cinematic-routing-a1.test.mjs,1384,36e3fed585410497c82f76ad4a85caa5ccc542aa4dfe3eca7510e108eaa8864b,.mjs
active_development/tests/patch-56-cinematic-home-world.test.mjs,1549,dbefb985ab9366522a25276e75f0be090dc74079d58a38e611b4cb0549ceb638,.mjs
active_development/tests/patch-57-cinematic-camera-hero.test.mjs,1495,75441b9ebe7acf4cbb9ccd27c0f966bdf06921d62139a93976846442a6c05281,.mjs
active_development/tests/paypal-cloudflare-contract.test.mjs,775,6fdb761bb430ce5ada334df00f652465dcdf40139059078e4147abae15035f09,.mjs
active_development/tests/phase12-animation-object-state.test.mjs,2182,862a792ab77c64def2b40da602b5f5be233262798f384e001371ecb7a9baf9fd,.mjs
active_development/tests/physical-ui-object-system.test.mjs,1104,4b53adee782b2379da08870e9941877db04372f0a02400a032ad28bf910d28af,.mjs
active_development/tests/public-profile-projection.test.mjs,1414,2ed51fbfdc684b1eb1c900d9417853f1caf079562093141cb54a5f2a3ba9e9a8,.mjs
active_development/tests/role-contract-subscription-path.test.mjs,1644,bf6e26124430982de33d295b5778128624353831c31275454348005d09037432,.mjs
active_development/tests/room-shell-physical-ui-mapping.test.mjs,1632,9bca1bd31e3459999e2f8aff6372095ecc9450f77cc70c5fe1ef3f12aeb4a44b,.mjs
active_development/tools/adapters/firebase-admin-production-adapter.mjs,1925,2581fa669b20d95f44dccfaa1346f8d4220eb421e991a8ec46d6455cc2e213a9,.mjs
active_development/tools/adapters/json-production-adapter.mjs,875,caa2790f8e6fb6c761d511ed7c5406efbeaeff1062a68a63f8df3b72cd5b1be6,.mjs
active_development/tools/boost-migration-executor.mjs,4938,0f1d7355bdc519fd07f7126415ebd9309c3a860779887a6e4b9d554686b197e5,.mjs
active_development/tools/boost-migration-proof.mjs,3580,711a9adca77c08658b1ea271ae8fcfdd6a9d80fca30f7463791f37813cc83eb5,.mjs
active_development/tools/boost-normalization.mjs,2859,320b13c8b1de63ccc98e811f450396e1c3ae6392fc0eebf0b95572d942771690,.mjs
active_development/tools/boost-parser-retirement-gate.mjs,1924,4a5fb197225b39a1c82d01efc31e77f08a0577ce9779fd936996ba5cf093cd31,.mjs
active_development/tools/patch-51-production-retirement-audit.mjs,6009,1a13dd4d64a101d51c0e14ac1d2a06d170d3624a588bcc840efd4eddf316b717,.mjs
active_development/tools/patch-52-multi-check-audit.mjs,6686,e09d861d3f89759280680a4dcd2d7812370a1395dd755309c839e5e4dd195180,.mjs
active_development/tools/run-boost-migration-production.mjs,2217,250c16fe8c5d3a5c88dbb6de570153bc5fd52eb2b5cedc00a723c651a624dcc7,.mjs
active_development/verification-artifacts/market_profile_preview/Market_Profile_physical_UI_root_preview.png,80637,b4bcb5af36b1f38612f340e0dd6af01a84193020b54da20e4a38be8ca894b663,.png
active_development/verification-artifacts/market_profile_preview/preview-manifest.json,432,24c4043df7f6d7d0f979dc0e25776615805ff0e515f4b9d7d6e1bce614b1127d,.json
active_development/verify/fixtures/boost-after-p47-clean.json,369,86aafd0fcb32f83b892261ff62bb06b79fdcf0cfcac50a87cc91b4efe30acdf7,.json
active_development/verify/fixtures/boost-after-p47.json,345,40973c060b8efdcdb63907a7535b6bf8c8e43bdbcac623c561bde7eff7893de7,.json
active_development/verify/fixtures/boost-before-p47.json,352,e760772a482a60d60f340fd76fb91000aa3280ff1e520b2229c616f4bfac4c22,.json
active_development/verify/fixtures/boost-export.sample.json,457,73d3e36863b2b5a119b37de4e3d83e55dc5cd97bc79765dff817d6e53609a67b,.json
active_development/verify/index.html,7104,678b6aca8fb74aac4795024a273339e5f1f1813cd6e3ed99f83817e4fdb6347c,.html
active_development/verify/security/registration-suspension-boundary.mjs,1390,b30c0a497703c25ea1dbc35c92dafad718003b02aa6f51acb517df774c0c72d6,.mjs
docs/SESSION_CONTINUATION_LOCK.md,2148,b2480e39fcf4405fecfaa90338eb43f29491263eea2906e89e945916a9761a78,.md
docs/archive/dead-or-superseded/cinematic-3d-adapter.from-verify.test.mjs,1607,4068c63613779c5648bd624f9037d2efbf41df0caf9ba0a9bf35dbd1c9364158,.mjs
docs/archive/historical-contract-tests/README.md,541,d68434b5f30b13ea2f1f5f6e662acb589a9e1d6983461bb0cde6634e47d6f79f,.md
docs/archive/historical-contract-tests/foundation-repair-04-tier-entitlement.test.mjs,2285,d9a16a7e844c8cd97ce3e491041e5c8120ee65ea09c979202ce81a9ff1fd9c79,.mjs
docs/archive/historical-contract-tests/foundation-repair-05-subscription-entitlement.test.mjs,2242,7119d2b756fa338190bdfd07a3a40780216d8be65c90c6aa5fe9d674454e65ef,.mjs
docs/archive/historical-contract-tests/foundation-repair-07-admin-capacity-override.test.mjs,1059,38840d690f6a790591c9174a33e17eaa1a9c4b03ba4521d1e1a9006e17243e51,.mjs
docs/archive/historical-contract-tests/foundation-repair-09-pin-authority.test.mjs,1356,a55b13a458a9be1e902ac539fecfdb90ed3249ce4dd846828372fc5af5b99d23,.mjs
docs/archive/historical-contract-tests/foundation-repair-10-radius-authority.test.mjs,1900,a85168885ee88df14e0f778e665466a5a9249a2646752b75eab5052aeed74352,.mjs
docs/archive/historical-contract-tests/foundation-repair-11-match-notification-dedupe.test.mjs,1416,f5c6044577235a797c1d18586cc2a8830cb8dec843d8770f4cea0271aee5049e,.mjs
docs/archive/historical-contract-tests/foundation-repair-12-stale-match.test.mjs,1283,75356445cc69237d1d0e627645851f6e56e8bce858fc254368f65535a238c9d2,.mjs
docs/archive/historical-contract-tests/market-patch-11a-audit.test.mjs,1540,29520b6a79046b589d6fa5f200cc645322cca6da80ddd6ea4061aaeac6cba896,.mjs
docs/archive/historical-contract-tests/patch-11c-r7-pin-authority.test.mjs,1569,2124e9c2cc9da6b29c592ebd99f48710c0233d7e77353e22c02ea4907a421809,.mjs
docs/archive/historical-contract-tests/patch-12-integration-hardening.test.mjs,2552,db255ee2f94e141d5141b67441e83ac7dc6d0bc6f25d131e8a209896f29f6765,.mjs
docs/archive/historical-contract-tests/patch-14-listing-activity.test.mjs,1776,32b248d7f6d21b1b559e10bb7246b6f3bb4c5d9e9d3d70e53783128bff622ab2,.mjs
docs/archive/historical-contract-tests/patch-16-listing-activity-contracts.test.mjs,1834,abc6cdf598c63d7ad7fd5e8750487d822a09e27f5ee45c08b1160d1861038acc,.mjs
docs/archive/historical-contract-tests/patch-17-contract-activation.test.mjs,1932,2bfd8e402702954932cd66a87ab4165055a6a7b637d8ec7f55c0ccd19aca7752,.mjs
docs/archive/historical-contract-tests/patch-18-listing-inquiry.test.mjs,2744,266b5647d9b92c64dc7f18a1e0f0a63816833e201e114de4356fcab74678646e,.mjs
docs/archive/historical-contract-tests/patch-19-discovery-impression.test.mjs,1745,d40e76dfde40949b0bc77839b4713cf773e444407911b20a58240cfbe2b6e675,.mjs
docs/archive/historical-contract-tests/patch-20-statistics-read-map.test.mjs,1024,7300f9da629202b247f931843917a78e68723076addd8a33e9b1fb68f4fa9a98,.mjs
docs/archive/historical-contract-tests/patch-25-admin-subscription-grant.test.mjs,1297,9618b7516070d450332f71c057e71263391b47dd47f461febc9eccbd03948f48,.mjs
docs/archive/historical-contract-tests/patch-26-paypal-cloudflare-hardening.test.mjs,1791,5b23ca5698213323c6e4255e2d94b788090f3951701567625d7cb3f7883b91d6,.mjs
docs/archive/historical-contract-tests/patch-27-market-data-wiring.test.mjs,2168,d1c80a787d76e3f03303e2e2822e3736ce48743bffd7fbda06b88236e4ff0732,.mjs
docs/archive/historical-contract-tests/patch-28-broker-hq-data-wiring.test.mjs,2103,61f098b929c0c4bb881e2efe9f6a5cdcd99ba402af55a43460ee9ccbbee7ff24,.mjs
docs/archive/historical-contract-tests/patch-29-broker-hq-interaction-smoke.test.mjs,2317,12aa2281eff34324e2eba2053f0718b1f5e5801ccfb8d467cb4de9cf7d041a31,.mjs
docs/archive/historical-contract-tests/patch-38-authority-wiring-audit.test.mjs,3046,37890da3290191f38056676bf1a3bcaa4f2f572a1b9ffa7ebcf4019308968e2a,.mjs
docs/archive/historical-contract-tests/patch-40-boundary-decision.test.mjs,2149,6c2f87339deb89e1dad0c8837beffcacbc5c0e3c0af89aedfcac5593d3ed76b1,.mjs
docs/archive/historical-contract-tests/patch-43-compatibility-inventory.test.mjs,2669,10f5a58a90a30ca71616dbda1994828da730db8dd6da19a5b2e07c2d334ff30e,.mjs
docs/archive/historical-contract-tests/patch-44-boost-compatibility.test.mjs,1585,98092e59d26c5cbaa285fa333d01892ed1ee2e39406dd3d6fe5494ce5f5d4656,.mjs
docs/archive/historical-contract-tests/patch-49-boost-parser-retirement.test.mjs,1848,47e7b0fbec7562396bb3f46fbe6ae32f07be2b3eb4223aca39954f131023b25d,.mjs
docs/archive/historical-contract-tests/patch-50-boost-parser-retirement.test.mjs,1825,2ba383d5f3572ab601955ea46b9d1b95a2244ae1c3739c1848a718292bd642d5,.mjs
docs/archive/historical-contract-tests/patch-52-multi-check-wiring.test.mjs,617,525f2c5e5890e91de14fa2cb6444d87cf2ce73664148338137898747c0f17a1e,.mjs
docs/archive/historical-contract-tests/patch-53-ui-ux-contract.test.mjs,2652,e8a4e4113a60b685a55aa18880516e8c63fc3f9d9cabdc7184a59ad0b95c3b86,.mjs
docs/archive/historical-contract-tests/paypal-cloudflare-contract.test.mjs,1253,143ebc3d6c35ac6813681125afe7ee78bd017e23358fb8221624ec71d7cc3c2a,.mjs
docs/archive/walkmyplan/tests/asset-integration-planning.test.mjs,2312,1bd6bb3bb8c4a61b2806a7912fea9b7d9290fa7d5aba2e5dc5a1ee1da9502a6b,.mjs
docs/archive/walkmyplan/tests/canonical-room-camera-door-graph.test.mjs,1459,ab8141080b977a51fbbc84ea88ba1462b602997ac1d8695c8a871cbd8f9899b9,.mjs
docs/archive/walkmyplan/tests/dd04-final-authority-freeze.test.mjs,2483,5d9463c89079ff73973bb90ee49c3b704816e7bb53657a7abdf29e03413a3411,.mjs
docs/archive/walkmyplan/tests/deep-dive-04-auth-roles-permissions.test.mjs,2248,8c5491157bb723995714d72c6c9a9e2803bb0683c686d9da45e7a0be4392a092,.mjs
docs/archive/walkmyplan/tests/hero-world-environment-shell.test.mjs,2178,5e928337de2fc8fe82639a5bf2e91ae313d2db3f7271b29fcde59396be98fb75,.mjs
docs/archive/walkmyplan/tests/role-contract-subscription-path.test.mjs,1408,c89714c3da17ae91d6e92fe1ddd28523633352fdab29a7917d9e5e3fd7c8def5,.mjs
docs/archive/walkmyplan/tests/theme-lighting-performance-budget.test.mjs,1757,814243e05ad135077bd2c6f3c44a9fe78db7ee9f0131344f40df9d02d6cd18a0,.mjs
docs/audit/phase5.5b-sh3d-merge-dry-run.md,539,a0913fba43d1ca376cf96c11e10209f9137c93ef54b74d00274f8e5e3778b88d,.md
docs/audit/phase5.5c-ui-spatial-census-initiation.md,1063,566e0e72a04dd93042ca917942026f52cfe16cdecb926d64ab3d485ec9e75df8,.md
docs/contracts/5.5G6C-protected-logic-freeze.json,3880,d7fc2a94993e409cb201285f5a2be95bcdc48e494e7be77d84cf594e278cd846,.json
docs/contracts/5.5G6H-canonical-sh3d-cleanup.json,799,347139f3b48f06bb78b2b29d3a86b40ebeea9f77dc1cd32153dec3e9c7b38a9c,.json
docs/csv/archive/audits/36-responsive-qa-execution.csv,7620,8a38ea95292468c10d62d00285c0e556fbcf1409b1f7c102495fb129873bf68a,.csv
docs/csv/archive/verification/31_responsive_qa_matrix.csv,9769,417854b542ceaf95e41bb88cc15980d2661815611aa5ea88c07e3b77510ee019,.csv
docs/csv/archive/verification/32_resilience_fallback_matrix.csv,5613,9740cb2a2db55558e598807ee4223ada2d0d17d9f61b5d7d1d4caf43bc807e69,.csv
docs/csv/archive/verification/33_role_camera_security_matrix.csv,2502,f775e9767d50f7b5e072e2795a0286164974275f2c5e06de474c1027f050109e,.csv
docs/csv/archive/verification/34_feature_wiring_route_coverage.csv,1037,58c5329c113deef9c30d83bf978b590c62e317ae1cfd5c285e98431ff5a2e13b,.csv
docs/csv/archive/verification/35_security_and_wiring_test_status.csv,507,e845866c209195cb3186d12c6fb6fa07abdd625091f732a1391ba524fa168165,.csv
docs/csv/archive/verification/37_theme_token_audit.csv,1166,d5d1bad33b053331bcb080fdf4e81515fd8346b5fbcb27fa9a56f3f0812dcb9c,.csv
docs/csv/archive/verification/38_security_leak_scan.csv,445,cf1cf9b1ebf74bfe8e72a4d53e1e2ab92430c1f40a5217d1ad7ef8c0938dab3d,.csv
docs/csv/archive/verification/39_discrepancy_ledger.csv,1054,4470f95eac58a1225d03c6cda74f657a7b4ed3133d9088283c349c20682eaad9,.csv
docs/csv/archive/verification/main-hall-visual-tuning.csv,1079,8307fb2177bea0dee8eb00a01155a057c73d086c6fe76039d8a7bb242c8eced6,.csv
docs/csv/archive/walkmyplan/asset-readiness-matrix.csv,5411,e9b8da05a8708f0a08f3f2ed79b8fb1f3b8622f76adde8d2c22e03f471bcbd2b,.csv
docs/csv/archive/walkmyplan/camera-door-graph.csv,901,8430cb6abf1c585d14d7a81a0f9b9993952d03a595c385747b5b3b1a14c09598,.csv
docs/csv/archive/walkmyplan/hero-composition-matrix.csv,2840,8820c5010aa4a726674e4118428fb3510e4456f2429781540db388fe28200c47,.csv
docs/csv/archive/walkmyplan/operations-role-surface-matrix.csv,487,205d845c41cf5196d217fda4693af41846e5cd2604fd3121f404f1f94a6a99e8,.csv
docs/csv/archive/walkmyplan/physical-ui-object-contract.csv,13289,49b6f71744271597f07a5c1981fb5af230a032b7a36cae83e5a3d5e8d40569d8,.csv
docs/csv/archive/walkmyplan/section-asset-binding.csv,12563,bdba54cabeecebeeef39973dd84790bebaf303c709bbc507e52d1d16ff8e0cd7,.csv
docs/csv/archive/walkmyplan/spatial-reconciliation.csv,4484,dff67c4bdbcaf4ad97fc0ef4a46c7f2d7b1e1441ff9c604f2cfa36113d506876,.csv
docs/csv/from-app-data/feature-wiring-matrix.csv,6050,c5fd225284d7d3a825affbe4e589182b182201b5365d3f700be9a4435bd3de81,.csv
docs/csv/from-app-data/main-hall-camera-object-contract.csv,12896,c75110b11bc5c705bd9f0804fc01284bb09a00ae456a19f7cc8cbc55876a0786,.csv
docs/csv/from-app-data/main-hall-camera-refinement-h01-h02-h03-h05.csv,1141,de0bbb979b02386fd49c8f32abe13c066a932ce75919850617b897d5818cfb4f,.csv
docs/csv/from-app-data/market-profile-physical-ui-root-matrix.csv,2451,f553e381606c08d587b4ecd363a7ec2d5298d242d53bc4e86c68a03e28dd65e6,.csv
docs/csv/from-app-data/master-page-room-pov-theme-role-object-responsive.csv,42703,0afc734cf5f912cdadadd66abe0b30dc3511aceb20263c7e2b8b4b702b7184f8,.csv
docs/csv/from-app-data/responsive-browser-execution.csv,12448,1537f241049d73867959eadadbbc09e9feee85bf5416fd8ad5d6437a4452be15,.csv
docs/csv/from-app-data/responsive-qa-execution.csv,7693,8152212f8573c590df1b6119fbe4470ad2f2851b9a6b8dba2d4e968259d6c158,.csv
docs/csv/from-app-data/security-read-surface-matrix.csv,1742,110c4501caea3d0fe4ebced13e07a8c47f398628441a5dc20c50661f658495ed,.csv
docs/csv/from-app-data/theme-room-compatibility.csv,1059,20f2c0d15f00676db9310ef694eeb5702e02c1b6cd4b70304d1ad3ec558caab9,.csv
docs/csv/reconciliation/5.5d-three-house-allocation.csv,3703,cac331f7981190e9fd1d5d1fed4e5714161dc512e1c2377770cca896b4aa1073,.csv
docs/csv/reconciliation/5.5e-house1-camera-anchor-validation.csv,645,638d9397458f0e681681bf30654acfe1422d19bfa41a9c8f7ec8112b9dfe610a,.csv
docs/csv/reconciliation/5.5e-sh3d-authority-comparison.csv,400,cfc9eec1f20e75fe8456788aea14bfc43423d6a253afcd79d80704aa459fef64,.csv
docs/csv/reconciliation/5.5f1-actual-html-page-census.csv,2581,9c03d9e9f6f665f008eb3a6519d7071d6afbc736606712eefc13c0cee654d910,.csv
docs/csv/reconciliation/5.5f1-ui-physical-room-completeness.csv,2802,74c94f661f8345b464b6777e5d80f795a274822141abbc8d52199013b5250f33,.csv
docs/csv/reconciliation/5.5f2-additional-sh3d-room-inventory.csv,5147,e75be12629f0e752e1dbed7c664c6c8c23310269b3f839f0b5888821d0059cbf,.csv
docs/csv/reconciliation/5.5f2-merge-candidate-resource-reference-audit.csv,69214,63ee32b68a85ece162aca75ddc35fb591844e72060377d487c9d2c8d6673a230,.csv
docs/csv/reconciliation/5.5f3-level-reconciliation.csv,423,95cecec1351f77d9540e1f62d2e9f37cfd47a261e4ff39108bcb3fcd41337dcf,.csv
docs/csv/reconciliation/5.5f4-three-house-candidate-physical-allocation.csv,8927,ace054c9c1bb8c311bce3df97e98ec777344871f85fca0994a6d013a098a4019,.csv
docs/csv/reconciliation/5.5f5-html-density-evidence.csv,729,478cdbef40cffa2284bd4676ab4167cf8f3d4bf6bd1f6a80b2813d71a0dc46cc,.csv
docs/csv/reconciliation/5.5f5-logical-state-anchor-hypothesis.csv,424,6adcddedd6860de257d1cc01b1b9f54cdba4e4d4abe454e6b28b1fd53d0b6de1,.csv
docs/csv/reconciliation/5.5f5-reusable-presentation-anchor-candidates.csv,9349,d0a297a53c5cf03e1c306266ade89f25dfd6f033b7e226a00190b382b89adcd4,.csv
docs/csv/reconciliation/current-page-pov-summary.csv,2263,c887d533024fb30328b9e237a47928f90ca86e059c677c2a79958e4934cfdf73,.csv
docs/csv/reconciliation/logical-camera-master-binding-candidates.csv,6135,19350843a067805d5cb675d924f83dabd71b4c50296e89a7dd6c3a0775457c13,.csv
docs/csv/reconciliation/logical-camera-reconciliation.csv,2821,660759a2ce25e7ce4daea0319979cd4ba903040a8b0ec2616f5a9ed54a5497be,.csv
docs/csv/reconciliation/logical-room-anchor-candidates.csv,1048,0bf41117fc3536af01e20a493fd34f56a5ab54fed0d6a2c93a4a8f8c6a23f44f,.csv
docs/csv/reconciliation/logical-room-reconciliation.csv,1167,cab0ee70efd10474be92ec0f41021498fd491e6787a59e619e53908e85836031,.csv
docs/csv/reconciliation/main-hall-section-camera-seed-candidates.csv,1799,1e867055937d124a9ea0fdd6d19557a0cf5c2a34689ae8eb217e534761984ee7,.csv
docs/csv/reconciliation/master-furniture-name-counts.csv,398,3b2b70e70273fe0768a4672463e4cb290c44b83a58703ff5618f18717f46d7e3,.csv
docs/csv/reconciliation/master-model-census.csv,303,8aaa3ef719cbed077711d7d9c727f8282f289c9a135260f34bdb56734e437018,.csv
docs/csv/reconciliation/master-named-cameras.csv,648,0e7bb26684170bcf2fbba4a39bdffa7c6f35f9ad74e27235c716ce987919db20,.csv
docs/csv/reconciliation/master-named-rooms.csv,480,a4d9ec1c2eb7e25bf0a382f7caee96031bc155bc4053d290f57b0bd1ae0d3428,.csv
docs/csv/reconciliation/page-room-mapping-candidates.csv,1564,9c8e98cc05841bdd172422268a96a03a5053a9369780a5951f9500e458c3e648,.csv
docs/csv/reconciliation/page-room-pov-object-working-matrix.csv,5155,e68ec15cf801c5111224b7be0a83c2f90b5cf5baa63f5d3b21b31555bb529394,.csv
docs/csv/reconciliation/page-section-pov-wiring.csv,13267,d68ff3a3b4e9942dfb1e39af24d669fb71dfc7d02ba81ed9555079109b0e0df1,.csv
docs/csv/reconciliation/physical-ui-object-reconciliation.csv,7183,61c49561a0576c8c07215b365739c8aa28d1563d1e72ec468243050ac28846ee,.csv
docs/csv/reconciliation/recovered-page-census.csv,768,a5567f0f7816169be59dd65579748f4bd14410c01f28692d04434a36cb36ab75,.csv
docs/csv/reconciliation/sweet-home-camera-creation-manifest.csv,9158,06ff4562a7ef6b810e4e8456cfd026b6d2ebb957e79f902b4aa7b0caed490324,.csv
docs/g1/5.5G1-door-adjacency-census.csv,6755,461945bbe5943a34cc25f0dd1463265bbb222ced5bb6b20c1523788af5ea052a,.csv
docs/g1/5.5G1-door-adjacency-census.json,4559,2e8afdd448763efd6edc6e442e3fc31a8c81920271488b5edd995cdfdfa10dbe,.json
docs/g1/5.5G1-door-adjacency-census.md,9695,2808ac837a5b1006c5617d165358a8132967fac215e67644c0ca9cca54402c53,.md
docs/g1/5.5G1-problematic-door-resolution.json,4762,368b337a6d6f2a17017c7b7b3695592391a33f325da1238a377c3e2f0004901d,.json
docs/g1/5.5G1-problematic-door-resolution.md,2323,550facc098442f40acc4ddd852eb1ae78dcc7f2da06a983f41c14717038c1442,.md
docs/g1/5.5G1.1-G1.4-continuity-index.json,1993,567488d3e6d70c4f65d88b827d5e30a5017496e95f118fa43c0c1066f1e8f525,.json
docs/g1/5.5G1.1-adjacency-navigation-reconciliation.csv,8642,2c02cac4768b9c5600cd7ccc14c16721b962e0d2fc15d1dedd644a4d6866dc1e,.csv
docs/g1/5.5G1.1-adjacency-navigation-reconciliation.json,2381,6506b7549d714456716e380252aff2f060dbde11bfdf3ef474cad062afee7057,.json
docs/g1/5.5G1.1-adjacency-navigation-reconciliation.md,2617,70837d8c2ddde7e7a323e4677cb404adef95e72fdfcdb3adc284a8bea05491a9,.md
docs/g1/5.5G1.1-application-route-evidence.csv,1284,aea54529db6baa94a933de5693612957c7b78b99861483b10805295e248021d3,.csv
docs/g1/5.5G1.1-logical-door-contracts.csv,2397,8b4ff6ad4dc9a7002c05f35a9d71da0e9d181558d42d320516c0569ff3ab9ae9,.csv
docs/g1/5.5G1.3-corrected-stable-adjacency-edges.csv,5498,fcc5d720209e098bdada0241675768302e8608ad61e9da107f6b1f6339e30e64,.csv
docs/g1/5.5G1.3-graph-integrity-reconciliation.json,3612,3b9e38657c81c74264c7a5c995a8f3c660a96aee7a506802823c566519b20ae9,.json
docs/g1/5.5G1.3-graph-integrity-reconciliation.md,2192,aaab6dfd9de705f7c1357cb7eed2c4058fec460640dcc5a0a172fa9a0d5b5f64,.md
docs/g1/5.5G1.3-unsafe-door-records.csv,1523,24ae55262a2be82065da39d2781b7b1e36af3585a9f523db97ff47ed9ef241f7,.csv
docs/g1/5.5G1.4-physical-door-endpoint-reconciliation.md,2035,2e78d7592ed8e3d904de69e8d88f88f462621e88864a03ad06c446f66e8f14a3,.md
docs/g1/5.5G1.4-problematic-door-endpoint-reconciliation.csv,2838,b2cc038be71db69d4ee511046d97041d288d3ebcaa79b985ea6c8749688e5eb5,.csv
docs/g1/5.5G1.5-room-semantic-reconciliation.csv,5447,f68265535576b4f5671ef9400cebc14e6922379ab444bfeefa4c7e9025a02d29,.csv
docs/g1/5.5G1.5-room-semantic-reconciliation.json,1285,f21951f4172776ab10526e35d1f03c1fd9c18b4b80bc0a23859556ffaa51dbe5,.json
docs/g1/5.5G1.5-room-semantic-reconciliation.md,1291,b0e3b0a74262e7cea9d3abe18f7214af4ed671b1ab4751c6cd8c927db08feb1b,.md
docs/g1/5.5G2-house-boundary-bindings.csv,378,9276a413fb8afd4372935eb38f54a2b9ce4f2bec86383415217ee76a8d460d08,.csv
docs/g1/5.5G2-stable-adjacency-edges.csv,10325,31e0d913efde590c397dd1a16e1c4a241d59aea9bd3130a2e450fe32b353a888,.csv
docs/g1/5.5G2-stable-adjacency-graph.json,1818,cd7bc5f8ca3ca0b8711dcae4a938532bddcc4280c0b0122484de1f5655d2dacf,.json
docs/g1/5.5G2-stable-adjacency-graph.md,1785,ff748ca48d542509f498a2154be267497b60c63d8e6ddb9fb3823fd4dff77580,.md
docs/g1/5.5G2-stable-physical-nodes.csv,2563,8bb4d801a89231c3c4210bdd61dbab7b2d1d0bc15756dbb2a84cd8bd15f5d87a,.csv
docs/g1/5.5G3-required-logical-door-binding-matrix.json,2432,424c9a0105c002f7a7ed6ffe331d1ab683dc7378ffe803ed8fcfc503645805ce,.json
docs/g1/5.5G3-required-logical-door-binding-matrix.md,1253,e3034f187c5229049a705e3551099a5cbc6f132f96e3dfafa78b1f3576d2c85b,.md
docs/g1/5.5G4-promoted-circulation-spine.csv,358,8c98eddf43d50504e5e03a55e7d2f58445f2323e1d43c14f0ffec0ac12834948,.csv
docs/g1/5.5G4-route-validation-matrix.csv,1657,36b608e3bc71cffe78e936128ac63cad53b7b9744fe92f4b6f9c801d70f8c306,.csv
docs/g1/5.5G4-route-validation.json,1163,0fa9c9e9a8ac1ca95ec249cc6ff97adba3ac62140532fd65302491b63a09be76,.json
docs/g1/5.5G4-route-validation.md,1200,9932e5aba2ed699ae05cffd4f8583e5f9f41987d6f3d5ab879ffffe11822d38d,.md
docs/g1/5.5G5-physical-destination-anchors.json,3347,5a30fa07e28990f0c96f1a649c84918938af66f7448c6e8866276a2292e7d022,.json
docs/g1/5.5G5-physical-destination-anchors.md,890,9423b87d457947e8126aa411b2aaec5ad9b8867afd61548174a80b56e782c948,.md
docs/g1/5.5G6-house-topology-contract.json,5369,cc2cf5e73f7be8d4b12a8cb38beb7ff3e080ad4cdba44a6d2399b7b48dd0e102,.json
docs/g1/5.5G6-targeted-physical-evidence-enhancement.json,1022,216fb92391d3b448f7c1d9501e99958f8cc347e52c25760d08f5a3895efbfc4f,.json
docs/g1/5.5G6-targeted-physical-evidence-enhancement.md,6750,53e23b019e999dd74a04c52409fea8df7abae55dea705038fbadcaf02c7debc9,.md
docs/g1/5.5G6A-house-topology-clarification.md,3451,b63c60380fa0108110d71ad9222eaf835ccf259c4ac0b2c15d6a049fa4c8ad4a,.md
docs/g1/5.5G6D-3d-runtime-audit.json,1188,a1d618d8c3dba652d2259274318e4d0cfef0dfdf94aa2821cb0212cab468a62d,.json
docs/g1/5.5G6D-3d-runtime-audit.md,6419,ccf4c6ddec5d60296abde3880961c997db6898358abab982b90282fd7e5263ef,.md
docs/g1/5.5G6E-canonical-camera-reconciliation.md,2036,432b9db29435f1a6a4fd72e02143dc9e938042085b691016ec0c6c47a435a96d,.md
docs/g1/5.5G6F-sh3d-merge-alignment.json,801,de2d08c0a32bf35ea3ece264ced79c5ed0eb7a1489a80252278a9491edb2d02a,.json
docs/g1/5.5G6F-sh3d-xml-merge-alignment.md,3295,ccc61ee5cc1ee5ac85f59fb20a16713abe74404dd9d16068ec5749cdc9d34637,.md
docs/g1/5.5G6G-final-three-house-physical-validation.json,1115,86d3dbd7683d55c661c17753115ea61e8075207248769572621b4e8c57722386,.json
docs/g1/5.5G6G-final-three-house-physical-validation.md,3969,93d83a9065b26f8be97cda1847ba0865cb1236418514bc0f7d4945e87764116d,.md
docs/g1/5.5G6H-canonical-sh3d-cleanup-audit.md,2153,17313814058522cc66a8979bfe1840b8ff4c8da33c332fe92b19807528845e83,.md
docs/json/3d-contract.json,1346,0a1ae4ecb77541d392416b43c5efe7e69ccf59e2c47a404369c00d62ab987413,.json
docs/json/architecture-validation-reconciliation.json,6374,2593c44b9f101e7bdbda299c2441ed7853d9e8830d86b00f4e8520043b6393b2,.json
docs/json/archive/evidence/guide-manifest.json,112422,b434d88351cce49ebc7431760fa7c33b25ce63d284f735c18bcadc3dead5dedb,.json
docs/json/archive/reconciliation/3d-authority-reconciliation.json,1658,3b130ee8d6717a27a35470efe00d572e5aed5059c122ad3ec33b17ca6109ba86,.json
docs/json/archive/stray/INDEX.json,1090,d41dc337353c77518fc428829398f008dc4f53550234acc98bcaff5a7c094c00,.json
docs/json/archive/stray/PATCH-53-UI-UX-CONTRACT.json,7102,a2213eb2c4a00cbe94f45400a173b1e58c542bfa52b86d3b3b89828bbf30505b,.json
docs/json/archive/stray/routes.dictionary.json,3058,c5bce7652b28bdcdaa9e05d72fb5894f654f730ad8fcbfe55c5e93bf3b684d05,.json
docs/json/archive/stray/ui-ownership.dictionary.json,2291,eeb1c6f7b2d6d485d89ef05a44db422248ea6c77095c80cd115693abe20485bd,.json
docs/json/archive/verification/41_phase9_summary.json,171,1b943431dcc6104f2a6ab6b17be1abaa0319347fdfaa1e9865cbe98f2d0bb08a,.json
docs/json/archive/verification/refinement-manifest.json,1456,51dae12ba9ff44ce9fffa22b3149a9fa1e0aaab65d78fd4d4622484dde38b22b,.json
docs/json/archive/walkmyplan/MANIFEST.json,1839,8f8902b23a18e524978649c70ce620440694507347606caec664ee7f8363c124,.json
docs/json/archive/walkmyplan/asset-integration-manifest.json,17042,e66ba726f0eb1a5b55d7310d01af2968295d705aaeb338e0142d6180b7270d5f,.json
docs/json/archive/walkmyplan/asset-loading-graph.json,1686,caac53821eca0714d9f3b5d644ea08ef73db84db8c0079491a667f474cc4e0cd,.json
docs/json/archive/walkmyplan/asset-source-license-contract.json,765,00eb76248f2bc6ecf8229354ff150f65a705568f42b9e7f2b4bd0814a81bbafa,.json
docs/json/archive/walkmyplan/auth-identity-route-capability-matrix.json,4215,1eb0ac9b9d47cba75624b163c0a630d69a0536b2cb9f4a50c06d982194efac1f,.json
docs/json/archive/walkmyplan/camera-registry.json,9286,8922a7ed2f8d6b4452422df62342730f3e6eea702a6755da97d6fde06c953a25,.json
docs/json/archive/walkmyplan/canonical-camera-door-graph.json,3907,d9dc4306a4916186f809fd45e4be1495c7883fef9fab2e2c79957a5262d426a5,.json
docs/json/archive/walkmyplan/cinematic-transition-contract.json,800,1f3e8dd5893dadd191278e597b0b7b140856779e98b440db935d6a4a25cc1fb2,.json
docs/json/archive/walkmyplan/door-registry.json,4320,7ff7ead376ad8627a7df143c8f4ac764e012736a563250c8d18f0aaf387b99a8,.json
docs/json/archive/walkmyplan/environment-shell-registry.json,1299,14dacb281fe267cff9622133085a65fec97855cd88b2295181db48e37c1d05c2,.json
docs/json/archive/walkmyplan/hero-asset-contract.json,920,a0ef02f46ad3c9b39569572ca50e956daa58df5760196ccfa0bb4077b9be5d34,.json
docs/json/archive/walkmyplan/hero-composition-matrix.json,6013,9ed116cbfdd654e1aa788ffb1950a48b23c131ed4611df694902642a9658b3db,.json
docs/json/archive/walkmyplan/hero-world-shell-registry.json,3240,46599db4f5654727f5f5704c8c621eea97f681d7c53d2ee5aadac42702c86662,.json
docs/json/archive/walkmyplan/main-hall-zone-object-map.json,2213,a1b6621a957b071f8138193c1ff85ecaede45e2c1dc937f397d0d92cb6ee4440,.json
docs/json/archive/walkmyplan/operations-role-surface-matrix.json,1918,bfae3a9e1bbee25bc4bcf037d50f7d7bfca22960186619fdd6d68fdff44fd451,.json
docs/json/archive/walkmyplan/performance-budget-matrix.json,2207,83af39303117484f9dc106ec16f2bdda9e913f48d976dabde38e0db7cf570a06,.json
docs/json/archive/walkmyplan/physical-ui-object-contract.json,1054,e9832697957a151c91bdc3e6e99670c5d4fc8eaf2abd0310fa43ae64f4d30aae,.json
docs/json/archive/walkmyplan/physical-ui-object-registry.json,33521,ff09635fa9d13112798fbe8502d623158e5a03d2c444a0b2345fd80e99bc69d7,.json
docs/json/archive/walkmyplan/role-path-matrix.json,3391,3a693deb6c052b9a37716069e67edb69b7029ec17c023329326ecea63d1dad33,.json
docs/json/archive/walkmyplan/room-shell-registry.json,4770,44abd96f6d7ee42708d600b15876d931ad676eaf0f2ba3f7a2756578b6b09857,.json
docs/json/archive/walkmyplan/room-theme-performance-map.json,2528,fd4e993d648d423f7da235c40abca98ea36bf59aa589e0181ccebfe7a9e87458,.json
docs/json/archive/walkmyplan/room-zone-registry.json,4803,fe1f428b3a50ecdb1c7418533e8c837b01cdb89d17128b83c5df2c8527b77708,.json
docs/json/archive/walkmyplan/route-registry.json,2263,81884da0648dfe289c0af01e72e7365abdcc7cf5790a540add1a581149cd4238,.json
docs/json/archive/walkmyplan/section-camera-choreography.json,14938,40f84b8ce733db15fffa644d2f9522c0c14c3716f6421ef9398b9d5b24585302,.json
docs/json/archive/walkmyplan/security-camera-registry.json,2510,a5743f0b0805b644908abe61ef939b95c9e3b96352253978f0b52195ca73137d,.json
docs/json/archive/walkmyplan/spatial-reconciliation.json,12197,dfb3f97f37716ab61f421ad27bf71e7a764d27833d694a622a0daef516f0ccd5,.json
docs/json/archive/walkmyplan/theme-lighting-contract.json,1782,fd1ce146b78cd97a6f8b514927791b1ec7b09e4eb7f70157e3e85151b456684c,.json
docs/json/archive/walkmyplan/visibility-performance-policy.json,821,081cb17507cb8d1164f9b09c1aad9b305aca92fccf38ddef47205cc2b5a3dc4d,.json
docs/json/auth-contract.json,302,6168c4944a489528e15730ea2719565ebc5ffb600dbf9bd0a1f2cbddf9faa359,.json
docs/json/checkpoint-manifest-root.json,4539,e833607641e60df7c7f11459aaf62c101940b56bc7596af8fb8e6e83c5089778,.json
docs/json/checkpoints/checkpoint-2026-08-26-three-split-migrate.json,1880,06f8199228c3e69d7783560ce8a2557d011accaffd4ac4f8b496f3f8c99d49f6,.json
docs/json/contracts/broker-application.json,830,48d8385d1c064d14557c18254c60de3821cf45aa926868455c819f4ddd9733a3,.json
docs/json/contracts/registration-abuse-authority.json,1271,8cfb976460c6dc03a686f5921a6943764be27f0b89aa1640ff8a8be46e9ed9cd,.json
docs/json/contracts/support-ticket-authority.json,1600,60b4172184611fe4014850efb3a0e5575c6de8648a1b4d6473a4cf8f21b83dd5,.json
docs/json/data-contract.json,217,d869230d735f4c457cbce63a36616bcebe68601cd41bfa64bd7b2f23731a79f5,.json
docs/json/firebase/canonical-data.json,761,084757342b5970513c70f2caddeb8d4a607b6a30480109e7dd45dffdd96f4ab1,.json
docs/json/firebase/canonical-roles.json,742,691b08f171c22211fe32d244149f6efc0ca3eb5bef77d3af84fdab8bd47e35bc,.json
docs/json/firebase/kyc-authorization.json,1539,ae142c57c6a9376d0878a23c4f92c8bc903d278da742fe5c9bd6ea0cde540176,.json
docs/json/firebase/route-authority.json,2797,3ebdf18a09c92db1015c49bc29bd90c960b43ee06f3afd31304124e0a6d653cb,.json
docs/json/firebase/user-authority.json,1154,1d84237316f3d40929ff6ced6db26f1f703fd313f389356e35e2d28af5a0ad14,.json
docs/json/project-authority.json,1690,1764305f8b97f879c2619faab9635dea8b2b98c71bec47841fb7fb79db20d6d3,.json
docs/json/reconciliation/3d__docs__model-census.json,584,badc9760e7fa2d24f2f59436471971b70ce7f25bf8ca6aae1e15436a2126f3c3,.json
docs/json/reconciliation/5.5G6E-canonical-camera-binding.json,2613,15023837b73589d6cee61965d4c6471089a10a138520240ac271a2f07f4dc266,.json
docs/json/reconciliation/5.5c-v2-execution-2026-08-26.json,1261,4e728437f1106101c638ef3202630ebb1f3d5d7bda42c96c9a0f1322872197ee,.json
docs/json/reconciliation/5.5c-v3-historical-contract-reconciliation-2026-08-26.json,2404,5b7e0520afef4c6799bdcc33303ae9b307745c67d59df871a9fe81810c1a502e,.json
docs/json/reconciliation/5.5c-v4-patch57-cinematic-test-path-reconciliation-2026-08-26.json,1148,10c263347e01bf04f35e6bb2a030007ace826d905a204af8afc0f0800ca540cf,.json
docs/json/reconciliation/5.5c-v5-baseline-integrity-2026-08-26.json,966,efcfd6172c215879caa0b3bd7c576dd2cdeb290446b9774840deb16b14c1a90c,.json
docs/json/reconciliation/5.5c-v6-baseline-integrity-rejoin-2026-08-26.json,1284,8ba02adfbe3f9583edd82b22ff9bbc9fd99ed6d8f6870eec45319d5f7ca10883,.json
docs/json/reconciliation/5.5d-physical-travel-contract.json,1372,fc25aac6531a30ac2202995b1f150180def48109501cf10581a797266f2084e6,.json
docs/json/reconciliation/5.5d-ui-3d-presentation-contract.json,3878,3251da4ae1d47fc2865ccfc59f6f68cde64bb0ecc5bf50cee8010610fba90c52,.json
docs/json/reconciliation/5.5e-canonical-spatial-topology-proof.json,5400,0dfb46dd4098826fc6b379ea17b9eb9d83b420a87606d8e958f147afdf8f5c0b,.json
docs/json/reconciliation/5.5f1-ui-physical-room-completeness.json,1528,cacce87988acea66941ea8e75b1bffeaae5a8ab03842f774ff01eb614d5bb467,.json
docs/json/reconciliation/5.5f2-deep-additional-sh3d-census.json,1990,e5f2e96b2be2f3eee75d3f29930c2f7d78d675f8f8a4b4bb06b88312c29833b9,.json
docs/json/reconciliation/5.5f4-three-house-candidate-physical-allocation.json,1139,6b2bc9c679a832d5e069124e9b9720ac2b3bbf62f9a1a75e3bc30371c44c2b85,.json
docs/json/reconciliation/5.5f5-return-presentation-contract.json,466,dea28aa6623d41bfef14ef091a3761dfa8e66dba0a790061a4c83c3bf5999c5e,.json
docs/json/reconciliation/active-suite-failure-classification-2026-08-26.json,410,e15d61b1b0233197d63691841684ec1a5e9d1774a4e665568269506f47111839,.json
docs/json/reconciliation/architecture-validation-reconciliation-results.json,7321,a3e7880fb85f7532a0940957d10d1cb1ce8b44e48e491138801fcd84b233869c,.json
docs/json/reconciliation/cinematic__WalkMyPlan__data__camera-registry.json,9286,8922a7ed2f8d6b4452422df62342730f3e6eea702a6755da97d6fde06c953a25,.json
docs/json/reconciliation/cinematic__WalkMyPlan__data__physical-ui-object-registry.json,33521,ff09635fa9d13112798fbe8502d623158e5a03d2c444a0b2345fd80e99bc69d7,.json
docs/json/reconciliation/cinematic__WalkMyPlan__data__room-shell-registry.json,4770,44abd96f6d7ee42708d600b15876d931ad676eaf0f2ba3f7a2756578b6b09857,.json
docs/json/reconciliation/cinematic__WalkMyPlan__data__room-zone-registry.json,4803,fe1f428b3a50ecdb1c7418533e8c837b01cdb89d17128b83c5df2c8527b77708,.json
docs/json/reconciliation/cinematic__WalkMyPlan__data__section-camera-choreography.json,14938,40f84b8ce733db15fffa644d2f9522c0c14c3716f6421ef9398b9d5b24585302,.json
docs/json/reconciliation/cinematic__WalkMyPlan__data__spatial-reconciliation.json,12197,dfb3f97f37716ab61f421ad27bf71e7a764d27833d694a622a0daef516f0ccd5,.json
docs/json/reconciliation/current-validation-baseline-2026-08-26.json,1838,1d5c7dd84ee2a5894a47cb4701390ce3711f86698a5598d7fb0bde97dd090a56,.json
docs/json/reconciliation/data__house-camera-rig.json,2026,7dc0b14b77ab70baecbcba5d7383747a31d2b23df89c14cc5308b0edd8edd0c1,.json
docs/json/reconciliation/data__house-ui-map.json,2804,5e02d080b77e029f9c9c3ba33aa496eefa24f18a59229fe6bb82bdca757b44aa,.json
docs/json/reconciliation/data__house-ui-ux-code-reality-map.json,9595,9abf6dd157fcb050ac46a23c27d374bb67def65978068682e1b65c1b16f64c39,.json
docs/json/reconciliation/data__physical-ui-objects.json,1520,d2dc962201a805b33047d6b3b5f9cfc5c2956b412bdf641ecceff88942fe8e53,.json
docs/json/reconciliation/data__ui-response-mapping.json,42018,fe33492af62c495841a26bf1420507b071a93806ebc9627f20dfcf1d9e5ec7e0,.json
docs/json/reconciliation/first-seven-migration-execution.json,1332,3750dff8882b37ff20d34ea17b5d46a909afbefdc0fa5251c7cb225d44b051b4,.json
docs/json/reconciliation/four-archive-execution.json,580,05b9e877617138c3bbc44348bea151a0e02c14d0503cf007d78247eda37df830,.json
docs/json/reconciliation/freeze-manifest.json,1545,c17c199f2c9cd5c592843d33a21b515f18282ee4cd42358d6a174a36783c7b67,.json
docs/json/roles-contract.json,768,2a46e82d87411b26e819b559446446566befaaf34c166167ffa3a56718357b3b,.json
docs/json/routes-contract.json,562,cae3d16a20e37c77ce97ce53a85732c2e52b4695f229bb3c2eab09c1c68e4c75,.json
docs/json/storage-contract.json,218,61a99701a10eab22c5dfdefd3e6ffc0c6ddc27e8ce70f982ebdaf7395e6c45c8,.json
docs/json/supabase/backend-authority.json,858,9933d24a9175836a35baa604e6a2ff9c62039da06e048497f32d56876839cdb3,.json
docs/json/supabase/storage-authority.json,1136,a83003c33a6078d9f5ec032e57830d12a993a4b2d5721ce0e213026e2ce5350c,.json
docs/md/3d-authority.md,1148,192449e919199623f1d1ee8b8277b78d71078c320b62017c96cfbe1ccdfe1975,.md
docs/md/3d-model-census-verified.md,960,407b2662a675b9673aefce5e60399154232332441a109b8ad685bc377084e23e,.md
docs/md/5.5c-v2-current-test-path-and-role-migration.md,4175,39cbebc4430dc59015a86d3feb78074a91ebd6a82507333b183efb9b7b767075,.md
docs/md/5.5c-v3-historical-contract-reconciliation.md,2221,632647010dd424434e7dcbff54cf33fc90a638eab31bbdcb5546babdbbc5b5aa,.md
docs/md/5.5c-v4-patch57-cinematic-test-path-reconciliation.md,1829,aed0e88a8425c32da2e5bc114715fa611ac9738ffa0949e5d4ac9413e2e26181,.md
docs/md/5.5c-v5-baseline-integrity.md,1357,320ca9a98e0e3db8b4c6aaf4b38cecec4c5d55b3ef72bf4dc570460af7b0cde6,.md
docs/md/5.5c-v6-baseline-integrity-rejoin.md,4215,f311410e7a03240eeaf1a06fd2bcfedfede00081a42ac5fcffca3d62959da321,.md
docs/md/5.5d-three-house-allocation-presentation-contract.md,2427,ee4a2ce3a891a909a1edb9624f771a6e83b0092dc29f92351ca2bb9db5123012,.md
docs/md/5.5e-spatial-reconciliation-proof.md,3632,b8e835b9b8b14c3b7b9d66f0fdc683fdbd759338e4b0ac96e7f4eefa181620d8,.md
docs/md/5.5f1-ui-physical-room-completeness.md,3563,d843cb82939bda22607f2fc53e0cbd9a23509c41dbf27a97debf199aa10bea8d,.md
docs/md/5.5f2-deep-additional-sh3d-census.md,3091,12fe479de850d5a34abbe02bd78e2642a66be4bd67de78b2db2d2d6ae4d68ff2,.md
docs/md/active-suite-failure-classification-2026-08-26.md,7346,a8bd746670b031a385431d628401bfce24b3db77c0c1b35c6bbfe99ff04e1ca8,.md
docs/md/architecture-validation-reconciliation-results.md,14156,bf95ce3adbf086fa8db8f676157ed5dfbc90a54dbb8593fff810ef6420ad6344,.md
docs/md/architecture-validation-reconciliation.md,7399,0af98963c110ef986add4b0ad895551aa4a858dcf50aed4302d409a13b89effb,.md
docs/md/archive-log.md,581,f583d92af2815a0d407930299998b163dd389f4075ff97988ca1e3e0f870343b,.md
docs/md/archive/archive/01-source-of-truth.md,4246,d4fad9e2ad001752db1fac57cc63ef50cc392f8fd7c454182d018688fe9c137d,.md
docs/md/archive/archive/03-product-routes-roles.md,2215,e17437daaa75c444b6b6df60813f106147eb7ae42b0ab980614649bf3557ffd2,.md
docs/md/archive/archive/04-data-backend-authority.md,1759,875345d117abf14e30e026127bc58e1d33a9590a29a8fcbd9be340f14ddaec86,.md
docs/md/archive/archive/09-sweethome3d-sot.md,1976,2844cd7d21feada07eeac63d718a5861fb4388f15b8c1c9f3d5715cfc503bfea,.md
docs/md/archive/archive/10-sweethome3d-model-census.md,1274,77fa1e76105170670c39a05591c36fc2282602cd1f512c3931db67e7b0c96b48,.md
docs/md/archive/archive/17-verification-testing.md,1652,8b717bb39ee945417892e50411b98f95dd1fc07c0d93446cbb75b79811465dd3,.md
docs/md/archive/archive/18-roadmap.md,2061,0c3e9f50eda4393e0c708f7037088cd82e60badea917af9bbbadd0f98f204911,.md
docs/md/archive/archive/36-phase8-integration-audit.md,2376,9011a5cbaf594d8cfc518c2aa66413980211cd794f6e40b2a01db24d6f044000,.md
docs/md/archive/archive/37-phase10-public-profile-responsive-audit.md,2794,22a30b70303791d716182258b5b08631881ad5eb9f55c8931dec5b89af9a6e94,.md
docs/md/archive/archive/40-phase9-theme-security-repair.md,936,9ac6144b29da2e26edb8fd4dd435fb10b948dd9994ee982f7245fd12429f7b3b,.md
docs/md/archive/archive/readme.md,327,956125495c053199c84710cec7fb84ec58fce3747c3771627c0fa7386b73568c,.md
docs/md/archive/evidence/2026-08-23-attacker-capability-inventory.md,6000,6006399e8df1870f3642401ab8333779e3c2e353e4b2e45dbf784b37785b93e6,.md
docs/md/archive/evidence/2026-08-23-authority-audit.md,1579,1af4c334194dca4a43698d612f4adbbab120fa0d9f90b7633eb0d4af727ede9c,.md
docs/md/archive/evidence/2026-08-23-firestore-ticket-notification-graph.md,3395,47bdff9dbf75e9f04819618c9c38e3c83ed80d0ed376524f8c5ba4f22e435f01,.md
docs/md/archive/evidence/2026-08-23-input-upload-hardening.md,3620,f74982ff0d145ce7fa868928dba8307e7981bfcd9b3187b2b983ffa712e0462f,.md
docs/md/archive/evidence/2026-08-23-registration-suspension-hardening.md,2164,7d0528396b92d5efe4d42169398a6d969c6df6077b4c4cd86329547870309028,.md
docs/md/archive/evidence/2026-08-23-support-ticket-and-role-dive.md,2059,50966dc9e2f5fce832f6e174d9fd3019fe69d7c14db15025eeb64499ef1d23c0,.md
docs/md/archive/evidence/2026-08-23-user-authority-data-graph.md,3097,27b561558234d3e5e64d572c80cce581474d23ba5db061639d55eba5b714af4a,.md
docs/md/archive/reconciliation/2026-08-23-authority-migration.md,1979,80507fda507c4355f3228ff4c4b5666a24aa8d44f0cc3846a19542b0683b4e70,.md
docs/md/archive/reconciliation/3d-authority-reconciliation.md,1274,39d04fe7b7cc33d83125f46254b6290009e3d7d8183f802f40e71c771fea2779,.md
docs/md/archive/stray/NEXT_PATCH-legacy.md,214,14bb2b0ce6d7aab9593929d6e0c571107f65513794e90faa7f5542764a88ffbd,.md
docs/md/archive/verification/00-archive-and-evidence-policy.md,654,4d044151567bcaa2bafa1494e5c26923a34b9a860e3bbcad8551e8a922348edc,.md
docs/md/archive/verification/37-main-hall-visual-tuning-review.md,1330,6ec11c2e53bdeb81f698d5a15b7ca698b4ec1eb789d2169f64487ab6ee2e90cb,.md
docs/md/archive/verification/readme.md,302,021b4dcac89606f6a596a15a9fd8ea2b674fa5c26bd171a54fa8f5249155cdef,.md
docs/md/archive/walkmyplan-pdf/A4.4C3.3_Camera_Door_Graph_Printable.pdf,3932,b0c9be46f59a2cc4fa146143ebe4e54c83ac3f3f384042bb70680ac259ac5acd,.pdf
docs/md/archive/walkmyplan-pdf/A4.4C3.4_Hero_Composition_Printable.pdf,4559,973cd91915f5ff9a7659f4010424d3bb0e4892bd81805aae6e394abf5a13bd66,.pdf
docs/md/archive/walkmyplan-pdf/A4.4C3.5_Physical_UI_Object_Printable.pdf,4937,1d9681eb487d90b10521e6bcd032132f2b7c50381e71fd88595773dc0be0ebde,.pdf
docs/md/archive/working-notes-spatial/animation-camera-door-contract.md,1669,1c8079d65d57e0eaffd7ddf1a9113a7811ddf845ddec7887bb1f469915bd958d,.md
docs/md/archive/working-notes-spatial/auth-physical-ui-propagation.md,1232,69dbf48c582d37ab6f5ced7f8dee33e3ddb048a356eb44b1f25500fd013ef72f,.md
docs/md/archive/working-notes-spatial/main-hall-camera-object-contract.md,1477,a49b97a5ac57012976a3fda9078b8dbf610f4f632761f2b2e2be4b18e0ae0bdd,.md
docs/md/archive/working-notes-spatial/main-hall-camera-tuning-phase13.md,643,a6ed151aaf32bd551590b2aacf5d98217a422f39840ccfacbb615e2474bb77db,.md
docs/md/archive/working-notes-spatial/main-hall-physical-ui-contract.md,1244,cae0f7212f8d2c996b39e759e07ced6b9fe54da60ec71dfd76ff39f8d2f322ce,.md
docs/md/archive/working-notes-spatial/market-profile-physical-ui-propagation.md,1355,d5ae65b036f52f0d44103b2e0507e9125a32cca1c37ee858c05b81a10908764c,.md
docs/md/archive/working-notes-spatial/master-camera-contract.md,1266,1c83b93bb9b9fee65b3abab948344ffc68d80dc2421953ab5598d9d2736da37a,.md
docs/md/archive/working-notes-spatial/physical-ui-objects.md,1584,20e89fce44d75936d9052c090ea1df8d092ba57202b3279f65bf4c5339a53cfe,.md
docs/md/archive/working-notes-spatial/spatial-reconciliation.md,2344,9d6fdeead0c798980daca4c68accc3c73eb6f38431a0d96a3f963f4c204959de,.md
docs/md/archive/working-notes/third-party-notices-full.md,59451,37121dc0034c4b90d7e047e4bec8cedd980a80b47874dbc7f64648306cb0fdd3,.md
docs/md/authority-model.md,890,3a4d68f71dd53472fa561ed6da1b7d49bf1d05d5f8094eb0329108672a4e1045,.md
docs/md/camera-and-spatial-authority.md,3319,75dd1cdf8ca9778ea7a1f03ee997c7e9252bf4addf248db8435d5b0d158dc580,.md
docs/md/checkpoint-policy.md,1014,3d0202498c235f51f70dd6dbe3b99815eb2494e8e146689fcdd536fe104f7bf0,.md
docs/md/cloudflare/README.md,195,3e491af91f52567a262187da833f3513ba142a840f263eb207ae4e35a169192a,.md
docs/md/cloudflare/archive/patch-paypal-cloudflare-hardening.md,2141,920045b701f24f4dd55cbed5510d43f1bc64819b17155f801a0bef370663da87,.md
docs/md/cloudflare/archive/production-checklist.md,1754,05898b7a7084ee210b7c9d6524030b279972cfa01e6b174e5d6ec6d9c1f5a652,.md
docs/md/contracts/README.md,618,955bc70d3293b47d977461aa0a7506cc6f0b6c520025740cadb00ebe79bf58c0,.md
docs/md/contracts/authority.md,418,f026bbb3ccc4edd65723842ba22c374ded20dd900f0f5c745e03e63b154c696c,.md
docs/md/data-authority.md,521,af5736ececd8491cd3c97de56de3d5cffc00b91510f500ff240021c62a2062f2,.md
docs/md/dead-files-and-structure.md,1311,542edb4c987a3c27b65b2abc653ec7f2fc7f1d96f65750d22bbb79aaddcc02bb,.md
docs/md/firebase/README.md,707,41298d420643d84cf191579f5aa2cf30c68b7e32d104f77a16127a76f22a3c46,.md
docs/md/firebase/archive/firebase-supabase-authority.md,2084,383df4ea0812d4569c4bb3892a3b17cc4f839d4d800ed691f515b23a19965d93,.md
docs/md/firebase/archive/firebase-supabase-deep-dive.md,2593,e6bc732c4d86f8f31bd98f27f79f5ea3b731f7614d736396b0875bbebd6200cd,.md
docs/md/g-series-complete-merge-2026-08-27.md,856,4592ea8b45c15e11bca1e9e5c1a3ea011c871002193e1f97c636df21b255d943,.md
docs/md/g1-merge-2026-08-27.md,760,ee68ad54b01c095f01b98db2cdffcb89d7f35bca130beefcb4a23adb0ede6840,.md
docs/md/index.md,4760,83974427c9421631f27ec2a76453545544ce680fac2da340ad3d7888c957afe5,.md
docs/md/m0-to-p08-summary.md,6824,5f209e7a0362c193610349ccff410fc7454a7a9c6b4c99b7e514f39bf21c4396,.md
docs/md/m1-runtime-boundary-resolution.md,1900,6ea215f512de44be794f941ecbdd458cbb738a7ef64c50b7dee98433138cbf90,.md
docs/md/m6-gate-lock.md,667,cbdfdfbc561591f494deca677d803e10855c0668f1f213f3d1975095ab1ef198,.md
docs/md/operating-guide.md,3060,bb212c7c06a38c7f1642566881053fc40394a1f0031f0f538550803359e4d0c0,.md
docs/md/package-readme-archive.md,1052,e9b1b0e5acd52dce3e89c7ca6becf1389c123c13abea118d0175438a10ea6993,.md
docs/md/package-structure.md,449,611e04c61afaa54834e3880eabffc1fe2a29abe12df54754ab3220ddaec2d94b,.md
docs/md/paypal/README.md,252,c4da92af32d1d9621a6f175d4843361b7bd9dca7000101bdc24e6551de0cf5e7,.md
docs/md/paypal/archive/admin-subscription-grant.md,2181,409399871533fdef48790e15d3b1ebc465c8fd9ca3f01fc80b6a9609ae644abd,.md
docs/md/paypal/archive/production-paypal-cloudflare-contract.md,7728,4258f4334e634f392dd5152d54c26cfd53244ffcce2133a1b62a16adefeb3f01,.md
docs/md/paypal/integrations-payments-edge.md,1761,7529c1719a16bbf934516a6e8029a95f5decf5bb30988b72999ef2f69768cb81,.md
docs/md/project-authority.md,1646,88b6fc597086a69c15d3fc400c7ab4119410efc55a2400ec99dfb0abdf3945d9,.md
docs/md/project-state.md,343,c06a6345328c814a91ab488e3fbe78cc2159786b4127037f3225f18cbb2df5d4,.md
docs/md/reconciliation/MASTER_SCENE_REFERENCE.md,259,5a07422243afe895b5b9563942e5d80db0e195feb35d92f0804fd50016069963,.md
docs/md/reconciliation/README.md,473,657a819ab4c3e5759c39133757925e27adc9ac4b5e73a1bfe82ec0521fef2c55,.md
docs/md/reconciliation/living-authority-and-next-reconciliation.md,4223,8e516148d1f128d5903ee082c809f2bd8d99c38fbb099097c8077a3e80d218a4,.md
docs/md/reconciliation/migration-reconciliation-report.md,1757,ca02cd3644f41248173ac338d1d3f7fe953919b97a5c395fb040e501523c6233,.md
docs/md/reconciliation/page-binding-workplan.md,2112,bb1574cc11d3b3b4327ec7c9772c5b39330d1ec6f474de544d14ae29f54be24b,.md
docs/md/reconciliation/pov-wiring-phase-one-living-note.md,1536,22a66d893060693718d5282e9619b3fada4f6ad89650242e91a9868f2a5fc9bf,.md
docs/md/reconciliation/pov-wiring-phase-one.md,2413,729b19925112ad3b42649af6ea5ff71a2cf231d617831d1777b16a41123428ab,.md
docs/md/recovery-provenance.md,613,b821f82bc1d913e85e33c8565c28fc66c18d7edcd7b7b11eb1804557a8fcbd65,.md
docs/md/role-authority.md,306,81d9d6374d4833525877a946d262bf831af7e75b2fe213b8edb14a592b7ef249,.md
docs/md/route-authority.md,317,4d883b0d510dc86315b55becd32490735116653aa098fd69c48d24b3472b2d3d,.md
docs/md/sot-checkup.md,3133,baa0e43a7aa70b26c871c7c7ff1154aabfc87e678f282dcd4fbcc6e30bbb0295,.md
docs/md/supabase/README.md,377,44cda2766427f380ea29ccc81fb0c527151d469b60a7ec94fcc07c0a3bd25b44,.md
docs/md/supabase/architecture.md,958,f7b82ca5e82f88c63717029380ca290e36612bc4aab221e8b30c7d792315acf6,.md
docs/md/supabase/operator-playbook-full.md,11821,3b73a88df71018194a15cc7ec9b0d5313d436eb434794518538c7424ad5af44b,.md
docs/md/supabase/operator-playbook.md,1512,ef0f2a77365665fe406c0f40f6891b16d573ae9fbe1d286afd86729c18176ca7,.md
docs/md/verification-model.md,292,21bb501d9ab19f661d2dfb6413afde1042b0460839b5d93e4d64609f934aeec5,.md
docs/md/working-notes/animation-object-responsive-contract.md,1636,72294d3c03d0a4ce49f1ddaae6ff7af15dfcd3c9f60cc13657924dec1346c6db,.md
docs/md/working-notes/change-control.md,1406,3c44e2cabfe125cbca9a03fa6e093efc9b585d2ea03def59237e6ac1d38d4795,.md
docs/md/working-notes/checkpoint-structure.md,624,56840534d8ce35f647b9f744ae091db7a8ab9645eb22c823a8fe6b81b400985e,.md
docs/md/working-notes/cinematic-principles.md,1854,06263570b67431303cf1b78283782729b3ac97bf81253346744a2d5ef3ee22f3,.md
docs/md/working-notes/design-roots-implementation.md,1379,ba9380508a8e22e73162c315f4346ec948cbf21bd43f9c3e3780c68c0d121c2c,.md
docs/md/working-notes/document-organization-and-repair.md,1160,47fbcf3dc750e389f2b111fe18d3dd580a183bf02b60170be30a1bf4e1611e17,.md
docs/md/working-notes/domain-dictionary.md,1942,8ad23691837be32fea49f5ddbb539900e092210fa3613cf0294c3747385a72e9,.md
docs/md/working-notes/landmines-open-issues.md,1869,47aaa20d091eb70e89cf59084b851da47a7e723fea2cf4b64a46a6648dec68a4,.md
docs/md/working-notes/legacy-compatibility-retirement.md,1572,429a01c74821d50a06138c9b3a3f60107576e6d7bd34ddb782f3196c5602c2b0,.md
docs/md/working-notes/main-hall-h01-h02-h03-h05-refinement.md,1817,761ea6c2a1a1c69669f4c705259f717ef1916b818e91c6dd56b93d20b9897538,.md
docs/md/working-notes/market-profile-preview-note.md,438,e757dff764f210da938425ab58ff504bae6b51d2b58e7957403945b2687d35f9,.md
docs/md/working-notes/master-cross-system-matrix.md,800,c131692c3ea7486a2390f2b7d4fe2356dbee2d87f3a89590bda82bbc1db64623,.md
docs/md/working-notes/performance-accessibility.md,1434,2c04a3e2191aa924cd23f455bf1fcf9962bdf66d337ca44e3d09fdf648ae6a4c,.md
docs/md/working-notes/phase11-deploy-and-browser-gate.md,1264,60205add3b054a8102a0ccff360b2621f858c73f2e55f885e6e70c4732092ee6,.md
docs/md/working-notes/phase12-animation-object-responsive.md,2077,be6066bf44ccaacf8da8ffbddf69c91360aa7111cbe04689bc40c9057bca35e5,.md
docs/md/working-notes/phase13-auth-propagation.md,1530,b8e33332602c4dc41d32b1b27f4d08ead64f8ff45e2d6446ac272cbfbe7abadc,.md
docs/md/working-notes/project-map.md,2491,d55a02c973748537536a841d622b63e2d5a816acf144e8e358aa8464d3efc36b,.md
docs/md/working-notes/public-profile-deployment-runbook.md,1794,3eb18496c5e069a3936965c87c5e80e0ccb4f03a8513d6263b33e0aae9537b5f,.md
docs/md/working-notes/public-profile-projection.md,1501,4a3cda7dd5a6afa135e6cf9e3a8bc9250cf05b3a020e5ca4d9f46a1f5183979c,.md
docs/md/working-notes/public-profile-read-surface-gate.md,1088,d8564db252fb2808b9c5357e444d0c5338e8285533ae0a9fec94ca15710d0592,.md
docs/md/working-notes/public-read-surface-hardening.md,1285,e1a9dadd9b859924e30e8564ba6ba01dc0741c42919af53f462cf5a6591bcc8d,.md
docs/md/working-notes/readme.md,321,73901a2e84f9f58dabd0e4d8cd27121ea9c5b419bb0a58bbbc5a4a9a05f0e842,.md
docs/md/working-notes/responsive-browser-execution-2026-08-23.md,560,4007130613bdda4278e4423a4d7a04f996c2f39862177cbfc630a6ee3a1dbf7a,.md
docs/md/working-notes/responsive-qa-execution.md,1109,6039d52639535cb692c1fb4d6365c3fd5d6ddee0993c2e57b0894a5dacbd5901,.md
docs/md/working-notes/security-drainage-and-hardening.md,2199,3c0e64fba942c64ea56ebbab79f077c648a4312be01685b37e152e2494a5b1c9,.md
docs/md/working-notes/theme-and-animation-root.md,1783,3f994a2e8dd6f9a5d5d59b1c00e65376ccb812eb60e5f9c235a672be3372dd91,.md
docs/md/working-notes/third-party-notices.md,240,6fb51d4995668890a0c68a97b11fd56e3716196aca0f653a63ba185622fb02c3,.md
docs/md/working-notes/ui-ownership.md,1625,1db299801cdafd0959b4650f3028882cc5f089d622c493d930235ee942cfd678,.md
docs/plantuml/5.5d-three-house-presentation-travel.puml,1243,457a5abe0cedec5eb3134e104b9c0f2944552131b1379520f348cc2497eb3c7e,.puml
docs/reports/5.5f3-candidate-integrity-level-reconciliation.md,4188,70524be446c25d645f5f055ce1fc9dc6565686bf90ab614711fc096a831a622f,.md
docs/reports/5.5f4-three-house-candidate-physical-allocation.md,4418,c13d93c99e57b8e7ba5e8cfba8fdf200b72b9f6cfe9db0bf05f2fbb463986783,.md
docs/reports/5.5f5-allocation-suitability-capacity-reconciliation.md,1984,2a40a7e7114fa15e78e333537e8e8d842821161af4006cf03182f831e83924c7,.md
master/HomeFinder.sh3d,5775168,2463bbf41a92012bbd81b66ea957c993075f5a2bf6db8a43e676b0c832b0e58c,.sh3d
masterplan.md,50495,002e312033627d0ed2c492add8507e9d70f78a99716c4265aa525753acdfa84d,.md
verification/2026-08-26/5.5c-v4-cinematic-3d-slice.txt,6951,8d7787ac37523289b20cdc10fc007c1306cee4c221282f4b824b236faca42b0b,.txt
verification/2026-08-26/5.5c-v4-full-active-suite.txt,45256,95f56374807ff42de8a16c872682cc0be045116465c1d1a74692f82aa61407bc,.txt
verification/2026-08-26/5.5c-v4-patch57-test.txt,908,ad1e1e0b255876b400cdcd31439f385b5e06c6c7845c2329b199712436c70e50,.txt
verification/2026-08-26/5.5c-v5-full-active-suite.txt,22993,50466772df93ed75d9dad0d65ff240763030e28c5e63a47cdc54b7f4abd80e15,.txt
verification/2026-08-26/5.5c-v6-full-active-suite.txt,44882,866c97c2da79c1caef515cbc8d5b0649de6d894b4a581b1a14c0ce82c951db27,.txt
verification/2026-08-26/5.5d-checkpoint-manifest.json,1536,ae943c730223ef31692fb5841bbf003b971a61f9c4d7a76532cba64fd9019683,.json
verification/2026-08-26/5.5e-chat-development-checklist.json,2524,a7d11cecbfc90a880bc73fdb8af082a0f40772ccee3efd95157d1fdb0550b98b,.json
verification/2026-08-26/5.5e-checkpoint-manifest.json,1923,4fdf8b1775b3e86770ea3168b79c214069b036e684525670affa90559e93f856,.json
verification/2026-08-26/5.5f1-checkpoint-manifest.json,3314,91eda7546ef610d5e5d3e5e3f8b2300f1e59e304ec2abcf80d48b5bbfb1e4a7f,.json
verification/2026-08-26/5.5f1-development-continuity-checklist.json,4105,650ac9b0682859a9d0c24310ec806c00d1d0cdc127015bf6db343cb7247e7bf9,.json
verification/2026-08-26/5.5f2-checkpoint-manifest.json,734,7813444fb7ed7492628946736a1acc3524213b4cd4f9e17f8cb4ca2ee96ed255,.json
verification/2026-08-26/5.5f2-development-continuity-checklist.json,3039,223f364edcfac01c4a32b875743b5d6fba10602fa73988ee727eb44815fbf62c,.json
verification/2026-08-26/5.5f3-candidate-integrity-level-reconciliation.json,1026,7d412442edf1c6c1de03cc372e70210cd333103fd1029da346cbe4b8940f7298,.json
verification/2026-08-26/5.5f3-development-continuity-checklist.json,623,85abd4b5064a317c431e649edecd37a75efb7feb3b555c664076ac442fd80506,.json
verification/2026-08-26/5.5f4-allocation-verification.json,466,9a703c01408980847cd5a4bccff3bc032c534d3dee3096afd18c0bdad613b943,.json
verification/2026-08-26/5.5f4-development-continuity-checklist.json,593,dcf224832efcbb161af4e86ca5f202655bddd84b031c181e34144c78dbae461a,.json
verification/2026-08-26/5.5f5-development-continuity-checklist.json,597,f30216597afee07eeb29d2ee03e7662ede093d88f34218dd209b438347845e0d,.json
verification/2026-08-26/active-suite-after-v2.txt,59495,4c28bd4126a40c0b8db540dab8ff027b9cb55d11b850b404030af71043a04d2a,.txt
verification/2026-08-26/active-suite-node-test-output.txt,94729,9f4ac3f5e6f074e90bef819d2bf85fae9fa17a6f9fcd66d7dbc9aadef7294a03,.txt
verification/2026-08-26/classification-manifest.json,581,c38ded2728a67a8dba6aab3a22bb539dced126f68f11ff9a56ec05b0dfc9de31,.json
verification/2026-08-26/full-active-suite-after-v3.txt,27010,88fc167d16978e905f7486ede8e5237b68144f8c2442228a2c1e9c447d35d5be,.txt
verification/2026-08-26/historical-contract-individual-results.txt,1291,a177bf6f23b1db2ff48b5afb19e705fa6a0472c071e038737cfd7ef490d96135,.txt
verification/2026-08-26/house-camera-rig.test.mjs.txt,845,2aebce7b7307969d94ac684938680191485d13ac814c3bf6e8a1d89d612b458c,.txt
verification/2026-08-26/listings-book-interaction.test.mjs.txt,308,ba78213f9f2e8b29cd58d72ba50fd40d9703f947b333741ea483ff68cb51b2c5,.txt
verification/2026-08-26/market-profile-physical-ui-propagation.test.mjs.txt,356,f992d5687b9f80ceefd08801b5814fcd3dd8f44287ae8f2e24b0e0867ae489da,.txt
verification/2026-08-26/patch-21-role-need-help.test.mjs.txt,307,accc7b89144cdacd6de66e6f20eff3567206f74e65165a3dbbf8f88fc50c5844,.txt
verification/2026-08-26/patch-57-cinematic-camera-hero.test.mjs.txt,913,34156d801964b664a19591dcd00707c8e005e82e5ed74d5bedc556f960c58eb8,.txt
verification/2026-08-26/physical-ui-object-system.test.mjs.txt,349,168c705fa3bcb4cf092258ef79f0c4207f6af93bedc349b06c10b096a7b69f01,.txt
verification/2026-08-27/5.5G1.4-verification.json,607,4e36970d73fd6f88c79e317ee071eb03806aedb36fce7df5bebb467d253f9540,.json
verification/2026-08-27/5.5G6-verification.json,191,f6226e67ae00032c4d2bb05167d87c2416bb23af39fc3760f050b39535b16297,.json
verification/2026-08-27/5.5G6A-house-topology-verification.json,417,47907969ddf5ad5cd5a882550bff5175db3e47da152354aeb97fc9958a6b1070,.json
verification/2026-08-27/5.5G6D-verification.json,1787,a8a3b840be34d81e95a6e5c3126ba42f81d1110088c0f2a97817a9a5385f6a3b,.json
verification/2026-08-27/5.5G6E-verification.json,798,e6e687feb8f416eada4ef26889f85c5219e76ea04fc09e6618ae8adae10a4cdd,.json
verification/2026-08-27/5.5G6F-verification.json,229,ab8c943124416a0464400ed1e06e22c3922e23ef98b7b7f9af8353d9bba06542,.json
verification/5.5G1/5.5G1-problematic-door-resolution-verification.json,905,19872b0fc2a8b56a7c3673e088acb19822d43d4e5894236de9247eeea6e51ac2,.json
verification/5.5G1/5.5G1.1-verification.json,588,3662af4efd31c9c9616f23f3a0643f2e15dd3232a6a907b924a014ce612e2cbc,.json
verification/5.5G1/5.5G1.3-verification.json,544,1f830ae75e2714f0efb6ba2644f453816e9efb87a1d8c83212130b5e137d5905,.json
verification/5.5G1/5.5G1.5-verification.json,488,d245d2eba2ee883d0c0153faf93994117a55c1b8ecab41899dc3a4335856af03,.json
verification/5.5G2/5.5G2-verification.json,1200,579c94ca57cf54b9113e8ad53bd45a1f34a2e89953a6cc6169e9ce7b9a813003,.json
verify/3d/canonical-homefinder-sh3d.mjs,1417,e6efd2584e1a98b49cafb1a190c30bd18e8dcf886c4c88bd30557e6eb01818ea,.mjs
verify/3d/runtime-homefinder-reference.mjs,2196,d98bde8d42df1fe90a89387705b214fa02e6d05fd9e01ddec3885e7dbf35914b,.mjs
verify/contracts/authority-invariants.mjs,476,252563cc5df7348d4a703c9365e9c0a3f622abad5da1c9b4eff740c535974725,.mjs
verify/contracts/protected-logic-freeze.mjs,994,184427536dc95e8b1954d8618761dca507d0b64ae7c8d2b2cb2262cb91ff316f,.mjs
verify/data/canonical-listings.mjs,438,4cfa8e843c8d7e5a701f9b2d307d5e8368ac3bb52f6e531a54b0766391155ae7,.mjs
verify/integrations/backend-authority.mjs,1356,0be80ea3637d3eb26f18a78dc1f31c619420ff797ce5d6b5791f3b85dc9bdd6e,.mjs
verify/integrations/kyc-contract-consistency.mjs,974,2d69088774a57c2db88328e0f04936b3140dcb7776256374101e244aec2ede3e,.mjs
verify/integrations/supabase-security-boundary.mjs,1344,3d0e7c43cd58595f6aa9a090a0baa35511d06707e746dfc7a027b4fd433df338,.mjs
verify/integrations/supabase-structure.mjs,1184,74d49811a31a3bf2919e6904961b6a94c04ee557c6387b21aa0935ade746feb5,.mjs
verify/routes/route-authority.mjs,885,2656e104edb644c83002a3b33be0319284d9bfba3d39e053b7ca89d2edbb78db,.mjs
verify/security/broker-application-authority.mjs,872,275f636564771b1daac96506f1fb0992a9feb1b6267676e1ddb4eead91c67f03,.mjs
verify/security/canonical-role-authority.mjs,1567,9514719c4c7c5041a9e0cd47eb3e3fd38a1529afe4398af595e16f56484e8e67,.mjs
verify/security/canonical-roles.mjs,374,a6dbc6320ea5096d2a33e8c6ce2cb3a0d49b7be18bac88cc912a767ae976f820,.mjs
verify/security/kyc-self-escalation.mjs,1285,2d3dfbb3bb9c96905628558829d719dd709c88f72696074dfbe401c19be4df9a,.mjs
verify/security/support-ticket-authority.mjs,1460,2036f26e69e1fa2166f43341c1a4afad29068091095b6e561a467995c23c329c,.mjs
verify/security/user-authority.mjs,1604,eb1ae2623cdbe1c97fafcc8e2811bf3b1888109a7871c76a0ae8302b1e3eca9e,.mjs
