CURRENT_PATH,PROPOSED_CANONICAL_PATH,ARTIFACT_CLASS,LOGICAL_BATCH,PURPOSE,AUTHORITY_STATUS,HISTORICAL_STATUS,REFERENCES_COUNT,DEPENDENCIES,DUPLICATE_STATUS,CONFLICT_LEVEL,LINEAGE_REQUIRED,VERIFICATION_COVERAGE,MIGRATION_STATUS,SIZE,SHA256
AI_ASSISTANT_READ_ME.md,project-guide/AI_ASSISTANT_READ_ME.md,project-guide,Project Guide,Continuity/authority document: AI_ASSISTANT_READ_ME,canonical,current,19,,unique,HIGH,Yes,verify/contracts/,approved,29476,768a7c34da78f86eda98e9caffd459d2605040818353fe4af5ae7d399a587933
Endorsement.md,project-guide/Endorsement.md,project-guide,Project Guide,Continuity/authority document: Endorsement,canonical,current,8,,unique,HIGH,Yes,verify/contracts/,approved,5304,8112150688ffc9d7eef02f3556472b13cc44eb1731a61ea4f90c61a83d7c7e89
HandOver.md,project-guide/HandOver.md,project-guide,Project Guide,Continuity/authority document: HandOver,canonical,current,8,,unique,HIGH,Yes,verify/contracts/,approved,6993,1d16e1ab7aefc8c0f5fde5e6be3cc2fec584493782b404d1dc9d01185043ccb1
README.md,README.md,project-guide,Project Guide,Repository index and targeting entry point,canonical,current,18,,unique,HIGH,Yes,verify/contracts/,approved,3117,bdeb38de3238e6de1ec728c54f69b33b00a68b9bce38129f656466b69bfe6dbe
active_development/3d/app/homefinder-viewer.css,active_development/3d/app/homefinder-viewer.css,3d-spatial,3D / Spatial,3D viewer/runtime artifact: homefinder-viewer.css,canonical,current,4,,unique,MEDIUM,No,verify/3d/,approved,2972,765555ca4335c22834d009fb0bd7c81266b9b32cd9a7352f64bac7ddf1a51e87
active_development/3d/app/homefinder-viewer.js,active_development/3d/app/homefinder-viewer.js,3d-spatial,3D / Spatial,3D viewer/runtime artifact: homefinder-viewer.js,canonical,current,7,,unique,MEDIUM,No,verify/3d/,approved,3441,b2eb39038473b7f6f3ff0e932763d802ccc5a351cddf7897c0e9bcbb5b868122
active_development/3d/docs/model-census.json,active_development/3d/docs/model-census.json,3d-spatial,3D / Spatial,3D viewer/runtime artifact: model-census.json,canonical,current,9,,unique,MEDIUM,No,verify/3d/,approved,987,8f844576d670e5f518d5e610ad822b860b33b51d12a87751ae75ffa8ba4172ff
active_development/3d/viewer/SweetHome3DJSViewer-7.5.2/HomeFinderViewer.html,active_development/3d/viewer/SweetHome3DJSViewer-7.5.2/HomeFinderViewer.html,3d-spatial,3D / Spatial,3D viewer/runtime artifact: HomeFinderViewer.html,canonical,current,7,,unique,MEDIUM,No,verify/3d/,approved,2656,11de03d3b8f3e4218746faf7c145872a54e41e5d1061825b939d7d290ef02f58
active_development/3d/viewer/SweetHome3DJSViewer-7.5.2/HomeFinderViewerOverlay.html,active_development/3d/viewer/SweetHome3DJSViewer-7.5.2/HomeFinderViewerOverlay.html,3d-spatial,3D / Spatial,3D viewer/runtime artifact: HomeFinderViewerOverlay.html,canonical,current,5,,unique,MEDIUM,No,verify/3d/,approved,1662,a46b6f6e3e0949f03f85dfcf9f4baf926fbc2e948bffc9e1a36c7488c093deec
active_development/3d/viewer/SweetHome3DJSViewer-7.5.2/lib/batik-svgpathparser.min.js,active_development/3d/viewer/SweetHome3DJSViewer-7.5.2/lib/batik-svgpathparser.min.js,3d-spatial,3D / Spatial,3D viewer/runtime artifact: batik-svgpathparser.min.js,canonical,current,4,,unique,MEDIUM,No,verify/3d/,approved,83194,91fb06a1bdbaf8b96f0c5cb74681b902f436516b48cddb204c9e21e4af74cded
active_development/3d/viewer/SweetHome3DJSViewer-7.5.2/lib/big.min.js,active_development/3d/viewer/SweetHome3DJSViewer-7.5.2/lib/big.min.js,3d-spatial,3D / Spatial,3D viewer/runtime artifact: big.min.js,canonical,current,4,,unique,MEDIUM,No,verify/3d/,approved,7582,76f91cda46aaeec826dd708affdb007fc93a6b2f739255511fd31844ebfa9621
active_development/3d/viewer/SweetHome3DJSViewer-7.5.2/lib/close.png,active_development/3d/viewer/SweetHome3DJSViewer-7.5.2/lib/close.png,3d-spatial,3D / Spatial,3D viewer/runtime artifact: close.png,canonical,current,4,,unique,MEDIUM,No,verify/3d/,approved,597,a79d6abc4add16040d15c9dab9635893a84dd2b9ec82a18c659fd16d84a4a88d
active_development/3d/viewer/SweetHome3DJSViewer-7.5.2/lib/core.min.js,active_development/3d/viewer/SweetHome3DJSViewer-7.5.2/lib/core.min.js,3d-spatial,3D / Spatial,3D viewer/runtime artifact: core.min.js,canonical,current,4,,unique,MEDIUM,No,verify/3d/,approved,15387,657d5f2d0999337834ceb35be974662736017f07c5a46996bc4b2731ad883718
active_development/3d/viewer/SweetHome3DJSViewer-7.5.2/lib/geom.min.js,active_development/3d/viewer/SweetHome3DJSViewer-7.5.2/lib/geom.min.js,3d-spatial,3D / Spatial,3D viewer/runtime artifact: geom.min.js,canonical,current,4,,unique,MEDIUM,No,verify/3d/,approved,346778,cc38c89cb45b15d5b2a651e8bbc8bf9b42daba73ce8d884037c2cfde64a1557e
active_development/3d/viewer/SweetHome3DJSViewer-7.5.2/lib/gl-matrix-min.js,active_development/3d/viewer/SweetHome3DJSViewer-7.5.2/lib/gl-matrix-min.js,3d-spatial,3D / Spatial,3D viewer/runtime artifact: gl-matrix-min.js,canonical,current,4,,unique,MEDIUM,No,verify/3d/,approved,54213,925243236f89bce15faac8d46279f74b190b000997a22d10300e9a96822fc334
active_development/3d/viewer/SweetHome3DJSViewer-7.5.2/lib/jsXmlSaxParser.min.js,active_development/3d/viewer/SweetHome3DJSViewer-7.5.2/lib/jsXmlSaxParser.min.js,3d-spatial,3D / Spatial,3D viewer/runtime artifact: jsXmlSaxParser.min.js,canonical,current,4,,unique,MEDIUM,No,verify/3d/,approved,67547,29234c3fab3d58fd25c93f5191615e67b08231aea3321a20fea715d9b89b8b26
active_development/3d/viewer/SweetHome3DJSViewer-7.5.2/lib/jszip.min.js,active_development/3d/viewer/SweetHome3DJSViewer-7.5.2/lib/jszip.min.js,3d-spatial,3D / Spatial,3D viewer/runtime artifact: jszip.min.js,canonical,current,4,,unique,MEDIUM,No,verify/3d/,approved,80025,1780b6a8f6b8ecaadcd00cf199ecba026e0c262b10791aabf0c4892804f7abc4
active_development/3d/viewer/SweetHome3DJSViewer-7.5.2/lib/navigationPanel.png,active_development/3d/viewer/SweetHome3DJSViewer-7.5.2/lib/navigationPanel.png,3d-spatial,3D / Spatial,3D viewer/runtime artifact: navigationPanel.png,canonical,current,4,,unique,MEDIUM,No,verify/3d/,approved,2992,7d3d3c8caa7d04d91f53f12179c0b283ceaffbed6354aa0784ecb79755f08496
active_development/3d/viewer/SweetHome3DJSViewer-7.5.2/lib/stroke.min.js,active_development/3d/viewer/SweetHome3DJSViewer-7.5.2/lib/stroke.min.js,3d-spatial,3D / Spatial,3D viewer/runtime artifact: stroke.min.js,canonical,current,4,,unique,MEDIUM,No,verify/3d/,approved,65252,5613061d7622d80325d7f6f9a8a393c698bd01ff81faaadde2624e6a9c9f1642
active_development/3d/viewer/SweetHome3DJSViewer-7.5.2/lib/triangulator.min.js,active_development/3d/viewer/SweetHome3DJSViewer-7.5.2/lib/triangulator.min.js,3d-spatial,3D / Spatial,3D viewer/runtime artifact: triangulator.min.js,canonical,current,4,,unique,MEDIUM,No,verify/3d/,approved,34324,d146d5770dd0b56a293d3802c58e03868c99632f5de6a06bd3a9d0f7b774606b
active_development/3d/viewer/SweetHome3DJSViewer-7.5.2/lib/viewhome.min.js,active_development/3d/viewer/SweetHome3DJSViewer-7.5.2/lib/viewhome.min.js,3d-spatial,3D / Spatial,3D viewer/runtime artifact: viewhome.min.js,canonical,current,4,,unique,MEDIUM,No,verify/3d/,approved,953191,e8b51168e806874d743989dc5626e25812313042d29d851541e98ea887f1ff28
active_development/3d/viewer/SweetHome3DJSViewer-7.5.2/lib/viewmodel.min.js,active_development/3d/viewer/SweetHome3DJSViewer-7.5.2/lib/viewmodel.min.js,3d-spatial,3D / Spatial,3D viewer/runtime artifact: viewmodel.min.js,canonical,current,4,,unique,MEDIUM,No,verify/3d/,approved,163441,4142ef3719865f6ce9ba4e7d6a5320a9a69c4c539a5fbb5982400edb5608ec7f
active_development/ACTIVE_DEVELOPMENT_MANIFEST.json,active_development/ACTIVE_DEVELOPMENT_MANIFEST.json,unclassified,Unclassified,Active development artifact: ACTIVE_DEVELOPMENT_MANIFEST.json,active-dev,current,4,,unique,LOW,No,none,pending-mapping,911,bdb596a0044d2fb56901a0985ac00c4a429ef0a89af59aade0553614125444ae
active_development/CHECKPOINT_MANIFEST.json,active_development/CHECKPOINT_MANIFEST.json,unclassified,Unclassified,Active development artifact: CHECKPOINT_MANIFEST.json,active-dev,current,7,,unique,LOW,No,none,pending-mapping,148476,50a99230462cd89bbe2aa4510a77e5a5cf115f47dea3e4f7101d3b9932bb2ed1
active_development/CURRENT_CHECKPOINT_STATE.json,active_development/CURRENT_CHECKPOINT_STATE.json,unclassified,Unclassified,Active development artifact: CURRENT_CHECKPOINT_STATE.json,active-dev,current,5,,unique,LOW,No,none,pending-mapping,2044,9b8581a8b1d335530e6d61cb6148206d91c0f1ff14582188f4d5e1e9e1914e53
active_development/admin.html,active_development/admin.html,unclassified,Unclassified,Active development artifact: admin.html,active-dev,current,5,,unique,LOW,No,none,pending-mapping,20239,db129cafe3dc1602473cfae9b43137ffa26c49db0ad85f1ef2d5bd8e7ece8624
active_development/assets/User Avatars/image_5547e4a1.webp,active_development/assets/User Avatars/image_5547e4a1.webp,frontend,Frontend / UI,Static asset: image_5547e4a1.webp,canonical,current,4,,unique,LOW,No,none,approved,51356,dcb9e387ee7a15dabbe86e13af00e3f7ba96692746df9451d8681f67e71ac0d4
active_development/assets/User Avatars/image_75f53a8b.webp,active_development/assets/User Avatars/image_75f53a8b.webp,frontend,Frontend / UI,Static asset: image_75f53a8b.webp,canonical,current,4,,unique,LOW,No,none,approved,43148,742b3465413697ea87e3982e490e4a9e2c4433656e2aaa7ea264dc88352e3d5e
active_development/assets/User Avatars/image_78423f51.webp,active_development/assets/User Avatars/image_78423f51.webp,frontend,Frontend / UI,Static asset: image_78423f51.webp,canonical,current,4,,unique,LOW,No,none,approved,47068,29e85162d4620fa854384088c4e9989c646bc3e8899fdd36c0e3d8863adc7dd8
active_development/assets/User Avatars/image_85396f8c.webp,active_development/assets/User Avatars/image_85396f8c.webp,frontend,Frontend / UI,Static asset: image_85396f8c.webp,canonical,current,4,,unique,LOW,No,none,approved,44330,6f7a28a2ed7ed34addd0512bba8a8ebf872b2ff0d56d8f1c2faf417677d8a88f
active_development/assets/User Avatars/image_9fc3978b.webp,active_development/assets/User Avatars/image_9fc3978b.webp,frontend,Frontend / UI,Static asset: image_9fc3978b.webp,canonical,current,4,,unique,LOW,No,none,approved,48514,25048cc19194797e2c7f84f970cfc57fc4cc6001cf83815309d878e6c71b1214
active_development/assets/User Avatars/image_a48e5b59.webp,active_development/assets/User Avatars/image_a48e5b59.webp,frontend,Frontend / UI,Static asset: image_a48e5b59.webp,canonical,current,4,,unique,LOW,No,none,approved,41114,0862b0f197a9a6fce2a1408d17d2e9a7710eafe3e57b41c77085e66f18c4937d
active_development/assets/User Avatars/image_ab3b5fdb.webp,active_development/assets/User Avatars/image_ab3b5fdb.webp,frontend,Frontend / UI,Static asset: image_ab3b5fdb.webp,canonical,current,4,,unique,LOW,No,none,approved,43888,b611efaace9f24f7016601b37a20742061401115817b62c620ad698d2c6d7764
active_development/assets/User Avatars/image_cb7ef1d4.webp,active_development/assets/User Avatars/image_cb7ef1d4.webp,frontend,Frontend / UI,Static asset: image_cb7ef1d4.webp,canonical,current,4,,unique,LOW,No,none,approved,42696,296325f13e2869a3b68f47c1d6e9eab2267ce23021e184625dd193da21a5f17f
active_development/assets/User Avatars/image_d052ef90.webp,active_development/assets/User Avatars/image_d052ef90.webp,frontend,Frontend / UI,Static asset: image_d052ef90.webp,canonical,current,4,,unique,LOW,No,none,approved,262368,fb26ba3e9f33cdad3ef66fcca7a9ab00b5f5d1833debb0500ae5a10f82921165
active_development/assets/User Avatars/image_d89bb40d.webp,active_development/assets/User Avatars/image_d89bb40d.webp,frontend,Frontend / UI,Static asset: image_d89bb40d.webp,canonical,current,4,,unique,LOW,No,none,approved,82582,8a96c793a0d11f0125f83e45da1506c0f0a1002c35e9e48707b76c325bddb568
active_development/assets/User Avatars/image_edf294ba.webp,active_development/assets/User Avatars/image_edf294ba.webp,frontend,Frontend / UI,Static asset: image_edf294ba.webp,canonical,current,4,,unique,LOW,No,none,approved,47064,7312c1e23a1d09f2ecb774d1f60895c646df24e5d06c8fc0095c5af80efaa8e0
active_development/assets/User Avatars/image_fd906f9a.webp,active_development/assets/User Avatars/image_fd906f9a.webp,frontend,Frontend / UI,Static asset: image_fd906f9a.webp,canonical,current,4,,unique,LOW,No,none,approved,41896,55c1a15febd343c1d49cfeabbb49d6a5899bd77c6cab31504462431ab41d2d00
active_development/assets/images/logo-homefinder.png,active_development/assets/images/logo-homefinder.png,frontend,Frontend / UI,Static asset: logo-homefinder.png,canonical,current,4,,unique,LOW,No,none,approved,101867,71c6162658f9cddd88af12bc26938746f092f4502b9271bafbea8692e6e55205
active_development/broker-hq.html,active_development/broker-hq.html,unclassified,Unclassified,Active development artifact: broker-hq.html,active-dev,current,7,,unique,LOW,No,none,pending-mapping,13922,3f2e10898d6c03cc048eacbbbae0770ea05710bf4c7782d74bf2fa6b3ee12ce1
active_development/cinematic/WalkMyPlan/README.md,README.md,project-guide,Project Guide,Repository index and targeting entry point,canonical,current,3,,unique,HIGH,Yes,verify/contracts/,approved,97,b9bf5f0fef1938cfef0ad3947dba1c986b77da2a77aef4b956193c5bbb5bd4f4
active_development/css/admin.css,active_development/css/admin.css,frontend,Frontend / UI,Stylesheet: admin.css,canonical,current,4,,unique,LOW,No,none,approved,20568,31369da13d050031cefff79d51835d8a236855e55aab5c68d9645dc9e3b3b689
active_development/css/auth.css,active_development/css/auth.css,frontend,Frontend / UI,Stylesheet: auth.css,canonical,current,4,,unique,LOW,No,none,approved,16190,21405265e8ef94b6e14aac9b325fd05b4a51cca5e518efde9d6f1b20e3fe1bb5
active_development/css/broker-hq.css,active_development/css/broker-hq.css,frontend,Frontend / UI,Stylesheet: broker-hq.css,canonical,current,4,,unique,LOW,No,none,approved,21531,27b4cf61481e6a74640cd876fa349d4c32bef674a60a99d2315c4c454dfdcce7
active_development/css/cinematic-ui.css,active_development/css/cinematic-ui.css,frontend,Frontend / UI,Stylesheet: cinematic-ui.css,canonical,current,4,,unique,LOW,No,none,approved,40914,024f110609e179c77c0042dcd7bf5c188cbeeb29d04dd44a5e8c625dc900e3ab
active_development/css/customSelect.css,active_development/css/customSelect.css,frontend,Frontend / UI,Stylesheet: customSelect.css,canonical,current,4,,unique,LOW,No,none,approved,2558,d9df3a2e253b214541fd73439712ec21aa9dd300fceb5a30ee5b9e4f263ece64
active_development/css/gov-finance.css,active_development/css/gov-finance.css,frontend,Frontend / UI,Stylesheet: gov-finance.css,canonical,current,4,,unique,LOW,No,none,approved,11367,c7e039ad4bb436fdae7136ab22508044d0267db2c2aecfa455ebca7b0d3c0013
active_development/css/home/about.css,active_development/css/home/about.css,frontend,Frontend / UI,Stylesheet: about.css,canonical,current,4,,unique,LOW,No,none,approved,9764,44a4bfc3c72af0fb2541e32f8c951fd984bbd4877300c2f0a3d2ab72aff36507
active_development/css/home/footer.css,active_development/css/home/footer.css,frontend,Frontend / UI,Stylesheet: footer.css,canonical,current,4,,unique,LOW,No,none,approved,7208,a2cdb776765161849d2151c08ad91a06d7cd931c1f67874c50c70f2df47f0b33
active_development/css/home/hero.css,active_development/css/home/hero.css,frontend,Frontend / UI,Stylesheet: hero.css,canonical,current,4,,unique,LOW,No,none,approved,7882,7db7ada424f9a1c27a1d70a9716ffa42564f2cd4c058c16ccd6baab77014ff98
active_development/css/home/house-world.css,active_development/css/home/house-world.css,frontend,Frontend / UI,Stylesheet: house-world.css,canonical,current,4,,unique,LOW,No,none,approved,4676,c4361da1b6c3365be61425780549b2b2d6da62da65960d9ed285d283a4431ead
active_development/css/home/property.css,active_development/css/home/property.css,frontend,Frontend / UI,Stylesheet: property.css,canonical,current,4,,unique,LOW,No,none,approved,3662,59d83195fc0aaf94dc8f1be8252d203c8c6e9f1d228f11084372080cf698af71
active_development/css/home/style.css,active_development/css/home/style.css,frontend,Frontend / UI,Stylesheet: style.css,canonical,current,5,,unique,LOW,No,none,approved,0,e3b0c44298fc1c149afbf4c8996fb92427ae41e4649b934ca495991b7852b855
active_development/css/market-profile-physical-ui.css,active_development/css/market-profile-physical-ui.css,frontend,Frontend / UI,Stylesheet: market-profile-physical-ui.css,canonical,current,4,,unique,LOW,No,none,approved,1217,031f5b0f9b4b3a7b2735e6c33d1b8771da1fa0854e8c060eabcb15da2e92836a
active_development/css/market.css,active_development/css/market.css,frontend,Frontend / UI,Stylesheet: market.css,canonical,current,4,,unique,LOW,No,none,approved,26248,8523887669b1f33077eaa64093301ed2c2b2d14c4c1fa79498b60c0e74fc5289
active_development/css/navbar.css,active_development/css/navbar.css,frontend,Frontend / UI,Stylesheet: navbar.css,canonical,current,4,,unique,LOW,No,none,approved,9854,e77e4ccf3ab4871b032f34e84d3021edc7388929e8a312e2a1a7c2a0083bb37b
active_development/css/profile/forms.css,active_development/css/profile/forms.css,frontend,Frontend / UI,Stylesheet: forms.css,canonical,current,4,,unique,LOW,No,none,approved,7280,232e9de7671258be0ced1708e0bfeb46fb64f78ce6dc7423ceaf2611160ef4fe
active_development/css/profile/kyc.css,active_development/css/profile/kyc.css,frontend,Frontend / UI,Stylesheet: kyc.css,canonical,current,4,,unique,LOW,No,none,approved,7738,dee41d4b55500040c2314cd3ccb6d3eedf1d9ae2c9de58ef29b3e88dd6c24f02
active_development/css/profile/layout.css,active_development/css/profile/layout.css,frontend,Frontend / UI,Stylesheet: layout.css,canonical,current,4,,unique,LOW,No,none,approved,44440,62182cadf3b4110fc6e2a31eb0e71eb005818ed921d90ba50eb2ecaa0f526a91
active_development/css/profile/listing-form.css,active_development/css/profile/listing-form.css,frontend,Frontend / UI,Stylesheet: listing-form.css,canonical,current,4,,unique,LOW,No,none,approved,31608,d20c33dd38e5aa18a832a92dc2f9c6f9002077c44d6151faa270b9042cdd1022
active_development/css/profile/panels.css,active_development/css/profile/panels.css,frontend,Frontend / UI,Stylesheet: panels.css,canonical,current,4,,unique,LOW,No,none,approved,35459,f89188f083797d344f157acd8d5a8d6c7adcf57271dcab105c1390a53b5a9375
active_development/css/profile/perks-showcase.css,active_development/css/profile/perks-showcase.css,frontend,Frontend / UI,Stylesheet: perks-showcase.css,canonical,current,4,,unique,LOW,No,none,approved,5870,c0a2f5941d1539da4ca2c4251d024a6822d0d57473fefd89984b10aaab786e0c
active_development/css/profile/responsive.css,active_development/css/profile/responsive.css,frontend,Frontend / UI,Stylesheet: responsive.css,canonical,current,4,,unique,LOW,No,none,approved,2555,eeaca85154b98e84c225fda543b0716c222a5ad0f446833a3afaade4cf7b77f1
active_development/css/profile/subscription.css,active_development/css/profile/subscription.css,frontend,Frontend / UI,Stylesheet: subscription.css,canonical,current,4,,unique,LOW,No,none,approved,588,7047c2d31e8e39e44fc5d787b004b6732f61a474a1e7b0c06bad35c9ed0c2711
active_development/css/profile/ui-upgrade.css,active_development/css/profile/ui-upgrade.css,frontend,Frontend / UI,Stylesheet: ui-upgrade.css,canonical,current,4,,unique,LOW,No,none,approved,8593,5e131124fde58bf7d9daafb4f2f331c78b777e110d48f5e8930fb5ab23a1ed71
active_development/css/profile/visitor.css,active_development/css/profile/visitor.css,frontend,Frontend / UI,Stylesheet: visitor.css,canonical,current,4,,unique,LOW,No,none,approved,4868,2cd6ecb78cef4d179988bfff6d87b474df98811a7ebe6dcbc40aadaff69b9bb8
active_development/css/reset.css,active_development/css/reset.css,frontend,Frontend / UI,Stylesheet: reset.css,canonical,current,4,,unique,LOW,No,none,approved,752,6cd12e0e8d253a8fb88b043c86fad73d475f81d26f28bd5232542b7dafcbeaac
active_development/css/responsive.css,active_development/css/responsive.css,frontend,Frontend / UI,Stylesheet: responsive.css,canonical,current,4,,unique,LOW,No,none,approved,1703,105b5fd0118f9fb621b3954feaa3ef82fc0e4f43e615045c6ca7c5523a7d2262
active_development/css/search.css,active_development/css/search.css,frontend,Frontend / UI,Stylesheet: search.css,canonical,current,4,,unique,LOW,No,none,approved,2713,fcba282b6cf6ba45d0f4dd910a6dad093e7214e9b4a9b851a88b52c8f0dd6104
active_development/css/toast.css,active_development/css/toast.css,frontend,Frontend / UI,Stylesheet: toast.css,canonical,current,4,,unique,LOW,No,none,approved,2340,ed4918a667c97057cf0cde12b0793453d62193ccd5dedd4ff60384075937cc2f
active_development/css/transition.css,active_development/css/transition.css,frontend,Frontend / UI,Stylesheet: transition.css,canonical,current,4,,unique,LOW,No,none,approved,1276,0293e97c46c8b9dda287571c85efc4e2aa2ea551a69752f72735d9fc8fe0cc7f
active_development/css/utilities.css,active_development/css/utilities.css,frontend,Frontend / UI,Stylesheet: utilities.css,canonical,current,4,,unique,LOW,No,none,approved,7068,51bab3bf918c3d2228a467b2b87c90a604f81615a8fa4cfc4e6d3741bbb711fb
active_development/css/variables.css,active_development/css/variables.css,frontend,Frontend / UI,Stylesheet: variables.css,canonical,current,5,,unique,LOW,No,none,approved,14501,d1f388e3415bcb3a84462a279c94a7f0f797219942198b146beb26e6ef397eb4
active_development/css/viewport/mobile.css,active_development/css/viewport/mobile.css,frontend,Frontend / UI,Stylesheet: mobile.css,canonical,current,4,,unique,LOW,No,none,approved,4417,5b2d277c7fc8cfc633c2343e2dea4210c31f2a21c820e80bc01772925c42da86
active_development/data/cinematic-assets.json,active_development/data/cinematic-assets.json,data,Configuration / Data,Runtime data/configuration: cinematic-assets.json,canonical,current,4,,unique,MEDIUM,No,verify/data/,approved,2616,5da9d55f67686b7a8488d4eae70ae61e38280ceb192c5ca08d419239d31ac28d
active_development/data/cinematic-scenes.json,active_development/data/cinematic-scenes.json,data,Configuration / Data,Runtime data/configuration: cinematic-scenes.json,canonical,current,4,,unique,MEDIUM,No,verify/data/,approved,1460,29a328e179f3f27318bff780561d1c16463f9238e06e82f75a72facad6e5168f
active_development/data/cinematic-worlds.json,active_development/data/cinematic-worlds.json,data,Configuration / Data,Runtime data/configuration: cinematic-worlds.json,canonical,current,4,,unique,MEDIUM,No,verify/data/,approved,1666,2e1db9383a06583031aa0aa1c8367015f0a14d45a1429bec135457d0cb878c5a
active_development/data/design-roots.json,active_development/data/design-roots.json,data,Configuration / Data,Runtime data/configuration: design-roots.json,canonical,current,5,,unique,MEDIUM,No,verify/data/,approved,2552,f90b5d9acb6257fad720dde6ecd299bbb94c56ee67eef7b4f11763b2e66e51b9
active_development/data/dictionary.json,active_development/data/dictionary.json,data,Configuration / Data,Runtime data/configuration: dictionary.json,canonical,current,4,,unique,MEDIUM,No,verify/data/,approved,17055,07d7b31a56c9ab9a234e0e138dd74c633c018a713e7bb7cb1e083f584c43f0a6
active_development/data/environment-modes.json,active_development/data/environment-modes.json,data,Configuration / Data,Runtime data/configuration: environment-modes.json,canonical,current,4,,unique,MEDIUM,No,verify/data/,approved,759,da82ac4eab83e021be15da2dcf641c90dbbc498d87a2e63ba580a02e1b5bcda6
active_development/data/feature-wiring-matrix.json,active_development/data/feature-wiring-matrix.json,data,Configuration / Data,Runtime data/configuration: feature-wiring-matrix.json,canonical,current,7,,unique,MEDIUM,No,verify/data/,approved,19820,778f38939c64b28be7ff21c4be3c403a48c736cf2eda48ef76f091c99937b8e0
active_development/data/house-camera-rig.json,active_development/data/house-camera-rig.json,data,Configuration / Data,Runtime data/configuration: house-camera-rig.json,canonical,current,8,,duplicate-group-7dc0b14b77ab70ba|needs-classification,MEDIUM,No,verify/data/,approved,2026,7dc0b14b77ab70baecbcba5d7383747a31d2b23df89c14cc5308b0edd8edd0c1
active_development/data/house-ui-map.json,active_development/data/house-ui-map.json,data,Configuration / Data,Runtime data/configuration: house-ui-map.json,canonical,current,5,,duplicate-group-5e02d080b77e029f|needs-classification,MEDIUM,No,verify/data/,approved,2804,5e02d080b77e029f9c9c3ba33aa496eefa24f18a59229fe6bb82bdca757b44aa
active_development/data/house-ui-ux-code-reality-map.json,active_development/data/house-ui-ux-code-reality-map.json,data,Configuration / Data,Runtime data/configuration: house-ui-ux-code-reality-map.json,canonical,current,8,,duplicate-group-9abf6dd157fcb050|needs-classification,MEDIUM,No,verify/data/,approved,9595,9abf6dd157fcb050ac46a23c27d374bb67def65978068682e1b65c1b16f64c39
active_development/data/login-physical-ui-objects.json,active_development/data/login-physical-ui-objects.json,data,Configuration / Data,Runtime data/configuration: login-physical-ui-objects.json,canonical,current,4,,unique,MEDIUM,No,verify/data/,approved,1945,ccb3ecc3018aa77c23eb24286572b0ea0c859211b5e5742f5878e1c807725dd0
active_development/data/main-hall-camera-contract-phase13.json,active_development/data/main-hall-camera-contract-phase13.json,data,Configuration / Data,Runtime data/configuration: main-hall-camera-contract-phase13.json,canonical,current,4,,unique,MEDIUM,No,verify/data/,approved,2438,fd42130f2705e9f381b7b504d04f8c22d42e0d5ea0c9520568a68c8c49b7bcb8
active_development/data/main-hall-camera-object-contract-summary.json,active_development/data/main-hall-camera-object-contract-summary.json,data,Configuration / Data,Runtime data/configuration: main-hall-camera-object-contract-summary.json,canonical,current,4,,unique,MEDIUM,No,verify/data/,approved,316,7ffd652bcd205a583aadd2db24e4e6fe90105e92d586bdb6ea46f15b3226f726
active_development/data/main-hall-camera-object-contract.json,active_development/data/main-hall-camera-object-contract.json,data,Configuration / Data,Runtime data/configuration: main-hall-camera-object-contract.json,canonical,current,6,,unique,MEDIUM,No,verify/data/,approved,7177,ef27a3dda2a5fa689b795c801e5862dbbe140a1f595def3772969d2b62493d79
active_development/data/main-hall-camera-phase13-summary.json,active_development/data/main-hall-camera-phase13-summary.json,data,Configuration / Data,Runtime data/configuration: main-hall-camera-phase13-summary.json,canonical,current,4,,unique,MEDIUM,No,verify/data/,approved,609,715efc5325d388442d206a834ce5da711f9dd6d87e406a4bc3f78fc2f21209b4
active_development/data/main-hall-cinematic-ui-map.json,active_development/data/main-hall-cinematic-ui-map.json,data,Configuration / Data,Runtime data/configuration: main-hall-cinematic-ui-map.json,canonical,current,4,,unique,MEDIUM,No,verify/data/,approved,6386,54139ed98951cebc04027cd4d23a16e998495382d449e796627c03402280de13
active_development/data/market-physical-ui-objects.json,active_development/data/market-physical-ui-objects.json,data,Configuration / Data,Runtime data/configuration: market-physical-ui-objects.json,canonical,current,4,,unique,MEDIUM,No,verify/data/,approved,2024,658a239818a3fb5cbbe3a0716ecca021b9aa37f39faa5f6baaf7b078374cac34
active_development/data/phase10-final-audit.json,active_development/data/phase10-final-audit.json,data,Configuration / Data,Runtime data/configuration: phase10-final-audit.json,canonical,current,4,,unique,MEDIUM,No,verify/data/,approved,571,67f7782e95e254c31ebe891659ab77a937f47cae158cf71efb5a61fd46142866
active_development/data/phase11-execution-summary.json,active_development/data/phase11-execution-summary.json,data,Configuration / Data,Runtime data/configuration: phase11-execution-summary.json,canonical,current,4,,unique,MEDIUM,No,verify/data/,approved,457,2a32c7ffb0b9a7dd45e137f85ad1a5910d5ac910042d2ab8a5e3b3a9145147cd
active_development/data/phase11-final-audit.json,active_development/data/phase11-final-audit.json,data,Configuration / Data,Runtime data/configuration: phase11-final-audit.json,canonical,current,4,,unique,MEDIUM,No,verify/data/,approved,1255,b680b79535b12c2a817db1300b428647f9b095f639bca02ced7f6700b7e53e84
active_development/data/phase11-secret-scan.json,active_development/data/phase11-secret-scan.json,data,Configuration / Data,Runtime data/configuration: phase11-secret-scan.json,canonical,current,4,,unique,MEDIUM,No,verify/data/,approved,746,2f624d989280b61bffae63efde232adf7bece0045434a920542907cb92e03172
active_development/data/phase12-animation-object-responsive.json,active_development/data/phase12-animation-object-responsive.json,data,Configuration / Data,Runtime data/configuration: phase12-animation-object-responsive.json,canonical,current,5,,unique,MEDIUM,No,verify/data/,approved,1086,cf5eb62c1bd09a01e99f1249878fd25a45f0d88d473ecd439dafc2a4587f4404
active_development/data/phase12-read-surface-summary.json,active_development/data/phase12-read-surface-summary.json,data,Configuration / Data,Runtime data/configuration: phase12-read-surface-summary.json,canonical,current,4,,unique,MEDIUM,No,verify/data/,approved,611,66fecf7a14a00f2dbb8d1985dfaa91a6c445566e0856c18b93741632c24d3aed
active_development/data/phase13-auth-propagation.json,active_development/data/phase13-auth-propagation.json,data,Configuration / Data,Runtime data/configuration: phase13-auth-propagation.json,canonical,current,4,,unique,MEDIUM,No,verify/data/,approved,783,47ed6af9609a299e3fb1fa241ca1570708af50f3c252657c936b8c618f84f37d
active_development/data/physical-ui-objects.json,active_development/data/physical-ui-objects.json,data,Configuration / Data,Runtime data/configuration: physical-ui-objects.json,canonical,current,5,,unique,MEDIUM,No,verify/data/,approved,14292,594e746becc356afac8124afb15b8eefa526090556f0f38a17d8232e358bfd50
active_development/data/profile-physical-ui-objects.json,active_development/data/profile-physical-ui-objects.json,data,Configuration / Data,Runtime data/configuration: profile-physical-ui-objects.json,canonical,current,4,,unique,MEDIUM,No,verify/data/,approved,3199,2472f101b3163e862e1e5c9663f85e8bf4993a3d31a498f7c9a043d7763c2283
active_development/data/register-physical-ui-objects.json,active_development/data/register-physical-ui-objects.json,data,Configuration / Data,Runtime data/configuration: register-physical-ui-objects.json,canonical,current,4,,unique,MEDIUM,No,verify/data/,approved,2582,0ff72b13643566e64152492bd01587734b9042adc2acbb14f48e6b808574c3ee
active_development/data/security-leak-audit.json,active_development/data/security-leak-audit.json,data,Configuration / Data,Runtime data/configuration: security-leak-audit.json,canonical,current,4,,unique,MEDIUM,No,verify/data/,approved,405,6d4c5ce3c28972978094e0645260c9984b36925f523007d7f7ebe4c3119e8df4
active_development/data/syntax-audit.json,active_development/data/syntax-audit.json,data,Configuration / Data,Runtime data/configuration: syntax-audit.json,canonical,current,4,,unique,MEDIUM,No,verify/data/,approved,44,c0498c527e5f9bff2326803f4f62970c62a4f54dc6ac570d7d986f8d13d5b0f7
active_development/data/theme-system.json,active_development/data/theme-system.json,data,Configuration / Data,Runtime data/configuration: theme-system.json,canonical,current,4,,unique,MEDIUM,No,verify/data/,approved,1005,0044ca6289ef1cc65955866b03dd3b2c8db05719876f8a46a33cf275237c1d8c
active_development/data/ui-response-mapping.json,active_development/data/ui-response-mapping.json,data,Configuration / Data,Runtime data/configuration: ui-response-mapping.json,canonical,current,8,,duplicate-group-fe33492af62c4958|needs-classification,MEDIUM,No,verify/data/,approved,42018,fe33492af62c495841a26bf1420507b071a93806ebc9627f20dfcf1d9e5ec7e0
active_development/financing.html,active_development/financing.html,unclassified,Unclassified,Active development artifact: financing.html,active-dev,current,5,,unique,LOW,No,none,pending-mapping,4200,f2ddd91e25360256cd0e0a1a00ee39101d54ce8f1fb96826d30be548eaa2adb0
active_development/firebase.json,active_development/firebase.json,unclassified,Unclassified,Active development artifact: firebase.json,active-dev,current,5,,unique,LOW,No,none,pending-mapping,809,d303fca60079dca465ebafe0a7703255b79d63c503454b429d0395d07f637ca7
active_development/firebase/firestore.indexes.json,active_development/firebase/firestore.indexes.json,backend,Backend / Firebase,Firebase backend artifact: firestore.indexes.json,canonical,current,5,,unique,MEDIUM,Yes,verify/security/|verify/integrations/,approved,743,51aefc7fbad86afef84ff7eef182bc38c7d02efb645930aebfdced5afdd3b63e
active_development/firebase/firestore.rules,active_development/firebase/firestore.rules,backend,Backend / Firebase,Firebase backend artifact: firestore.rules,canonical,current,16,,unique,HIGH,Yes,verify/security/|verify/integrations/,approved,53234,8610fd1722e02d2ed14d2801060dcf46d64c008aa205a859da372671baf8832a
active_development/firebase/functions/backfillPublicProfiles.js,active_development/firebase/functions/backfillPublicProfiles.js,backend,Backend / Firebase,Firebase backend artifact: backfillPublicProfiles.js,canonical,current,4,,unique,MEDIUM,Yes,verify/security/|verify/integrations/,approved,1748,2fb1997ba1aa95630bc0176ae7445fe662a1f362848c020d587d9f3e5637360f
active_development/firebase/functions/brokerHQDiscoveryProjection.js,active_development/firebase/functions/brokerHQDiscoveryProjection.js,backend,Backend / Firebase,Firebase backend artifact: brokerHQDiscoveryProjection.js,canonical,current,4,,unique,MEDIUM,Yes,verify/security/|verify/integrations/,approved,5386,d07b97d6d635ee0f8a5052147abf869d41878767a098787fc419335ed6356bd6
active_development/firebase/functions/canonical-authority.js,active_development/firebase/functions/canonical-authority.js,backend,Backend / Firebase,Firebase backend artifact: canonical-authority.js,canonical,current,4,,unique,MEDIUM,Yes,verify/security/|verify/integrations/,approved,740,9a459bfa7232fb8749645fb1dccc6a89d48a090f6be02059c6e301b62b50469e
active_development/firebase/functions/contracts/kyc-authorization.json,active_development/firebase/functions/contracts/kyc-authorization.json,backend,Backend / Firebase,Firebase backend artifact: kyc-authorization.json,canonical,current,6,,duplicate-group-dddfd46d6010cec9|needs-classification,HIGH,Yes,verify/security/|verify/integrations/,approved,1694,dddfd46d6010cec98192516b568c324bd0cc8641504e63a62721cb2b23b0f340
active_development/firebase/functions/package.json,active_development/firebase/functions/package.json,backend,Backend / Firebase,Firebase backend artifact: package.json,canonical,current,4,,unique,MEDIUM,Yes,verify/security/|verify/integrations/,approved,315,6082118a7964f2d23711172119a6d2052254b65d780e1304218208d663f2cf4c
active_development/firebase/functions/publicProfileProjection.js,active_development/firebase/functions/publicProfileProjection.js,backend,Backend / Firebase,Firebase backend artifact: publicProfileProjection.js,canonical,current,5,,unique,MEDIUM,Yes,verify/security/|verify/integrations/,approved,1214,38a232006475af0a88816a6574527f011322e43b9be8b9a90c5f5f7403877780
active_development/firebase/functions/tiers.js,active_development/firebase/functions/tiers.js,backend,Backend / Firebase,Firebase backend artifact: tiers.js,canonical,current,4,,unique,MEDIUM,Yes,verify/security/|verify/integrations/,approved,26676,13324a15c1f3ba6556df1997aeaf1aafca46bf02c3e7a958bc46bcb51cd17545
active_development/house-world.css,active_development/house-world.css,unclassified,Unclassified,Active development artifact: house-world.css,active-dev,current,4,,unique,LOW,No,none,pending-mapping,5343,d4e346bd5c233d5ae96eb2d47ac53919773a829281ea4f76a686d2022c8b6b79
active_development/index.html,active_development/index.html,unclassified,Unclassified,Active development artifact: index.html,active-dev,current,7,,unique,LOW,No,none,pending-mapping,50278,2d0a0965750e52583d86fd27338bdd2dd626143db4a474eb7912208d7402b601
active_development/js/admin-gov-disclaimers.js,active_development/js/admin-gov-disclaimers.js,frontend,Frontend / UI,Client-side JavaScript: admin-gov-disclaimers.js,canonical,current,4,,unique,MEDIUM,No,verify/routes/,approved,2215,366de03b3c8ae162e3eb4071f9bbd078bd949146ae069d58a557dc98cf338311
active_development/js/admin-gov-housing.js,active_development/js/admin-gov-housing.js,frontend,Frontend / UI,Client-side JavaScript: admin-gov-housing.js,canonical,current,4,,unique,MEDIUM,No,verify/routes/,approved,7037,d4c98913277b52e5bd007990faedc442cdaa5630fb636b1217577eb1948631fc
active_development/js/admin-uid.js,active_development/js/admin-uid.js,frontend,Frontend / UI,Client-side JavaScript: admin-uid.js,canonical,current,5,,unique,MEDIUM,No,verify/routes/,approved,2733,c3f53a10cb43309d218c18c95c231b00b77dd13f9471519d4a8afa71ed8a780d
active_development/js/admin/contracts.js,active_development/js/admin/contracts.js,frontend,Frontend / UI,Client-side JavaScript: contracts.js,canonical,current,4,,unique,MEDIUM,No,verify/routes/,approved,2716,8382ab8709f1ad1a5455cc1aa8627c0e0bd05a841cda150ee21e26f5320fb9b5
active_development/js/admin/core.js,active_development/js/admin/core.js,frontend,Frontend / UI,Client-side JavaScript: core.js,canonical,current,5,,unique,MEDIUM,No,verify/routes/,approved,4004,d6ffaa9f66a2d8cdd916f83cd4f2881cbb9c51b70fe637b7fe067ef9f2adf182
active_development/js/admin/kyc-registry.js,active_development/js/admin/kyc-registry.js,frontend,Frontend / UI,Client-side JavaScript: kyc-registry.js,canonical,current,4,,unique,MEDIUM,No,verify/routes/,approved,7852,f9f2b91c87d0e06f23b23b508cee299e60c186d70658ac31ad28a20fcd138701
active_development/js/admin/listing-help-payments.js,active_development/js/admin/listing-help-payments.js,frontend,Frontend / UI,Client-side JavaScript: listing-help-payments.js,canonical,current,4,,unique,MEDIUM,No,verify/routes/,approved,6958,d0fac3d20c77c1021e80444345dc4973942d26fcda68ba567be5e560be7dc437
active_development/js/admin/logout.js,active_development/js/admin/logout.js,frontend,Frontend / UI,Client-side JavaScript: logout.js,canonical,current,4,,unique,MEDIUM,No,verify/routes/,approved,134,d44f013d6114090105302e93d1f62df641a6e42e38dd24f9af3158316528a336
active_development/js/admin/orders.js,active_development/js/admin/orders.js,frontend,Frontend / UI,Client-side JavaScript: orders.js,canonical,current,4,,unique,MEDIUM,No,verify/routes/,approved,9207,3825d27670dc2f930d1679c57dcb2d9ea9890cf63e915f57da1cb69574fda8e8
active_development/js/admin/prompt.js,active_development/js/admin/prompt.js,frontend,Frontend / UI,Client-side JavaScript: prompt.js,canonical,current,4,,unique,MEDIUM,No,verify/routes/,approved,7679,26854a79300d0184ad9b6b1cbdb102046d57690e91816570e0283c8c1faadbaa
active_development/js/admin/properties.js,active_development/js/admin/properties.js,frontend,Frontend / UI,Client-side JavaScript: properties.js,canonical,current,4,,unique,MEDIUM,No,verify/routes/,approved,8353,411eca448e91aefe3088e2e6e6b1c575eb5c969e105b3779e54cee99dedfe000
active_development/js/admin/reports.js,active_development/js/admin/reports.js,frontend,Frontend / UI,Client-side JavaScript: reports.js,canonical,current,4,,unique,MEDIUM,No,verify/routes/,approved,8496,aad9698ba0e11f13ce9a7822d2621e71a2696add0e931c93815c98aab9c0cdd7
active_development/js/admin/staff-alerts.js,active_development/js/admin/staff-alerts.js,frontend,Frontend / UI,Client-side JavaScript: staff-alerts.js,canonical,current,4,,unique,MEDIUM,No,verify/routes/,approved,2260,dabc70419febb20f5a8539e4c4893708d693add62a8180fd4426d56c256b16e9
active_development/js/admin/support-tickets.js,active_development/js/admin/support-tickets.js,frontend,Frontend / UI,Client-side JavaScript: support-tickets.js,canonical,current,5,,unique,MEDIUM,No,verify/routes/,approved,16567,08791b8b23a4d259f6ab097e26ee61f5517c3b279b543d15985d38987ba4d98f
active_development/js/admin/tabs.js,active_development/js/admin/tabs.js,frontend,Frontend / UI,Client-side JavaScript: tabs.js,canonical,current,4,,unique,MEDIUM,No,verify/routes/,approved,1447,6a556c592ba7415a7c595ae94b1eb8114f7043ed411ef4a7cf35be51bdad5578
active_development/js/admin/users.js,active_development/js/admin/users.js,frontend,Frontend / UI,Client-side JavaScript: users.js,canonical,current,4,,unique,MEDIUM,No,verify/routes/,approved,50081,d74a30a5a0ff4362b9697c590e2bf85cdfcecc2f5275467eeaeb6dfa378c266f
active_development/js/admin/verifications.js,active_development/js/admin/verifications.js,frontend,Frontend / UI,Client-side JavaScript: verifications.js,canonical,current,5,,unique,MEDIUM,No,verify/routes/,approved,14523,1dfd130d47b43d01c9cb5e2bcd53f2c0aca21a54db93a553d3cfe1dfaf4f9ebe
active_development/js/admin/verified-users.js,active_development/js/admin/verified-users.js,frontend,Frontend / UI,Client-side JavaScript: verified-users.js,canonical,current,4,,unique,MEDIUM,No,verify/routes/,approved,3983,77e68b4a53da76cae6af9e6444e7934362b8bb05fb17c0d1121057302efcc79f
active_development/js/admin/wanted.js,active_development/js/admin/wanted.js,frontend,Frontend / UI,Client-side JavaScript: wanted.js,canonical,current,4,,unique,MEDIUM,No,verify/routes/,approved,6491,6a45b3388345ff1468f8ceabb45e74284ae142fc843b46fe6a74eafef89e27ea
active_development/js/animation-root.js,active_development/js/animation-root.js,frontend,Frontend / UI,Client-side JavaScript: animation-root.js,canonical,current,5,,unique,MEDIUM,No,verify/routes/,approved,2338,b53a9ba80a7b05c4b4a5281a3faef04f5e521d00c4fc1e19cbfdd590839df3d5
active_development/js/auth-physical-ui.js,active_development/js/auth-physical-ui.js,frontend,Frontend / UI,Client-side JavaScript: auth-physical-ui.js,canonical,current,4,,unique,MEDIUM,No,verify/routes/,approved,2746,b067c84a088cf3c8df05185581d36d36a6e02b8e66c025139ecaf2238ffa8207
active_development/js/auth.js,active_development/js/auth.js,frontend,Frontend / UI,Client-side JavaScript: auth.js,canonical,current,7,,unique,MEDIUM,No,verify/routes/,approved,23823,04969b33145f79cd37cfb7601291f55ec44bdfd77b12a5564bba164907691940
active_development/js/authority-contract.js,active_development/js/authority-contract.js,frontend,Frontend / UI,Client-side JavaScript: authority-contract.js,canonical,current,4,,unique,MEDIUM,No,verify/routes/,approved,2759,edf8bdf4bac73001715059bf65d7e266250d9dee61e4be9ea8ce68bdfd3e6488
active_development/js/brand-logo.js,active_development/js/brand-logo.js,frontend,Frontend / UI,Client-side JavaScript: brand-logo.js,canonical,current,4,,unique,MEDIUM,No,verify/routes/,approved,842,4097faac8bc1418fd9ad15e798d456eeb5bc427af257d83b39a7ca442171a8de
active_development/js/broker-data-contract.js,active_development/js/broker-data-contract.js,frontend,Frontend / UI,Client-side JavaScript: broker-data-contract.js,canonical,current,4,,unique,MEDIUM,No,verify/routes/,approved,1840,61a447847aab770f639336537d96dc8a96f13d7ddaf951d2a43f6f65cd085530
active_development/js/broker-hq.js,active_development/js/broker-hq.js,frontend,Frontend / UI,Client-side JavaScript: broker-hq.js,canonical,current,6,,unique,MEDIUM,No,verify/routes/,approved,44616,eb6dc94fea475761fe9f3b39104c7cb31382cfeaecf39a6aab0049252e3709bb
active_development/js/canonical-role.js,active_development/js/canonical-role.js,frontend,Frontend / UI,Client-side JavaScript: canonical-role.js,canonical,current,5,,unique,MEDIUM,No,verify/routes/,approved,1171,dd53f9f84e14ebb0dfdaaaeb5077b5e35b93691f20a2a1083d3b97dd3836e9eb
active_development/js/cinematic-ui.js,active_development/js/cinematic-ui.js,frontend,Frontend / UI,Client-side JavaScript: cinematic-ui.js,canonical,current,4,,unique,MEDIUM,No,verify/routes/,approved,16213,6bb623763bd3bcfcf3d14d38efe2d28707e16173aeb03ea7af526fdeae04fe0f
active_development/js/collections.js,active_development/js/collections.js,frontend,Frontend / UI,Client-side JavaScript: collections.js,canonical,current,4,,unique,MEDIUM,No,verify/routes/,approved,1959,d98ca0da11bb1d8e2dc9961e655d037f027e563318602a1b2a20359331d29066
active_development/js/credits-logos.js,active_development/js/credits-logos.js,frontend,Frontend / UI,Client-side JavaScript: credits-logos.js,canonical,current,4,,unique,MEDIUM,No,verify/routes/,approved,2342,a43fed10942ccff36c973cc757179ce9ef8fe6192444351f5c7157cfad4dd608
active_development/js/customSelect.js,active_development/js/customSelect.js,frontend,Frontend / UI,Client-side JavaScript: customSelect.js,canonical,current,4,,unique,MEDIUM,No,verify/routes/,approved,2764,c4a87c89b2ee6c21288bbfdd50f035f6ca128811e8a75d54a40437e41e0b011e
active_development/js/design-roots.js,active_development/js/design-roots.js,frontend,Frontend / UI,Client-side JavaScript: design-roots.js,canonical,current,5,,unique,MEDIUM,No,verify/routes/,approved,2689,fd272fa3fcc0f1d9c6b5b0dc4c3d609be6ecbd0b411ac7062cb8c7445a8832df
active_development/js/firebase.js,active_development/js/firebase.js,frontend,Frontend / UI,Client-side JavaScript: firebase.js,canonical,current,8,,unique,MEDIUM,No,verify/routes/,approved,2264,f367581bf28df097e191c79a3b9dea8a7d0e577df538a5daa9950a2355a6f7bf
active_development/js/geo.js,active_development/js/geo.js,frontend,Frontend / UI,Client-side JavaScript: geo.js,canonical,current,4,,unique,MEDIUM,No,verify/routes/,approved,844,e214c8f0a9d1b4c24b985f53e18390cfbcd2e5784618604891a27c57f8c0dbce
active_development/js/gov-disclaimers.js,active_development/js/gov-disclaimers.js,frontend,Frontend / UI,Client-side JavaScript: gov-disclaimers.js,canonical,current,4,,unique,MEDIUM,No,verify/routes/,approved,4084,db276f9c35d55f03bf390e8ccb96a673e0731caf65de29682958e0202407dec2
active_development/js/gov-housing-posts.js,active_development/js/gov-housing-posts.js,frontend,Frontend / UI,Client-side JavaScript: gov-housing-posts.js,canonical,current,4,,unique,MEDIUM,No,verify/routes/,approved,5260,e0732ceb4792710fcea489002b94ebbf395d1e62045f78fada8d43761b31fa22
active_development/js/home-gov-housing.js,active_development/js/home-gov-housing.js,frontend,Frontend / UI,Client-side JavaScript: home-gov-housing.js,canonical,current,4,,unique,MEDIUM,No,verify/routes/,approved,3980,fcdd034b994ac7b23a9f1eeb630f619db8a1778a3e1dd6c7a9a89f097aa58908
active_development/js/home/environment-modes.js,active_development/js/home/environment-modes.js,frontend,Frontend / UI,Client-side JavaScript: environment-modes.js,canonical,current,4,,unique,MEDIUM,No,verify/routes/,approved,2480,0ee7d0fdd2e442e1f052f11046af985b1e71f6df1b0b98212e55b20c1ec8b407
active_development/js/home/featured-live.js,active_development/js/home/featured-live.js,frontend,Frontend / UI,Client-side JavaScript: featured-live.js,canonical,current,4,,unique,MEDIUM,No,verify/routes/,approved,2898,14b661e1fa4cd7788055f35c7581ff63cce9ecbf8efa4d73516ed78004e1f8da
active_development/js/home/home-typing-slogans.js,active_development/js/home/home-typing-slogans.js,frontend,Frontend / UI,Client-side JavaScript: home-typing-slogans.js,canonical,current,4,,unique,MEDIUM,No,verify/routes/,approved,875,aea508c4efa415f84406f9e406edb4ec5e0443295a5d388752509cf6b9114579
active_development/js/home/house-camera-rig.js,active_development/js/home/house-camera-rig.js,frontend,Frontend / UI,Client-side JavaScript: house-camera-rig.js,canonical,current,4,,unique,MEDIUM,No,verify/routes/,approved,2500,4adf5b8760a6a601c263dbae793397d5b7d42dc4662c3855c74cf8f10d70f27f
active_development/js/home/house-world-scroll.js,active_development/js/home/house-world-scroll.js,frontend,Frontend / UI,Client-side JavaScript: house-world-scroll.js,canonical,current,4,,unique,MEDIUM,No,verify/routes/,approved,3475,aa68107b483fc189e819cf3b797c1ae730eea41f6db33903b09c8169bc0349f2
active_development/js/home/map-teaser.js,active_development/js/home/map-teaser.js,frontend,Frontend / UI,Client-side JavaScript: map-teaser.js,canonical,current,4,,unique,MEDIUM,No,verify/routes/,approved,4171,bcb10acbafb609767d05fd069efc5bdb40a6c493d26ea6e5c42284695b265aff
active_development/js/home/navbar.js,active_development/js/home/navbar.js,frontend,Frontend / UI,Client-side JavaScript: navbar.js,canonical,current,4,,unique,MEDIUM,No,verify/routes/,approved,3384,d0171f704df7b8788feeeb39682fda1710d5e566634359aa86a74372d98884bc
active_development/js/home/physical-ui-objects.js,active_development/js/home/physical-ui-objects.js,frontend,Frontend / UI,Client-side JavaScript: physical-ui-objects.js,canonical,current,5,,unique,MEDIUM,No,verify/routes/,approved,4725,15d63309a45d0a10f457a30bb3343b975697bef5059861b30573ed13b05f24f6
active_development/js/home/typing.js,active_development/js/home/typing.js,frontend,Frontend / UI,Client-side JavaScript: typing.js,canonical,current,4,,unique,MEDIUM,No,verify/routes/,approved,1151,a526de2b480c44c645eff4807d9960d4e03897fba51ba03f7e3a9c3679c2f439
active_development/js/kyc-reference.js,active_development/js/kyc-reference.js,frontend,Frontend / UI,Client-side JavaScript: kyc-reference.js,canonical,current,4,,unique,MEDIUM,No,verify/routes/,approved,1899,ad98e18546fd3c865fd10aeddabbd1218cf538c0cff12411bf7ed35abc155250
active_development/js/leave-guard.js,active_development/js/leave-guard.js,frontend,Frontend / UI,Client-side JavaScript: leave-guard.js,canonical,current,4,,unique,MEDIUM,No,verify/routes/,approved,1691,663c7b6783a9887ff53141ab555722bc726de28a04788b7ace2fcaa345a9c164
active_development/js/listing-catalog.js,active_development/js/listing-catalog.js,frontend,Frontend / UI,Client-side JavaScript: listing-catalog.js,canonical,current,4,,unique,MEDIUM,No,verify/routes/,approved,5679,0693985d97e21ff3e51f887c73b4f5de98b7f4804c127bc2027f15f960502414
active_development/js/listing-create-gate.js,active_development/js/listing-create-gate.js,frontend,Frontend / UI,Client-side JavaScript: listing-create-gate.js,canonical,current,4,,unique,MEDIUM,No,verify/routes/,approved,3323,18f71f88230b42be023b7d833423aea38e7f239f719244a04e784aa0d86f4880
active_development/js/market-chrome.js,active_development/js/market-chrome.js,frontend,Frontend / UI,Client-side JavaScript: market-chrome.js,canonical,current,4,,unique,MEDIUM,No,verify/routes/,approved,7871,a4fa381a1c5e6a582b2e6a38879e5a4f9dc0b9738c33a729dbf2c82846075cf5
active_development/js/market-data-contract.js,active_development/js/market-data-contract.js,frontend,Frontend / UI,Client-side JavaScript: market-data-contract.js,canonical,current,4,,unique,MEDIUM,No,verify/routes/,approved,3442,ae97ddac7d964174f751ec5b626da6897b81247d86c211668609fe29dd124575
active_development/js/market-discovery-contract.js,active_development/js/market-discovery-contract.js,frontend,Frontend / UI,Client-side JavaScript: market-discovery-contract.js,canonical,current,4,,unique,MEDIUM,No,verify/routes/,approved,4080,7e6960a80eeb78d00255facf9352f83b9aa3c94b0534574a02ccce53788db5df
active_development/js/market-map.js,active_development/js/market-map.js,frontend,Frontend / UI,Client-side JavaScript: market-map.js,canonical,current,4,,unique,MEDIUM,No,verify/routes/,approved,51704,19be661f22a533b50e68a129529f97829378f093dc5577f08070d961b748a0c5
active_development/js/market-profile-physical-ui.js,active_development/js/market-profile-physical-ui.js,frontend,Frontend / UI,Client-side JavaScript: market-profile-physical-ui.js,canonical,current,4,,unique,MEDIUM,No,verify/routes/,approved,1942,be68a956e0ebe6dd36706670fe7dcd1d0fb5111100fe39e36a8d3d8fee6c8ec5
active_development/js/market.js,active_development/js/market.js,frontend,Frontend / UI,Client-side JavaScript: market.js,canonical,current,5,,unique,MEDIUM,No,verify/routes/,approved,29467,dd41f51b633b54faab883069e23b2b0f92f76ea3341249506013eb97e96d0e96
active_development/js/payment-config.js,active_development/js/payment-config.js,frontend,Frontend / UI,Client-side JavaScript: payment-config.js,canonical,current,5,,unique,MEDIUM,No,verify/routes/,approved,4058,87b4cfd9a5011ab1a8c37b56aa6806666dac99daef9e8255d24adb94fc59fe45
active_development/js/physical-ui-state.js,active_development/js/physical-ui-state.js,frontend,Frontend / UI,Client-side JavaScript: physical-ui-state.js,canonical,current,5,,unique,MEDIUM,No,verify/routes/,approved,3914,51a0efc2e505b05d4d584f8f1f774324a0fe0718309e455f6b88f7b73f444cd4
active_development/js/pins-model.js,active_development/js/pins-model.js,frontend,Frontend / UI,Client-side JavaScript: pins-model.js,canonical,current,4,,unique,MEDIUM,No,verify/routes/,approved,6083,123f002856c133729337ce706ef111faa14ef7b236295d382f86c5522de8a1f2
active_development/js/points-ledger.js,active_development/js/points-ledger.js,frontend,Frontend / UI,Client-side JavaScript: points-ledger.js,canonical,current,4,,unique,MEDIUM,No,verify/routes/,approved,2777,ce293d7a50ad603b3b99a788b8d63ebdafd454f694aa834adddd0223bad11f6c
active_development/js/preferred-radius.js,active_development/js/preferred-radius.js,frontend,Frontend / UI,Client-side JavaScript: preferred-radius.js,canonical,current,4,,unique,MEDIUM,No,verify/routes/,approved,4757,7fa8926ff1dc26eb5286ec0e860a189005439d33e828c7cd1062fc53fc9a15c3
active_development/js/profile/active-listings.js,active_development/js/profile/active-listings.js,frontend,Frontend / UI,Client-side JavaScript: active-listings.js,canonical,current,4,,unique,MEDIUM,No,verify/routes/,approved,10411,42b7132e363899daebf51e082664640566419432f06246742422d207008efb07
active_development/js/profile/admin-link.js,active_development/js/profile/admin-link.js,frontend,Frontend / UI,Client-side JavaScript: admin-link.js,canonical,current,4,,unique,MEDIUM,No,verify/routes/,approved,212,3dddd8e005308e70c418633aa4acd8ec0d4ba637c6ff3a89fce1d2d092727150
active_development/js/profile/amenities-ui.js,active_development/js/profile/amenities-ui.js,frontend,Frontend / UI,Client-side JavaScript: amenities-ui.js,canonical,current,4,,unique,MEDIUM,No,verify/routes/,approved,2693,03471cd1fd9e4a3c4e1af8bb8c074ca9ed3aa11dfa8c2215cede87e820726dcc
active_development/js/profile/avatar-picker.js,active_development/js/profile/avatar-picker.js,frontend,Frontend / UI,Client-side JavaScript: avatar-picker.js,canonical,current,4,,unique,MEDIUM,No,verify/routes/,approved,4112,5a8f8d552e70d5fcdc062d9eaad083a94a6fd03066bd8b13eef19cefef5b2a80
active_development/js/profile/body-scroll-lock.js,active_development/js/profile/body-scroll-lock.js,frontend,Frontend / UI,Client-side JavaScript: body-scroll-lock.js,canonical,current,4,,unique,MEDIUM,No,verify/routes/,approved,2017,a8ff578a75a1aa41e087a5eaa451b8747528ce45f75b31799fb0baf032f77e64
active_development/js/profile/boost-order.js,active_development/js/profile/boost-order.js,frontend,Frontend / UI,Client-side JavaScript: boost-order.js,canonical,current,4,,unique,MEDIUM,No,verify/routes/,approved,15512,5330b50e8d5d7ffcba41a3c463e6fd796d1d48da9de832b87692023e2a28733d
active_development/js/profile/broker-assists.js,active_development/js/profile/broker-assists.js,frontend,Frontend / UI,Client-side JavaScript: broker-assists.js,canonical,current,4,,unique,MEDIUM,No,verify/routes/,approved,6727,2d699fe6bdc85818fa81b77013146fd991e9e2e6d45359d2d87d600ef9ac61fe
active_development/js/profile/contract-chat.js,active_development/js/profile/contract-chat.js,frontend,Frontend / UI,Client-side JavaScript: contract-chat.js,canonical,current,4,,unique,MEDIUM,No,verify/routes/,approved,9444,2825bf49324c0a0a223bf111ec4b2384425a4c1d6cde59a88606138364de81dc
active_development/js/profile/contract-dictionary.js,active_development/js/profile/contract-dictionary.js,frontend,Frontend / UI,Client-side JavaScript: contract-dictionary.js,canonical,current,4,,unique,MEDIUM,No,verify/routes/,approved,3187,48b41eb2afcd06c465a834cc61b944eeeefc9668bcd7bd3a821ca37fbdcdf58e
active_development/js/profile/contracts-tab.js,active_development/js/profile/contracts-tab.js,frontend,Frontend / UI,Client-side JavaScript: contracts-tab.js,canonical,current,4,,unique,MEDIUM,No,verify/routes/,approved,16992,41b7868ae37528c2f7cf6cf7cb0f2752f1032b357c6e35314e3f003e3c27c439
active_development/js/profile/core.js,active_development/js/profile/core.js,frontend,Frontend / UI,Client-side JavaScript: core.js,canonical,current,6,,unique,MEDIUM,No,verify/routes/,approved,1661,5a163929a235ae6c0e2fb276536efc8e2ccb33d5367c579186bb5d25eda1e29d
active_development/js/profile/delete-account.js,active_development/js/profile/delete-account.js,frontend,Frontend / UI,Client-side JavaScript: delete-account.js,canonical,current,4,,unique,MEDIUM,No,verify/routes/,approved,2539,669caf221536a131fe79482b073b705ef63f2faed75dc2e9f194c3fb20683c25
active_development/js/profile/gov-housing.js,active_development/js/profile/gov-housing.js,frontend,Frontend / UI,Client-side JavaScript: gov-housing.js,canonical,current,4,,unique,MEDIUM,No,verify/routes/,approved,4388,784ff3d3e14541d44f47a15e0d213acfd227ec437c87fc1da5d2c5413730142c
active_development/js/profile/header-scroll.js,active_development/js/profile/header-scroll.js,frontend,Frontend / UI,Client-side JavaScript: header-scroll.js,canonical,current,4,,unique,MEDIUM,No,verify/routes/,approved,8701,283acd4a9296e7cf191e8dfcf2a7a18651f3c9c147defd4c5bbf76570a85fe48
active_development/js/profile/kyc-form.js,active_development/js/profile/kyc-form.js,frontend,Frontend / UI,Client-side JavaScript: kyc-form.js,canonical,current,7,,unique,MEDIUM,No,verify/routes/,approved,24229,74edfd5d2916f8ddd4c8006883dc84ef4360fcd90547d8db734384c45169dc0d
active_development/js/profile/law-dictionary.js,active_development/js/profile/law-dictionary.js,frontend,Frontend / UI,Client-side JavaScript: law-dictionary.js,canonical,current,4,,unique,MEDIUM,No,verify/routes/,approved,7814,3379cb60f7b957d193843e690683fab6b284f30335437d3f8dd19ef3860cd699
active_development/js/profile/listing-form.js,active_development/js/profile/listing-form.js,frontend,Frontend / UI,Client-side JavaScript: listing-form.js,canonical,current,5,,unique,MEDIUM,No,verify/routes/,approved,76975,ffed7ea414173a5bb6f0acf22b4bff1a38cb4449893333c62a820dddcf35b92e
active_development/js/profile/listing-lock.js,active_development/js/profile/listing-lock.js,frontend,Frontend / UI,Client-side JavaScript: listing-lock.js,canonical,current,4,,unique,MEDIUM,No,verify/routes/,approved,1182,7cc09940a0c88941818d784eb6037ede7c3b3bc59c7b44c9f188d65caa33d587
active_development/js/profile/listing-map.js,active_development/js/profile/listing-map.js,frontend,Frontend / UI,Client-side JavaScript: listing-map.js,canonical,current,4,,unique,MEDIUM,No,verify/routes/,approved,7269,a7d07b17ee8f2a4a10dc63d9f3ef6491cbeec6c675c0023db0c370a35b591cea
active_development/js/profile/logout.js,active_development/js/profile/logout.js,frontend,Frontend / UI,Client-side JavaScript: logout.js,canonical,current,7,,unique,MEDIUM,No,verify/routes/,approved,3600,eb3de86b435fec13478e37892135004e29cb0b0314fc9cf596cd416f70c3cbde
active_development/js/profile/match-notify.js,active_development/js/profile/match-notify.js,frontend,Frontend / UI,Client-side JavaScript: match-notify.js,canonical,current,4,,unique,MEDIUM,No,verify/routes/,approved,586,15ab77e509b3cdd5fe6b57a877e66bb63056d9d2dbe9c2d2ab09ee4aab9af951
active_development/js/profile/messages.js,active_development/js/profile/messages.js,frontend,Frontend / UI,Client-side JavaScript: messages.js,canonical,current,4,,unique,MEDIUM,No,verify/routes/,approved,21583,285bd845ad3a6c523bbde0c95b65b7362264f42df1c07b94685bfa199de3475a
active_development/js/profile/need-help.js,active_development/js/profile/need-help.js,frontend,Frontend / UI,Client-side JavaScript: need-help.js,canonical,current,4,,unique,MEDIUM,No,verify/routes/,approved,16073,87759048513bdf20fd36cd795a68dc986bd9a7d10df8b5c789cb863c0cd963e0
active_development/js/profile/notifications.js,active_development/js/profile/notifications.js,frontend,Frontend / UI,Client-side JavaScript: notifications.js,canonical,current,4,,unique,MEDIUM,No,verify/routes/,approved,15028,2a4abdf446a2ac75efef492adadb2c03a4c36c2b71b6df172354cc98a888abd7
active_development/js/profile/ongoing-contracts.js,active_development/js/profile/ongoing-contracts.js,frontend,Frontend / UI,Client-side JavaScript: ongoing-contracts.js,canonical,current,4,,unique,MEDIUM,No,verify/routes/,approved,5193,86e3da4ca6da8a76e4a37910b62c64cb212c66d9c3289af94eaa53c79787c1e5
active_development/js/profile/perks.js,active_development/js/profile/perks.js,frontend,Frontend / UI,Client-side JavaScript: perks.js,canonical,current,4,,unique,MEDIUM,No,verify/routes/,approved,39871,53678e55b1dc5f1a45f56624bc2d52850b7be4e1001fd9ff0db32eaef3354936
active_development/js/profile/portfolio-assets.js,active_development/js/profile/portfolio-assets.js,frontend,Frontend / UI,Client-side JavaScript: portfolio-assets.js,canonical,current,4,,unique,MEDIUM,No,verify/routes/,approved,3766,0a4c513c990b51ea03d4025b8bb7377a4aeba19b31b9f3748ea643f73b53b19f
active_development/js/profile/privacy-settings.js,active_development/js/profile/privacy-settings.js,frontend,Frontend / UI,Client-side JavaScript: privacy-settings.js,canonical,current,4,,unique,MEDIUM,No,verify/routes/,approved,3308,edd78cf3d97199561f81c99aca5e18b8f08775cc9ed054ab4e071443592d0b01
active_development/js/profile/profile-cooldown.js,active_development/js/profile/profile-cooldown.js,frontend,Frontend / UI,Client-side JavaScript: profile-cooldown.js,canonical,current,4,,unique,MEDIUM,No,verify/routes/,approved,10779,a34f8e6f7c8ff4dc91681ab1cf21de6033eb607db42c95d2ad87c8e6e31b48c0
active_development/js/profile/profile-data.js,active_development/js/profile/profile-data.js,frontend,Frontend / UI,Client-side JavaScript: profile-data.js,canonical,current,6,,unique,MEDIUM,No,verify/routes/,approved,25311,f6f74b70f58bab3765b10433675210e922cf0b2278384e0d4ff430d61044ecdc
active_development/js/profile/profile-scale.js,active_development/js/profile/profile-scale.js,frontend,Frontend / UI,Client-side JavaScript: profile-scale.js,canonical,current,4,,unique,MEDIUM,No,verify/routes/,approved,1784,52949c8973af974253b882dd313e380f3e547f825a271cba3b06a1350c2bfa5f
active_development/js/profile/pull-refresh.js,active_development/js/profile/pull-refresh.js,frontend,Frontend / UI,Client-side JavaScript: pull-refresh.js,canonical,current,4,,unique,MEDIUM,No,verify/routes/,approved,31,2515f72f0a902e8d35f2f5c62ced6b05304f86d2a502bd730a506ae025de7867
active_development/js/profile/reviews-view.js,active_development/js/profile/reviews-view.js,frontend,Frontend / UI,Client-side JavaScript: reviews-view.js,canonical,current,4,,unique,MEDIUM,No,verify/routes/,approved,8695,6d5b31107225ac04879462aa312c8cde34d25f75064d657e468e185de018fd08
active_development/js/profile/role.js,active_development/js/profile/role.js,frontend,Frontend / UI,Client-side JavaScript: role.js,canonical,current,4,,unique,MEDIUM,No,verify/routes/,approved,977,8b8be9657f348cdac5bdd87b39ad734a1b25ca8943b02f5eb57183d36c282048
active_development/js/profile/saved-properties.js,active_development/js/profile/saved-properties.js,frontend,Frontend / UI,Client-side JavaScript: saved-properties.js,canonical,current,4,,unique,MEDIUM,No,verify/routes/,approved,5357,6cc6ce957d4e21e82a7764103a6c9c5d4dc4fb8b47747148c28f80e3520953bd
active_development/js/profile/saved-wanted.js,active_development/js/profile/saved-wanted.js,frontend,Frontend / UI,Client-side JavaScript: saved-wanted.js,canonical,current,4,,unique,MEDIUM,No,verify/routes/,approved,3463,fafeb5f881e061a2e935f1e31e8ec823cbd71baf565040a46a72f9a9a6b0cf6e
active_development/js/profile/settings-dropdown.js,active_development/js/profile/settings-dropdown.js,frontend,Frontend / UI,Client-side JavaScript: settings-dropdown.js,canonical,current,4,,unique,MEDIUM,No,verify/routes/,approved,7641,2dc02e23f6089b4abf4e3aba2b449f7534f545d79617a8ba978905009f5c3f61
active_development/js/profile/subscription-boot.js,active_development/js/profile/subscription-boot.js,frontend,Frontend / UI,Client-side JavaScript: subscription-boot.js,canonical,current,4,,unique,MEDIUM,No,verify/routes/,approved,1306,df5d12e2b0d472646e555efc053f48b00ad2cd80e2c2eab8027eadbb6daff526
active_development/js/profile/support-boot.js,active_development/js/profile/support-boot.js,frontend,Frontend / UI,Client-side JavaScript: support-boot.js,canonical,current,4,,unique,MEDIUM,No,verify/routes/,approved,167,b942d8f8d4ead5f93c75745e88501c54a4ae60e88ac6029d77ac5775337b5a56
active_development/js/profile/support-ticket.js,active_development/js/profile/support-ticket.js,frontend,Frontend / UI,Client-side JavaScript: support-ticket.js,canonical,current,5,,unique,MEDIUM,No,verify/routes/,approved,10272,740ef7a2b842360f7adef2a73081e52de6dd795cfed3420017fdfd4d304203e6
active_development/js/profile/tabs.js,active_development/js/profile/tabs.js,frontend,Frontend / UI,Client-side JavaScript: tabs.js,canonical,current,5,,unique,MEDIUM,No,verify/routes/,approved,5670,636db7c48d611560b4456a49260a21b1fe1172810ba15e34268b376bde54cded
active_development/js/profile/tier-progress-modal.js,active_development/js/profile/tier-progress-modal.js,frontend,Frontend / UI,Client-side JavaScript: tier-progress-modal.js,canonical,current,4,,unique,MEDIUM,No,verify/routes/,approved,3357,4aa68c9e68555b6db0ae5d49cc6a25ee29faf8bf4cffe3c28f06e4c9726bd443
active_development/js/profile/ui-dialog.js,active_development/js/profile/ui-dialog.js,frontend,Frontend / UI,Client-side JavaScript: ui-dialog.js,canonical,current,4,,unique,MEDIUM,No,verify/routes/,approved,5287,60794bdc62a14e0a06d984e48ab8cf992758a1351119a1432794bb384c0a4226
active_development/js/profile/user-search.js,active_development/js/profile/user-search.js,frontend,Frontend / UI,Client-side JavaScript: user-search.js,canonical,current,4,,unique,MEDIUM,No,verify/routes/,approved,7309,421969749542b2ba0541f3d9ad8b3ee10d74c5f6b256421b9f956bf2f8ddfbc7
active_development/js/profile/visit-mode.js,active_development/js/profile/visit-mode.js,frontend,Frontend / UI,Client-side JavaScript: visit-mode.js,canonical,current,4,,unique,MEDIUM,No,verify/routes/,approved,208,49b07ced80dfb93c82902eabd73bc94637076be5ffd7dfd59f1a8293d1734173
active_development/js/profile/visitor-profile.js,active_development/js/profile/visitor-profile.js,frontend,Frontend / UI,Client-side JavaScript: visitor-profile.js,canonical,current,4,,unique,MEDIUM,No,verify/routes/,approved,30861,274e0aeaf72732de3559a4396d138167c882a51ee6b40b972b9b10eed29a0469
active_development/js/profile/wanted-form.js,active_development/js/profile/wanted-form.js,frontend,Frontend / UI,Client-side JavaScript: wanted-form.js,canonical,current,4,,unique,MEDIUM,No,verify/routes/,approved,15025,af9f190984b8b374f96fe35a62ea0c1370cb234a368954c625996da197fae285
active_development/js/profile/wanted-map.js,active_development/js/profile/wanted-map.js,frontend,Frontend / UI,Client-side JavaScript: wanted-map.js,canonical,current,4,,unique,MEDIUM,No,verify/routes/,approved,4706,ec3f1e3f984df66dfafca50ca9b541c8ce9165704e6bdff36bea507f1aff056b
active_development/js/profile/wanted-posts-summary.js,active_development/js/profile/wanted-posts-summary.js,frontend,Frontend / UI,Client-side JavaScript: wanted-posts-summary.js,canonical,current,4,,unique,MEDIUM,No,verify/routes/,approved,8618,e9074ae6e28b02047300dbb25673e70fe8d8cc15cef84bb860d2897e7e89592c
active_development/js/radius-cooldown.js,active_development/js/radius-cooldown.js,frontend,Frontend / UI,Client-side JavaScript: radius-cooldown.js,canonical,current,4,,unique,MEDIUM,No,verify/routes/,approved,5073,10bda289931a94e4a2836615411a7b31465117816844d99d5428de9a3a795d70
active_development/js/reference-3d/README.md,README.md,project-guide,Project Guide,Repository index and targeting entry point,canonical,current,3,,unique,HIGH,Yes,verify/contracts/,approved,601,2c30e0a492eb267aa98d93caf098ebf10759e9ce9f989fb1753148ad4eef9324
active_development/js/reference-3d/cinematic-3d-adapter.js,active_development/js/reference-3d/cinematic-3d-adapter.js,frontend,Frontend / UI,Client-side JavaScript: cinematic-3d-adapter.js,canonical,current,4,,unique,MEDIUM,No,verify/routes/,approved,4346,ed8249f6ab4d13e9e76a45b2d140526b446d75325168bba0707bdee0fd23070b
active_development/js/reference-3d/cinematic-3d-asset-loader.js,active_development/js/reference-3d/cinematic-3d-asset-loader.js,frontend,Frontend / UI,Client-side JavaScript: cinematic-3d-asset-loader.js,canonical,current,3,,unique,MEDIUM,No,verify/routes/,approved,4777,d1821d8ddf46136bcd56cda041d719f0699f5a2807a637c3303cc0961317c7ed
active_development/js/reference-3d/cinematic-3d-renderer.js,active_development/js/reference-3d/cinematic-3d-renderer.js,frontend,Frontend / UI,Client-side JavaScript: cinematic-3d-renderer.js,canonical,current,3,,unique,MEDIUM,No,verify/routes/,approved,10221,bd0e071f09c469e3be36b9a1cb72ca8151dc7dfa1c79c0a184149a19ab655a28
active_development/js/route-access-contract.js,active_development/js/route-access-contract.js,frontend,Frontend / UI,Client-side JavaScript: route-access-contract.js,canonical,current,9,,unique,MEDIUM,No,verify/routes/,approved,3139,32bfa33986f2c049a68a574e9bbbec9071999f3dd242d0f3335607912729035e
active_development/js/route-authority.js,active_development/js/route-authority.js,frontend,Frontend / UI,Client-side JavaScript: route-authority.js,canonical,current,4,,unique,MEDIUM,No,verify/routes/,approved,838,563b1dcffc4642753fe5a484db750acc14d7b029b84e85cfafc89f850b9fae79
active_development/js/search.js,active_development/js/search.js,frontend,Frontend / UI,Client-side JavaScript: search.js,canonical,current,4,,unique,MEDIUM,No,verify/routes/,approved,5516,9b2667a0b53d0e315613f428e657e569a6caa36643a6a062d36e2a2454a51582
active_development/js/session.js,active_development/js/session.js,frontend,Frontend / UI,Client-side JavaScript: session.js,canonical,current,4,,unique,MEDIUM,No,verify/routes/,approved,1335,0c2a67e29aff4962c16f617e8c8f9f13d7a18ec46ab4b636553249e03e5298f2
active_development/js/subscription.js,active_development/js/subscription.js,frontend,Frontend / UI,Client-side JavaScript: subscription.js,canonical,current,4,,unique,MEDIUM,No,verify/routes/,approved,2728,d44d0fdc81b13c19984617bdd930824feeafea4376465a5fd8040abda427f94e
active_development/js/supabase.js,active_development/js/supabase.js,frontend,Frontend / UI,Client-side JavaScript: supabase.js,canonical,current,7,,unique,MEDIUM,No,verify/routes/,approved,6136,848d2a672ea3f7a3ef9365f92a635c040e83ac04aeed64a079681395c500cc1a
active_development/js/tiers.js,active_development/js/tiers.js,frontend,Frontend / UI,Client-side JavaScript: tiers.js,canonical,current,4,,unique,MEDIUM,No,verify/routes/,approved,26285,16134d6c5fc85439524e6dabbdd01c24cdd984917536297e03d1c31edd338447
active_development/js/transition.js,active_development/js/transition.js,frontend,Frontend / UI,Client-side JavaScript: transition.js,canonical,current,4,,unique,MEDIUM,No,verify/routes/,approved,634,4c013b8136627adca4b6bbd74b0dd4e314ad3b94ce91197eebe727f68c3b1761
active_development/login.html,active_development/login.html,unclassified,Unclassified,Active development artifact: login.html,active-dev,current,5,,unique,LOW,No,none,pending-mapping,9080,bdab1bfa3e0e6358b380e6f21de11af8c838f081f47b9387caa702308be1d362
active_development/market.html,active_development/market.html,unclassified,Unclassified,Active development artifact: market.html,active-dev,current,5,,unique,LOW,No,none,pending-mapping,16021,8b3a39747543b373cfd13938f0229b184b6f369eba653409c26ec9242f5ce542
active_development/moderator.html,active_development/moderator.html,unclassified,Unclassified,Active development artifact: moderator.html,active-dev,current,5,,unique,LOW,No,none,pending-mapping,11696,b78c5f54a949aebafec77f17038d97d37c6d4b3b6d32ea7aa5b232c08602c009
active_development/privacy.html,active_development/privacy.html,unclassified,Unclassified,Active development artifact: privacy.html,active-dev,current,5,,unique,LOW,No,none,pending-mapping,3726,b2723904a8f902aa31334b7fbae6e9610c402c8261096c3633e412fbec483568
active_development/profile.html,active_development/profile.html,unclassified,Unclassified,Active development artifact: profile.html,active-dev,current,9,,unique,LOW,No,none,pending-mapping,96139,019b1ba5115bfd227e117f02bedd8533f08e1215bd48685597a8d159900a5561
active_development/register.html,active_development/register.html,unclassified,Unclassified,Active development artifact: register.html,active-dev,current,5,,unique,LOW,No,none,pending-mapping,10843,9a70bde4eeaed0b4b6594b8d2d776110c7862886476241c0731cde6dc669ff96
active_development/staff.html,active_development/staff.html,unclassified,Unclassified,Active development artifact: staff.html,active-dev,current,5,,unique,LOW,No,none,pending-mapping,13805,7661ca4ece7b36197cbdddacd6b7c2ac231222e9e01f63fd4244376fbbd50b78
active_development/supabase/README.md,README.md,project-guide,Project Guide,Repository index and targeting entry point,canonical,current,4,,unique,HIGH,Yes,verify/contracts/,approved,810,f70266c7ba2fbdd3081b1732eb1e9e53b3cb572a55525b6a2c89743203981a68
active_development/supabase/config.toml,active_development/supabase/config.toml,backend,Backend / Supabase,Supabase backend artifact: config.toml,canonical,current,4,,unique,MEDIUM,Yes,verify/integrations/,approved,358,dd1a9c1fea5985f31cff9baa8a11b9fb9337e9bea7800c78a376f351fc5bb596
active_development/supabase/functions/_shared/firebase-auth.ts,active_development/supabase/functions/_shared/firebase-auth.ts,backend,Backend / Supabase,Supabase backend artifact: firebase-auth.ts,canonical,current,4,,unique,MEDIUM,Yes,verify/integrations/,approved,952,240432a80d6f985bf244cd0f132d12221688ef566ba4a9df885e0ccb081e13a2
active_development/supabase/functions/_shared/firestore-rest.ts,active_development/supabase/functions/_shared/firestore-rest.ts,backend,Backend / Supabase,Supabase backend artifact: firestore-rest.ts,canonical,current,4,,unique,MEDIUM,Yes,verify/integrations/,approved,2562,e52088fc8b5e2953dc2a5755d0b0aba2f3c477fa4a69d0e86dec4f68c0fa0c31
active_development/supabase/functions/_shared/jpeg.ts,active_development/supabase/functions/_shared/jpeg.ts,backend,Backend / Supabase,Supabase backend artifact: jpeg.ts,canonical,current,5,,unique,MEDIUM,Yes,verify/integrations/,approved,163,f827ffb5594035a5c6a46aece2e20d28267e7d6e64c3520e06f4a037afc4571e
active_development/supabase/functions/_shared/kyc-authorization.json,active_development/supabase/functions/_shared/kyc-authorization.json,backend,Backend / Supabase,Supabase backend artifact: kyc-authorization.json,canonical,current,6,,duplicate-group-dddfd46d6010cec9|needs-classification,HIGH,Yes,verify/integrations/,approved,1694,dddfd46d6010cec98192516b568c324bd0cc8641504e63a62721cb2b23b0f340
active_development/supabase/functions/_shared/supabase-config.ts,active_development/supabase/functions/_shared/supabase-config.ts,backend,Backend / Supabase,Supabase backend artifact: supabase-config.ts,canonical,current,4,,unique,MEDIUM,Yes,verify/integrations/,approved,226,99277a2550b9b9c4f542b6d5e721f9e0ca5632cc6ac41e4e963307f89feb711d
active_development/supabase/functions/get-kyc-signed-url/index.ts,active_development/supabase/functions/get-kyc-signed-url/index.ts,backend,Backend / Supabase,Supabase backend artifact: index.ts,canonical,current,5,,unique,MEDIUM,Yes,verify/integrations/,approved,4608,a5cc66ee132a79202e08088ce15f26406e93bbf63e4f9aa80526570846642b1c
active_development/supabase/functions/upload-kyc-document/index.ts,active_development/supabase/functions/upload-kyc-document/index.ts,backend,Backend / Supabase,Supabase backend artifact: index.ts,canonical,current,6,,unique,HIGH,Yes,verify/integrations/,approved,4451,744a39b81414be8260bc0af8b6ca02b9cbbceb767ac29b0e00fe5b9fd4450f1c
active_development/supabase/functions/upload-listing-image/index.ts,active_development/supabase/functions/upload-listing-image/index.ts,backend,Backend / Supabase,Supabase backend artifact: index.ts,canonical,current,6,,unique,HIGH,Yes,verify/integrations/,approved,3679,7e5c2f1accfbc5d446c254803f059223ac8c2c29812b4ced326261a2c4a14d07
active_development/supabase/migrations/0001_homefinder_storage_authority.sql,active_development/supabase/migrations/0001_homefinder_storage_authority.sql,backend,Backend / Supabase,Supabase backend artifact: 0001_homefinder_storage_authority.sql,canonical,current,6,,unique,HIGH,Yes,verify/integrations/,approved,1008,9305cf9869ffe9e5ca94308c5ce462ccff5c9f8751a97ca03e4388e14f69aff2
active_development/terms.html,active_development/terms.html,unclassified,Unclassified,Active development artifact: terms.html,active-dev,current,5,,unique,LOW,No,none,pending-mapping,3766,3148308c55b132a44663e1a873e71c67b9b9f34d34e2b08d64bc934aaa627524
active_development/tests/5.5G6C-protected-logic-freeze.test.mjs,active_development/tests/5.5G6C-protected-logic-freeze.test.mjs,verification,Verification,Active development test: 5.5G6C-protected-logic-freeze.test.mjs,active-dev,current,4,,unique,MEDIUM,No,active_development/tests/,pending-mapping,1971,f6f9ea3806872d21688254b630545dbf8f154e9da704d4107484e5f72df63ecf
active_development/tests/5.5G6C-role-hardening.test.mjs,active_development/tests/5.5G6C-role-hardening.test.mjs,verification,Verification,Active development test: 5.5G6C-role-hardening.test.mjs,active-dev,current,5,,unique,MEDIUM,No,active_development/tests/,pending-mapping,1668,3969b5cf958e9d2fd73888d5eeaeb6a4aaf4020aa992f815bf1b97f949fcf624
active_development/tests/authority/patch-37-authority-vocabulary.test.mjs,active_development/tests/authority/patch-37-authority-vocabulary.test.mjs,verification,Verification,Active development test: patch-37-authority-vocabulary.test.mjs,active-dev,current,10,,unique,MEDIUM,Yes,active_development/tests/,pending-mapping,2280,fb93461335c307f888f518a0d1eb760f1111538bab941a524a2589a3d6047450
active_development/tests/authority/patch-39-capability-boundary-matrix.test.mjs,active_development/tests/authority/patch-39-capability-boundary-matrix.test.mjs,verification,Verification,Active development test: patch-39-capability-boundary-matrix.test.mjs,active-dev,current,10,,unique,MEDIUM,Yes,active_development/tests/,pending-mapping,2859,2a08cf203842739d33c7c43dc957fda62ec04b6fa50c270157a4f27c2dc2a442
active_development/tests/authority/patch-41-capability-migration.test.mjs,active_development/tests/authority/patch-41-capability-migration.test.mjs,verification,Verification,Active development test: patch-41-capability-migration.test.mjs,active-dev,current,10,,unique,MEDIUM,Yes,active_development/tests/,pending-mapping,3235,f895c32461e317043f449264614bedc4240c9d6010b3155dc4c804d0ada7b702
active_development/tests/authority/patch-42-legacy-guard-inventory.test.mjs,active_development/tests/authority/patch-42-legacy-guard-inventory.test.mjs,verification,Verification,Active development test: patch-42-legacy-guard-inventory.test.mjs,active-dev,current,10,,unique,MEDIUM,Yes,active_development/tests/,pending-mapping,1239,4e0de4177a4027aaaa75a5bd6f8b18dc6f66814677eec9e95b6b445271190489
active_development/tests/authority/patch-54-retire-ambiguous-staff-alias.test.mjs,active_development/tests/authority/patch-54-retire-ambiguous-staff-alias.test.mjs,verification,Verification,Active development test: patch-54-retire-ambiguous-staff-alias.test.mjs,active-dev,current,8,,unique,MEDIUM,Yes,active_development/tests/,pending-mapping,751,f530f4a245c8767656e506a1137279d2ad7ba384ad8bdfb4e6ea7fe8b3873a14
active_development/tests/canonical-camera-binding.test.mjs,active_development/tests/canonical-camera-binding.test.mjs,verification,Verification,Active development test: canonical-camera-binding.test.mjs,active-dev,current,5,,unique,MEDIUM,No,active_development/tests/,pending-mapping,1070,36a461f525c730701ac522472eea6d8e8985d41089362a9f5c321e35edbf6eb9
active_development/tests/cinematic-3d-adapter.test.mjs,active_development/tests/cinematic-3d-adapter.test.mjs,verification,Verification,Active development test: cinematic-3d-adapter.test.mjs,active-dev,current,8,,duplicate-group-4068c63613779c56|needs-classification,MEDIUM,No,active_development/tests/,pending-mapping,1607,4068c63613779c5648bd624f9037d2efbf41df0caf9ba0a9bf35dbd1c9364158
active_development/tests/cinematic-camera-hero.test.mjs,active_development/tests/cinematic-camera-hero.test.mjs,verification,Verification,Active development test: cinematic-camera-hero.test.mjs,active-dev,current,12,,unique,MEDIUM,No,active_development/tests/,pending-mapping,1458,1db408f440dd6c6e1feaed739fd5d82cb967b5c31897a40b7be0fdc4a8f0dbf3
active_development/tests/dd04-final-authority-freeze.test.mjs,active_development/tests/dd04-final-authority-freeze.test.mjs,verification,Verification,Active development test: dd04-final-authority-freeze.test.mjs,active-dev,current,10,,unique,MEDIUM,Yes,active_development/tests/,pending-mapping,1322,9434c499cb0aace2eca6f02414ce163b55230634b4efa3b7975b66594ecebe0b
active_development/tests/dd05-h04-map-preview.test.mjs,active_development/tests/dd05-h04-map-preview.test.mjs,verification,Verification,Active development test: dd05-h04-map-preview.test.mjs,active-dev,current,8,,unique,MEDIUM,Yes,active_development/tests/,pending-mapping,881,cb777c43a274e2d1fa5da76c924a2d73bbaba9548df176728cdd775185c49179
active_development/tests/dd05-h05-government-housing.test.mjs,active_development/tests/dd05-h05-government-housing.test.mjs,verification,Verification,Active development test: dd05-h05-government-housing.test.mjs,active-dev,current,10,,unique,MEDIUM,Yes,active_development/tests/,pending-mapping,1280,2b218f9350c5a60bfb8aa29a889c2317b04f4fafc5f6bcb4b81146bbe8e8c36e
active_development/tests/dd05-h06-mission.test.mjs,active_development/tests/dd05-h06-mission.test.mjs,verification,Verification,Active development test: dd05-h06-mission.test.mjs,active-dev,current,10,,unique,MEDIUM,Yes,active_development/tests/,pending-mapping,1668,08a4c752481b687970f7b19a254359d27726e696783a11d64d783ea5eb7a7747
active_development/tests/dd05-h09-contact-exit.test.mjs,active_development/tests/dd05-h09-contact-exit.test.mjs,verification,Verification,Active development test: dd05-h09-contact-exit.test.mjs,active-dev,current,10,,unique,MEDIUM,Yes,active_development/tests/,pending-mapping,1678,97cf1fd03e70bc8ab80d872b0d13c0a1062c70bfeec9157cdb8e6e38a3d89eee
active_development/tests/dd05-main-hall-cinematic-map.test.mjs,active_development/tests/dd05-main-hall-cinematic-map.test.mjs,verification,Verification,Active development test: dd05-main-hall-cinematic-map.test.mjs,active-dev,current,10,,unique,MEDIUM,Yes,active_development/tests/,pending-mapping,1275,4a2ce9171ec4f513c20e668810d524fe0f3d4d04874d07374c7464e8153fc9d8
active_development/tests/dd05-main-hall-sequence-reconciliation.test.mjs,active_development/tests/dd05-main-hall-sequence-reconciliation.test.mjs,verification,Verification,Active development test: dd05-main-hall-sequence-reconciliation.test.mjs,active-dev,current,10,,unique,MEDIUM,Yes,active_development/tests/,pending-mapping,1307,f3717a00de4ddd7aba903646b9106f8f06aa7e41f54818e476178cf73f2c9bc9
active_development/tests/dd05-ui-response-mapping.test.mjs,active_development/tests/dd05-ui-response-mapping.test.mjs,verification,Verification,Active development test: dd05-ui-response-mapping.test.mjs,active-dev,current,10,,unique,MEDIUM,Yes,active_development/tests/,pending-mapping,2462,02eb9d21620615d3dd2b0b181db01f5ead690d8fc1474edc11b5a6522af4cff4
active_development/tests/deep-dive-04-auth-roles-permissions.test.mjs,active_development/tests/deep-dive-04-auth-roles-permissions.test.mjs,verification,Verification,Active development test: deep-dive-04-auth-roles-permissions.test.mjs,active-dev,current,8,,unique,MEDIUM,No,active_development/tests/,pending-mapping,1896,b4aad83b35563b0bb1045a475e64198ab5ef646188b657d06e0374d0087f3d8f
active_development/tests/dictionary/patch-35-dictionary-foundation.test.mjs,active_development/tests/dictionary/patch-35-dictionary-foundation.test.mjs,verification,Verification,Active development test: patch-35-dictionary-foundation.test.mjs,active-dev,current,10,,unique,MEDIUM,Yes,active_development/tests/,pending-mapping,1746,c7e3132420a69cda9d42260fdc3daa215a7b8dc7fc2f4960f7f64792c52e38c8
active_development/tests/foundation-repair-01-authority-contracts.test.mjs,active_development/tests/foundation-repair-01-authority-contracts.test.mjs,verification,Verification,Active development test: foundation-repair-01-authority-contracts.test.mjs,active-dev,current,10,,unique,MEDIUM,Yes,active_development/tests/,pending-mapping,1179,10faaf07c676eff51a91c38df70d06e4a94450dc1147df42ef51de46d625a443
active_development/tests/foundation-repair-02-points-authority.test.mjs,active_development/tests/foundation-repair-02-points-authority.test.mjs,verification,Verification,Active development test: foundation-repair-02-points-authority.test.mjs,active-dev,current,10,,unique,MEDIUM,Yes,active_development/tests/,pending-mapping,1273,c00d5912ea285451cb78b5ad7ba04586c7e0ab4416181ad7b1698e0aa9fc4662
active_development/tests/foundation-repair-03-points-abuse.test.mjs,active_development/tests/foundation-repair-03-points-abuse.test.mjs,verification,Verification,Active development test: foundation-repair-03-points-abuse.test.mjs,active-dev,current,10,,unique,MEDIUM,Yes,active_development/tests/,pending-mapping,1399,f3b43fb36e8d07c362447463601fcc9b47b73f780cb9b9852913e68f6a87807a
active_development/tests/foundation-repair-04-tier-entitlement.test.mjs,active_development/tests/foundation-repair-04-tier-entitlement.test.mjs,verification,Verification,Active development test: foundation-repair-04-tier-entitlement.test.mjs,active-dev,current,11,,unique,MEDIUM,Yes,active_development/tests/,pending-mapping,2037,4a65342101506075c5b8dea2a74000ee9b59d170bcfb54e766fd88feb484129b
active_development/tests/foundation-repair-05-subscription-entitlement.test.mjs,active_development/tests/foundation-repair-05-subscription-entitlement.test.mjs,verification,Verification,Active development test: foundation-repair-05-subscription-entitlement.test.mjs,active-dev,current,12,,unique,MEDIUM,Yes,active_development/tests/,pending-mapping,1965,786ca15b05898c937bf9798276ba8a3f739fd1283d082647b41883dc388cdd50
active_development/tests/foundation-repair-06-image-cap.test.js,active_development/tests/foundation-repair-06-image-cap.test.js,verification,Verification,Active development test: foundation-repair-06-image-cap.test.js,active-dev,current,6,,unique,MEDIUM,Yes,active_development/tests/,pending-mapping,594,e49231fc778bf734ae25e18c20358a3712d0da1b4fcc3a58bc838e110d60c090
active_development/tests/foundation-repair-07-admin-capacity-override.test.mjs,active_development/tests/foundation-repair-07-admin-capacity-override.test.mjs,verification,Verification,Active development test: foundation-repair-07-admin-capacity-override.test.mjs,active-dev,current,12,,unique,MEDIUM,Yes,active_development/tests/,pending-mapping,758,26656fb54508f80a068ee18ef6fc5fcf476f7295006d80c622ca985966b1ec94
active_development/tests/foundation-repair-08.test.mjs,active_development/tests/foundation-repair-08.test.mjs,verification,Verification,Active development test: foundation-repair-08.test.mjs,active-dev,current,9,,unique,MEDIUM,Yes,active_development/tests/,pending-mapping,625,f99b8c80f72f0c2e0819781fd143774567bebe5cf07d0209b3d847faac1f0ea5
active_development/tests/foundation-repair-09-pin-authority.test.mjs,active_development/tests/foundation-repair-09-pin-authority.test.mjs,verification,Verification,Active development test: foundation-repair-09-pin-authority.test.mjs,active-dev,current,12,,unique,MEDIUM,Yes,active_development/tests/,pending-mapping,1055,47aecd149b1bfbed37b8ba73646eab2325582ec5cee41c773e65b587302fb539
active_development/tests/foundation-repair-10-radius-authority.test.mjs,active_development/tests/foundation-repair-10-radius-authority.test.mjs,verification,Verification,Active development test: foundation-repair-10-radius-authority.test.mjs,active-dev,current,12,,unique,MEDIUM,Yes,active_development/tests/,pending-mapping,1655,8585bc0864ae9e246029a8320b82af60a0376208a3918dce89bb7bbd1d9ee1a0
active_development/tests/foundation-repair-11-match-notification-dedupe.test.mjs,active_development/tests/foundation-repair-11-match-notification-dedupe.test.mjs,verification,Verification,Active development test: foundation-repair-11-match-notification-dedupe.test.mjs,active-dev,current,12,,unique,MEDIUM,Yes,active_development/tests/,pending-mapping,1099,80564782b6371dd7cc94c2adee5bc5f0ea67e991a61f29d1f7c6e092988063ed
active_development/tests/foundation-repair-12-stale-match.test.mjs,active_development/tests/foundation-repair-12-stale-match.test.mjs,verification,Verification,Active development test: foundation-repair-12-stale-match.test.mjs,active-dev,current,12,,unique,MEDIUM,Yes,active_development/tests/,pending-mapping,1018,68fde365d41e683a92573a2b7863f6b13d0bc0099c08ed80db71c61d7f324c0d
active_development/tests/from-verify/animation-object-responsive-root.test.mjs,active_development/tests/from-verify/animation-object-responsive-root.test.mjs,verification,Verification,Active development test: animation-object-responsive-root.test.mjs,active-dev,current,7,,unique,MEDIUM,No,active_development/tests/,pending-mapping,2017,0d89c0702e2d51828e27c302030cbc8e296d767a441cf6d8968456d6c151e4f0
active_development/tests/from-verify/auth-physical-ui-propagation.test.mjs,active_development/tests/from-verify/auth-physical-ui-propagation.test.mjs,verification,Verification,Active development test: auth-physical-ui-propagation.test.mjs,active-dev,current,5,,unique,MEDIUM,No,active_development/tests/,pending-mapping,1065,3e0b9617cdc4c331005f38b335d869dd9a19c873302dac32ad09ce54ca0e6572
active_development/tests/from-verify/data-vocabulary.test.mjs,active_development/tests/from-verify/data-vocabulary.test.mjs,verification,Verification,Active development test: data-vocabulary.test.mjs,active-dev,current,6,,unique,MEDIUM,No,active_development/tests/,pending-mapping,2075,02f70c7e2ff121358c7dfb7d53dd0d0b5e21a4a984452b8f71570c17aa53026d
active_development/tests/from-verify/design-roots-contract.test.mjs,active_development/tests/from-verify/design-roots-contract.test.mjs,verification,Verification,Active development test: design-roots-contract.test.mjs,active-dev,current,7,,unique,MEDIUM,No,active_development/tests/,pending-mapping,1682,706d48198866c8ce49e3a5d234ab9f875fbd36fad8ca3ee3322c7201620b1dc8
active_development/tests/from-verify/main-hall-camera-object-contract.test.mjs,active_development/tests/from-verify/main-hall-camera-object-contract.test.mjs,verification,Verification,Active development test: main-hall-camera-object-contract.test.mjs,active-dev,current,7,,unique,MEDIUM,No,active_development/tests/,pending-mapping,1113,d6c44a6cf5c3992eaec57d38e02fa8a3d8fb9ddf7ac88696fc13f97d6f4ef718
active_development/tests/from-verify/main-hall-physical-ui-roots.test.mjs,active_development/tests/from-verify/main-hall-physical-ui-roots.test.mjs,verification,Verification,Active development test: main-hall-physical-ui-roots.test.mjs,active-dev,current,7,,unique,MEDIUM,No,active_development/tests/,pending-mapping,1066,fe96b5dcb860ee7297d125a1b7f6dc08c33e99ddd2394a5fea427559ab3902b3
active_development/tests/from-verify/phase11-deploy-readiness.test.mjs,active_development/tests/from-verify/phase11-deploy-readiness.test.mjs,verification,Verification,Active development test: phase11-deploy-readiness.test.mjs,active-dev,current,6,,unique,MEDIUM,No,active_development/tests/,pending-mapping,543,4ac6aa6fed67431c7e8a55e699abf5ce781cefd2ba5ac17da611026a9eda4a1b
active_development/tests/house-camera-rig.test.mjs,active_development/tests/house-camera-rig.test.mjs,verification,Verification,Active development test: house-camera-rig.test.mjs,active-dev,current,8,,unique,MEDIUM,No,active_development/tests/,pending-mapping,2049,6e3bd39578b2f5290c9729ad2f5599f252ca514ff506ab8dc814448a0ec7d507
active_development/tests/listings-book-interaction.test.mjs,active_development/tests/listings-book-interaction.test.mjs,verification,Verification,Active development test: listings-book-interaction.test.mjs,active-dev,current,10,,unique,MEDIUM,No,active_development/tests/,pending-mapping,788,4a597f2773530fea8b9ce6823e79afa26c7cc23838836de53a0a91a2a1d82252
active_development/tests/m1-runtime-boundary.test.mjs,active_development/tests/m1-runtime-boundary.test.mjs,verification,Verification,Active development test: m1-runtime-boundary.test.mjs,active-dev,current,4,,unique,MEDIUM,No,active_development/tests/,pending-mapping,1241,824d5e337b01649544930cb5edcda74f23d205c5fa11edc8d8aa2354eebfdee3
active_development/tests/market-discovery-contract.test.mjs,active_development/tests/market-discovery-contract.test.mjs,verification,Verification,Active development test: market-discovery-contract.test.mjs,active-dev,current,8,,unique,MEDIUM,No,active_development/tests/,pending-mapping,1412,d11e8c398c29102b13a7ea53e3211e92b72fd8a3847227efe24b36fe2ce4ed16
active_development/tests/market-patch-07.test.js,active_development/tests/market-patch-07.test.js,verification,Verification,Active development test: market-patch-07.test.js,active-dev,current,8,,unique,MEDIUM,Yes,active_development/tests/,pending-mapping,1850,2787be5949343daf95665dae69706de3b56e205e1afde578647312a6bb4dd4e7
active_development/tests/market-patch-08.test.js,active_development/tests/market-patch-08.test.js,verification,Verification,Active development test: market-patch-08.test.js,active-dev,current,8,,unique,MEDIUM,Yes,active_development/tests/,pending-mapping,1410,d4072b7c95ca66a3b28ca9f07b2eecc25e4ccfd571516aca2c5777f2f4eb0991
active_development/tests/market-patch-09.test.js,active_development/tests/market-patch-09.test.js,verification,Verification,Active development test: market-patch-09.test.js,active-dev,current,8,,unique,MEDIUM,Yes,active_development/tests/,pending-mapping,749,f321ff2b7eb583ab2cea67107cc6d4304685528ec973c1fc5e0fc9739c98f323
active_development/tests/market-patch-10.test.js,active_development/tests/market-patch-10.test.js,verification,Verification,Active development test: market-patch-10.test.js,active-dev,current,6,,unique,MEDIUM,Yes,active_development/tests/,pending-mapping,2438,fcc89d7885fc74d73564c54b5373aebaab4b3a338f9ab8c2193a895094bd3eeb
active_development/tests/market-patch-11a-audit.test.mjs,active_development/tests/market-patch-11a-audit.test.mjs,verification,Verification,Active development test: market-patch-11a-audit.test.mjs,active-dev,current,12,,unique,MEDIUM,Yes,active_development/tests/,pending-mapping,1228,52bda70e84539912f58db40c5ba6bcb83695ed3a93c7ac525d8a7754eeb3a389
active_development/tests/market-presentation.test.js,active_development/tests/market-presentation.test.js,verification,Verification,Active development test: market-presentation.test.js,active-dev,current,4,,unique,MEDIUM,No,active_development/tests/,pending-mapping,932,6f9479117cc98250bd034876f6518b3a8ccd9b0b02a0820756305f99bee6c156
active_development/tests/market-profile-physical-ui-propagation.test.mjs,active_development/tests/market-profile-physical-ui-propagation.test.mjs,verification,Verification,Active development test: market-profile-physical-ui-propagation.test.mjs,active-dev,current,11,,unique,MEDIUM,No,active_development/tests/,pending-mapping,1574,b907388632d8c98324eb4ada519c9680f49144c3a8f106172ad5db38d1eb06d8
active_development/tests/patch-11c-r7-pin-authority.test.mjs,active_development/tests/patch-11c-r7-pin-authority.test.mjs,verification,Verification,Active development test: patch-11c-r7-pin-authority.test.mjs,active-dev,current,12,,unique,MEDIUM,Yes,active_development/tests/,pending-mapping,1148,4df35d1e31ae8002ea2490d3a95591a76b84725ea27e3657b405d5ecf830db41
active_development/tests/patch-12-integration-hardening.test.mjs,active_development/tests/patch-12-integration-hardening.test.mjs,verification,Verification,Active development test: patch-12-integration-hardening.test.mjs,active-dev,current,11,,unique,MEDIUM,Yes,active_development/tests/,pending-mapping,2058,2c977ae67f87dc10c8dae805c22606bb3c9659700ebec6592f361d3437b5ffb2
active_development/tests/patch-14-listing-activity.test.mjs,active_development/tests/patch-14-listing-activity.test.mjs,verification,Verification,Active development test: patch-14-listing-activity.test.mjs,active-dev,current,12,,unique,MEDIUM,Yes,active_development/tests/,pending-mapping,1531,72a08695b8f360ef27faba29c55a178811dbbf9d8c94bb368f4c6a2b2dd813a6
active_development/tests/patch-15-listing-activity.test.js,active_development/tests/patch-15-listing-activity.test.js,verification,Verification,Active development test: patch-15-listing-activity.test.js,active-dev,current,8,,unique,MEDIUM,Yes,active_development/tests/,pending-mapping,1655,64d342339d72f803d862b0654f8699d837f8be2f4934e5a5e91e1a5f0ea10849
active_development/tests/patch-16-listing-activity-contracts.test.mjs,active_development/tests/patch-16-listing-activity-contracts.test.mjs,verification,Verification,Active development test: patch-16-listing-activity-contracts.test.mjs,active-dev,current,12,,unique,MEDIUM,Yes,active_development/tests/,pending-mapping,1108,3137598c528d197a7970f4c731ac61902f9fbb57529afdd0f13c223ebfd6c3bf
active_development/tests/patch-17-contract-activation.test.mjs,active_development/tests/patch-17-contract-activation.test.mjs,verification,Verification,Active development test: patch-17-contract-activation.test.mjs,active-dev,current,12,,unique,MEDIUM,Yes,active_development/tests/,pending-mapping,1579,55247ef61b45bd587320b1442425f7b51a174d05aec9e157bde190863ff571e8
active_development/tests/patch-18-listing-inquiry.test.mjs,active_development/tests/patch-18-listing-inquiry.test.mjs,verification,Verification,Active development test: patch-18-listing-inquiry.test.mjs,active-dev,current,12,,unique,MEDIUM,Yes,active_development/tests/,pending-mapping,2100,e73654ab2cd52a6e04c06b6e1e5ed56fa7fc8076c8e9067ce81c16baf48b076a
active_development/tests/patch-19-discovery-impression.test.mjs,active_development/tests/patch-19-discovery-impression.test.mjs,verification,Verification,Active development test: patch-19-discovery-impression.test.mjs,active-dev,current,11,,unique,MEDIUM,Yes,active_development/tests/,pending-mapping,1570,daeec68c2cf6abb1ab60fe37b5bd9e387ca1a535f92e8bdc1b11dddb23c6ed0c
active_development/tests/patch-20-statistics-read-map.test.mjs,active_development/tests/patch-20-statistics-read-map.test.mjs,verification,Verification,Active development test: patch-20-statistics-read-map.test.mjs,active-dev,current,12,,unique,MEDIUM,Yes,active_development/tests/,pending-mapping,726,216722d17739bb8d0594fbb490ba49da36606c595f079b846277c4cb818d93b6
active_development/tests/patch-21-role-need-help.test.mjs,active_development/tests/patch-21-role-need-help.test.mjs,verification,Verification,Active development test: patch-21-role-need-help.test.mjs,active-dev,current,13,,unique,MEDIUM,Yes,active_development/tests/,pending-mapping,1157,db4f3a2010fae50fb4ecd1ad9ab3ef10e2db1f8f2a2a8f70816ce395647ea8ce
active_development/tests/patch-22-admin-ops-authority.test.mjs,active_development/tests/patch-22-admin-ops-authority.test.mjs,verification,Verification,Active development test: patch-22-admin-ops-authority.test.mjs,active-dev,current,10,,unique,MEDIUM,Yes,active_development/tests/,pending-mapping,1675,c4c087637dce92adedf3b6ef74779dde50809ac63acec69a648ffd7f49300878
active_development/tests/patch-23-admin-user-manage.test.mjs,active_development/tests/patch-23-admin-user-manage.test.mjs,verification,Verification,Active development test: patch-23-admin-user-manage.test.mjs,active-dev,current,10,,unique,MEDIUM,Yes,active_development/tests/,pending-mapping,1205,bc8b54f525d5e223899cd0e467e63ec97b0dd0ab726f2df09bf049b7d472a1d1
active_development/tests/patch-24-admin-specific-boosts.test.mjs,active_development/tests/patch-24-admin-specific-boosts.test.mjs,verification,Verification,Active development test: patch-24-admin-specific-boosts.test.mjs,active-dev,current,10,,unique,MEDIUM,Yes,active_development/tests/,pending-mapping,1838,1d6e91a8af920121d17378ae6fb72d968ecba4bb134c2c325214a873f206e42c
active_development/tests/patch-25-admin-subscription-grant.test.mjs,active_development/tests/patch-25-admin-subscription-grant.test.mjs,verification,Verification,Active development test: patch-25-admin-subscription-grant.test.mjs,active-dev,current,12,,unique,MEDIUM,Yes,active_development/tests/,pending-mapping,1173,ffbd33929a347f60dcb9c1e1330b54f9fa4d5455b6ba7490a016ea39470d1ab3
active_development/tests/patch-26-paypal-cloudflare-hardening.test.mjs,active_development/tests/patch-26-paypal-cloudflare-hardening.test.mjs,verification,Verification,Active development test: patch-26-paypal-cloudflare-hardening.test.mjs,active-dev,current,12,,unique,MEDIUM,Yes,active_development/tests/,pending-mapping,936,f06ef797bbd06a8764bcdd099a7e3441b08efca0c6ee78a823960cfbb36975e3
active_development/tests/patch-27-market-data-wiring.test.mjs,active_development/tests/patch-27-market-data-wiring.test.mjs,verification,Verification,Active development test: patch-27-market-data-wiring.test.mjs,active-dev,current,12,,unique,MEDIUM,Yes,active_development/tests/,pending-mapping,1570,87d2143541afd5475f63742f1fe33585663f6cf433e849c0a12ef0fd7adbadc1
active_development/tests/patch-28-broker-hq-data-wiring.test.mjs,active_development/tests/patch-28-broker-hq-data-wiring.test.mjs,verification,Verification,Active development test: patch-28-broker-hq-data-wiring.test.mjs,active-dev,current,11,,unique,MEDIUM,Yes,active_development/tests/,pending-mapping,1712,b10ae1bf5f0ac073729ae44ab09f5abcc181464b084bcccf9bde2aabd3106941
active_development/tests/patch-29-broker-hq-interaction-smoke.test.mjs,active_development/tests/patch-29-broker-hq-interaction-smoke.test.mjs,verification,Verification,Active development test: patch-29-broker-hq-interaction-smoke.test.mjs,active-dev,current,12,,unique,MEDIUM,Yes,active_development/tests/,pending-mapping,1887,688b848aa41c3486c3bb836952159413129ca3707ce5e9b1c22e4997541d724a
active_development/tests/patch-33-foundation-repair.test.mjs,active_development/tests/patch-33-foundation-repair.test.mjs,verification,Verification,Active development test: patch-33-foundation-repair.test.mjs,active-dev,current,9,,unique,MEDIUM,Yes,active_development/tests/,pending-mapping,1172,3931d2e434c04742ad64f578e6a67366984d5722a953816d28e92a5aaaabbbd3
active_development/tests/patch-34-market-shell.test.mjs,active_development/tests/patch-34-market-shell.test.mjs,verification,Verification,Active development test: patch-34-market-shell.test.mjs,active-dev,current,10,,unique,MEDIUM,Yes,active_development/tests/,pending-mapping,1246,8a3469819a0d1e60d7b9a93e9d984a97734741544c7c39f72bd01054e97c5b81
active_development/tests/patch-38-authority-wiring-audit.test.mjs,active_development/tests/patch-38-authority-wiring-audit.test.mjs,verification,Verification,Active development test: patch-38-authority-wiring-audit.test.mjs,active-dev,current,12,,unique,MEDIUM,Yes,active_development/tests/,pending-mapping,2639,d9d03c28ff36a4deb0241d816f049b7b7118bc185ea0c78d607e4aeb5133d4c0
active_development/tests/patch-40-boundary-decision.test.mjs,active_development/tests/patch-40-boundary-decision.test.mjs,verification,Verification,Active development test: patch-40-boundary-decision.test.mjs,active-dev,current,11,,unique,MEDIUM,Yes,active_development/tests/,pending-mapping,1616,516e93e85a126738d8f6d136b97614e7b35e40e2c8788f4cb8adb58caf89a91c
active_development/tests/patch-44-boost-compatibility.test.mjs,active_development/tests/patch-44-boost-compatibility.test.mjs,verification,Verification,Active development test: patch-44-boost-compatibility.test.mjs,active-dev,current,12,,unique,MEDIUM,Yes,active_development/tests/,pending-mapping,1256,73bf4307bf2bc9854557c2862589d60df9f5fe3573b9ec2df428e41986a3e8d9
active_development/tests/patch-45-boost-normalization.test.mjs,active_development/tests/patch-45-boost-normalization.test.mjs,verification,Verification,Active development test: patch-45-boost-normalization.test.mjs,active-dev,current,10,,unique,MEDIUM,Yes,active_development/tests/,pending-mapping,1160,28d13e8a7946c997329017b9ea97b490f367513aa41cf2a2a6f2d384ce15d39d
active_development/tests/patch-47-boost-migration-proof.test.mjs,active_development/tests/patch-47-boost-migration-proof.test.mjs,verification,Verification,Active development test: patch-47-boost-migration-proof.test.mjs,active-dev,current,10,,unique,MEDIUM,Yes,active_development/tests/,pending-mapping,1452,0c144b387e044ffbca47676a5681b0a53252efc890b3b31d2c7b72d87a990bfe
active_development/tests/patch-48-production-boost-migration.test.mjs,active_development/tests/patch-48-production-boost-migration.test.mjs,verification,Verification,Active development test: patch-48-production-boost-migration.test.mjs,active-dev,current,10,,unique,MEDIUM,Yes,active_development/tests/,pending-mapping,2434,2fbb2bceefc9c7fea3feacc5b455d068fcbfe9186b4b40516910cdf4fe7200ab
active_development/tests/patch-49-boost-parser-retirement.test.mjs,active_development/tests/patch-49-boost-parser-retirement.test.mjs,verification,Verification,Active development test: patch-49-boost-parser-retirement.test.mjs,active-dev,current,12,,unique,MEDIUM,Yes,active_development/tests/,pending-mapping,1388,b93359e2659bdbe8bd95349b991ef9e166af665b9f3b7be5e4dfca5f495822ae
active_development/tests/patch-50-boost-parser-retirement.test.mjs,active_development/tests/patch-50-boost-parser-retirement.test.mjs,verification,Verification,Active development test: patch-50-boost-parser-retirement.test.mjs,active-dev,current,12,,unique,MEDIUM,Yes,active_development/tests/,pending-mapping,1275,852b4383b3f09e3c7651c2d4d072f059d45d7c9a9f8c0d9e29efd03b2916b851
active_development/tests/patch-51-production-retirement-audit.test.mjs,active_development/tests/patch-51-production-retirement-audit.test.mjs,verification,Verification,Active development test: patch-51-production-retirement-audit.test.mjs,active-dev,current,9,,unique,MEDIUM,Yes,active_development/tests/,pending-mapping,2297,9c73b9594eb71c53765afdd9098167d5b564bfecd5c90fdee6181180afb92e94
active_development/tests/patch-54-cinematic-foundation.test.mjs,active_development/tests/patch-54-cinematic-foundation.test.mjs,verification,Verification,Active development test: patch-54-cinematic-foundation.test.mjs,active-dev,current,8,,unique,MEDIUM,Yes,active_development/tests/,pending-mapping,2554,143861b4b3925eabf84d0137f105663a1e04283e18a9655825fbe7b28b054f91
active_development/tests/patch-55-cinematic-routing-a1.test.mjs,active_development/tests/patch-55-cinematic-routing-a1.test.mjs,verification,Verification,Active development test: patch-55-cinematic-routing-a1.test.mjs,active-dev,current,8,,unique,MEDIUM,Yes,active_development/tests/,pending-mapping,1384,36e3fed585410497c82f76ad4a85caa5ccc542aa4dfe3eca7510e108eaa8864b
active_development/tests/patch-56-cinematic-home-world.test.mjs,active_development/tests/patch-56-cinematic-home-world.test.mjs,verification,Verification,Active development test: patch-56-cinematic-home-world.test.mjs,active-dev,current,8,,unique,MEDIUM,Yes,active_development/tests/,pending-mapping,1549,dbefb985ab9366522a25276e75f0be090dc74079d58a38e611b4cb0549ceb638
active_development/tests/patch-57-cinematic-camera-hero.test.mjs,active_development/tests/patch-57-cinematic-camera-hero.test.mjs,verification,Verification,Active development test: patch-57-cinematic-camera-hero.test.mjs,active-dev,current,9,,unique,MEDIUM,Yes,active_development/tests/,pending-mapping,1495,75441b9ebe7acf4cbb9ccd27c0f966bdf06921d62139a93976846442a6c05281
active_development/tests/paypal-cloudflare-contract.test.mjs,active_development/tests/paypal-cloudflare-contract.test.mjs,verification,Verification,Active development test: paypal-cloudflare-contract.test.mjs,active-dev,current,10,,unique,MEDIUM,No,active_development/tests/,pending-mapping,775,6fdb761bb430ce5ada334df00f652465dcdf40139059078e4147abae15035f09
active_development/tests/phase12-animation-object-state.test.mjs,active_development/tests/phase12-animation-object-state.test.mjs,verification,Verification,Active development test: phase12-animation-object-state.test.mjs,active-dev,current,7,,unique,MEDIUM,No,active_development/tests/,pending-mapping,2182,862a792ab77c64def2b40da602b5f5be233262798f384e001371ecb7a9baf9fd
active_development/tests/physical-ui-object-system.test.mjs,active_development/tests/physical-ui-object-system.test.mjs,verification,Verification,Active development test: physical-ui-object-system.test.mjs,active-dev,current,10,,unique,MEDIUM,No,active_development/tests/,pending-mapping,1104,4b53adee782b2379da08870e9941877db04372f0a02400a032ad28bf910d28af
active_development/tests/public-profile-projection.test.mjs,active_development/tests/public-profile-projection.test.mjs,verification,Verification,Active development test: public-profile-projection.test.mjs,active-dev,current,8,,unique,MEDIUM,No,active_development/tests/,pending-mapping,1414,2ed51fbfdc684b1eb1c900d9417853f1caf079562093141cb54a5f2a3ba9e9a8
active_development/tests/role-contract-subscription-path.test.mjs,active_development/tests/role-contract-subscription-path.test.mjs,verification,Verification,Active development test: role-contract-subscription-path.test.mjs,active-dev,current,8,,unique,MEDIUM,No,active_development/tests/,pending-mapping,1644,bf6e26124430982de33d295b5778128624353831c31275454348005d09037432
active_development/tests/room-shell-physical-ui-mapping.test.mjs,active_development/tests/room-shell-physical-ui-mapping.test.mjs,verification,Verification,Active development test: room-shell-physical-ui-mapping.test.mjs,active-dev,current,8,,unique,MEDIUM,No,active_development/tests/,pending-mapping,1632,9bca1bd31e3459999e2f8aff6372095ecc9450f77cc70c5fe1ef3f12aeb4a44b
active_development/tools/adapters/firebase-admin-production-adapter.mjs,active_development/tools/adapters/firebase-admin-production-adapter.mjs,configuration,Configuration / Data,Development/tooling artifact: firebase-admin-production-adapter.mjs,active-dev,current,5,,unique,LOW,No,none,pending-mapping,1925,2581fa669b20d95f44dccfaa1346f8d4220eb421e991a8ec46d6455cc2e213a9
active_development/tools/adapters/json-production-adapter.mjs,active_development/tools/adapters/json-production-adapter.mjs,configuration,Configuration / Data,Development/tooling artifact: json-production-adapter.mjs,active-dev,current,5,,unique,LOW,No,none,pending-mapping,875,caa2790f8e6fb6c761d511ed7c5406efbeaeff1062a68a63f8df3b72cd5b1be6
active_development/tools/boost-migration-executor.mjs,active_development/tools/boost-migration-executor.mjs,configuration,Configuration / Data,Development/tooling artifact: boost-migration-executor.mjs,active-dev,current,5,,unique,LOW,No,none,pending-mapping,4938,0f1d7355bdc519fd07f7126415ebd9309c3a860779887a6e4b9d554686b197e5
active_development/tools/boost-migration-proof.mjs,active_development/tools/boost-migration-proof.mjs,configuration,Configuration / Data,Development/tooling artifact: boost-migration-proof.mjs,active-dev,current,5,,unique,LOW,No,none,pending-mapping,3580,711a9adca77c08658b1ea271ae8fcfdd6a9d80fca30f7463791f37813cc83eb5
active_development/tools/boost-normalization.mjs,active_development/tools/boost-normalization.mjs,configuration,Configuration / Data,Development/tooling artifact: boost-normalization.mjs,active-dev,current,5,,unique,LOW,No,none,pending-mapping,2859,320b13c8b1de63ccc98e811f450396e1c3ae6392fc0eebf0b95572d942771690
active_development/tools/boost-parser-retirement-gate.mjs,active_development/tools/boost-parser-retirement-gate.mjs,configuration,Configuration / Data,Development/tooling artifact: boost-parser-retirement-gate.mjs,active-dev,current,5,,unique,LOW,No,none,pending-mapping,1924,4a5fb197225b39a1c82d01efc31e77f08a0577ce9779fd936996ba5cf093cd31
active_development/tools/patch-51-production-retirement-audit.mjs,active_development/tools/patch-51-production-retirement-audit.mjs,configuration,Configuration / Data,Development/tooling artifact: patch-51-production-retirement-audit.mjs,active-dev,current,7,,unique,LOW,No,none,pending-mapping,6009,1a13dd4d64a101d51c0e14ac1d2a06d170d3624a588bcc840efd4eddf316b717
active_development/tools/patch-52-multi-check-audit.mjs,active_development/tools/patch-52-multi-check-audit.mjs,configuration,Configuration / Data,Development/tooling artifact: patch-52-multi-check-audit.mjs,active-dev,current,7,,unique,LOW,No,none,pending-mapping,6686,e09d861d3f89759280680a4dcd2d7812370a1395dd755309c839e5e4dd195180
active_development/tools/run-boost-migration-production.mjs,active_development/tools/run-boost-migration-production.mjs,configuration,Configuration / Data,Development/tooling artifact: run-boost-migration-production.mjs,active-dev,current,5,,unique,LOW,No,none,pending-mapping,2217,250c16fe8c5d3a5c88dbb6de570153bc5fd52eb2b5cedc00a723c651a624dcc7
active_development/verification-artifacts/market_profile_preview/Market_Profile_physical_UI_root_preview.png,active_development/verification-artifacts/market_profile_preview/Market_Profile_physical_UI_root_preview.png,unclassified,Unclassified,Active development artifact: Market_Profile_physical_UI_root_preview.png,active-dev,current,3,,unique,LOW,No,none,pending-mapping,80637,b4bcb5af36b1f38612f340e0dd6af01a84193020b54da20e4a38be8ca894b663
active_development/verification-artifacts/market_profile_preview/preview-manifest.json,active_development/verification-artifacts/market_profile_preview/preview-manifest.json,unclassified,Unclassified,Active development artifact: preview-manifest.json,active-dev,current,3,,unique,LOW,No,none,pending-mapping,432,24c4043df7f6d7d0f979dc0e25776615805ff0e515f4b9d7d6e1bce614b1127d
active_development/verify/fixtures/boost-after-p47-clean.json,active_development/verify/fixtures/boost-after-p47-clean.json,verification,Verification,Development verifier: boost-after-p47-clean.json,active-dev,current,4,,unique,LOW,No,active_development/verify/,pending-mapping,369,86aafd0fcb32f83b892261ff62bb06b79fdcf0cfcac50a87cc91b4efe30acdf7
active_development/verify/fixtures/boost-after-p47.json,active_development/verify/fixtures/boost-after-p47.json,verification,Verification,Development verifier: boost-after-p47.json,active-dev,current,4,,unique,LOW,No,active_development/verify/,pending-mapping,345,40973c060b8efdcdb63907a7535b6bf8c8e43bdbcac623c561bde7eff7893de7
active_development/verify/fixtures/boost-before-p47.json,active_development/verify/fixtures/boost-before-p47.json,verification,Verification,Development verifier: boost-before-p47.json,active-dev,current,4,,unique,LOW,No,active_development/verify/,pending-mapping,352,e760772a482a60d60f340fd76fb91000aa3280ff1e520b2229c616f4bfac4c22
active_development/verify/fixtures/boost-export.sample.json,active_development/verify/fixtures/boost-export.sample.json,verification,Verification,Development verifier: boost-export.sample.json,active-dev,current,4,,unique,LOW,No,active_development/verify/,pending-mapping,457,73d3e36863b2b5a119b37de4e3d83e55dc5cd97bc79765dff817d6e53609a67b
active_development/verify/index.html,active_development/verify/index.html,verification,Verification,Development verifier: index.html,active-dev,current,5,,unique,LOW,No,active_development/verify/,pending-mapping,7104,678b6aca8fb74aac4795024a273339e5f1f1813cd6e3ed99f83817e4fdb6347c
active_development/verify/security/registration-suspension-boundary.mjs,active_development/verify/security/registration-suspension-boundary.mjs,verification,Verification,Development verifier: registration-suspension-boundary.mjs,active-dev,current,5,,unique,LOW,No,active_development/verify/,pending-mapping,1390,b30c0a497703c25ea1dbc35c92dafad718003b02aa6f51acb517df774c0c72d6
cleanup/phase-01/SESSION-CONTINUITY.md,cleanup/phase-01/SESSION-CONTINUITY.md,cleanup-evidence,Cleanup Process,Cleanup phase evidence and reconnaissance artifacts,process-evidence,current,0,,unique,LOW,Yes,none,approved,545,b991bc2a1350d03a0675548152e907d3a1de6985c5d37e489f3b693290dcfd74
cleanup/phase-01/baseline-manifest.csv,cleanup/phase-01/baseline-manifest.csv,cleanup-evidence,Cleanup Process,Cleanup phase evidence and reconnaissance artifacts,process-evidence,current,0,,unique,LOW,Yes,none,approved,101905,46226bd031ab047a53be81da2a7fd1d758a0081610ce5fb49728402de02ab4b3
cleanup/phase-01/directory-tree.txt,cleanup/phase-01/directory-tree.txt,cleanup-evidence,Cleanup Process,Cleanup phase evidence and reconnaissance artifacts,process-evidence,current,0,,unique,LOW,Yes,none,approved,36447,7009ea9fa303f59d5260b636c3c3fe65925f151e3b9c7bcc6cd719091cfaf21f
cleanup/phase-01/duplicate-groups-phase-01.csv,cleanup/phase-01/duplicate-groups-phase-01.csv,cleanup-evidence,Cleanup Process,Cleanup phase evidence and reconnaissance artifacts,process-evidence,current,0,,unique,LOW,Yes,none,approved,3311,7e978cf9098cd4a5f5811c8a32644e1128e9a52d7dfa4d187ba2af94b35f99d4
cleanup/phase-01/execution-checklist.md,cleanup/phase-01/execution-checklist.md,cleanup-evidence,Cleanup Process,Cleanup phase evidence and reconnaissance artifacts,process-evidence,current,0,,unique,LOW,Yes,none,approved,967,9c03a6bd1518a3fb28ee9cfe9e09145a9a8dbeb62e105b45a2c8ade1164ac553
cleanup/phase-01/phase-01-report.md,cleanup/phase-01/phase-01-report.md,cleanup-evidence,Cleanup Process,Cleanup phase evidence and reconnaissance artifacts,process-evidence,current,0,,unique,LOW,Yes,none,approved,4231,e0b833bb81f63fcabba9aa151dd5944504342534863c84e94ae80bd2df12898e
cleanup/phase-01/repo_inventory.py,cleanup/phase-01/repo_inventory.py,cleanup-evidence,Cleanup Process,Cleanup phase evidence and reconnaissance artifacts,process-evidence,current,0,,unique,LOW,Yes,none,approved,1198,72fc0862c3caa18cf63c4b944245adf658a555c359a54a1a18f148074bf2fc09
cleanup/phase-02/SESSION-CONTINUITY.md,cleanup/phase-02/SESSION-CONTINUITY.md,cleanup-evidence,Cleanup Process,Cleanup phase evidence and reconnaissance artifacts,process-evidence,current,0,,unique,LOW,Yes,none,approved,989,931519c6bc324e930e3cdc946359f97e1337323d5159741d760581ff1463dcbd
cleanup/phase-02/exact-duplicate-findings.md,cleanup/phase-02/exact-duplicate-findings.md,cleanup-evidence,Cleanup Process,Cleanup phase evidence and reconnaissance artifacts,process-evidence,current,0,,unique,LOW,Yes,none,approved,502,88ea9eed69bc36da2967b24f46a2e2fcf7ca62336a83958a3dc6b7fa890a212b
cleanup/phase-02/execution-checklist.md,cleanup/phase-02/execution-checklist.md,cleanup-evidence,Cleanup Process,Cleanup phase evidence and reconnaissance artifacts,process-evidence,current,0,,unique,LOW,Yes,none,approved,672,9a4ca52ce954176ee8164b06bebef5c3b65b14d0610d59fb0630e23e7fbf0d8b
cleanup/phase-02/phase-02-report.md,cleanup/phase-02/phase-02-report.md,cleanup-evidence,Cleanup Process,Cleanup phase evidence and reconnaissance artifacts,process-evidence,current,0,,unique,LOW,Yes,none,approved,4640,fca48dae60a7fc55ce3fed20a6e37c63e63029abd181351b035b4ec16e01eea4
cleanup/phase-02/test-verification-inventory.csv,cleanup/phase-02/test-verification-inventory.csv,cleanup-evidence,Cleanup Process,Cleanup phase evidence and reconnaissance artifacts,process-evidence,current,0,,unique,LOW,Yes,none,approved,17725,93c9bf6f3388c9b064321ce7fdc218ad89214c8ed54270ba300be5f2cf20c2f3
cleanup/phase-02/verification-domain-map.md,cleanup/phase-02/verification-domain-map.md,cleanup-evidence,Cleanup Process,Cleanup phase evidence and reconnaissance artifacts,process-evidence,current,0,,unique,LOW,Yes,none,approved,7700,670adb22c410b80821d31fb0ecc803de0543e81e2cc363e0c03f1ecb37db7d5d
cleanup/phase-03/SESSION-CONTINUITY.md,cleanup/phase-03/SESSION-CONTINUITY.md,cleanup-evidence,Cleanup Process,Cleanup phase evidence and reconnaissance artifacts,process-evidence,current,0,,unique,LOW,Yes,none,approved,852,192bb8deea13b23324c7412e2d83a8a3136d9539ea8c2cbc5a971c1f02fc4ba2
cleanup/phase-03/content-batch-map.csv,cleanup/phase-03/content-batch-map.csv,cleanup-evidence,Cleanup Process,Cleanup phase evidence and reconnaissance artifacts,process-evidence,current,0,,unique,LOW,Yes,none,approved,84343,0844040cce0aa147947eef179d8808eab7d5ed34315e220e60648a8016d071dd
cleanup/phase-03/execution-checklist.md,cleanup/phase-03/execution-checklist.md,cleanup-evidence,Cleanup Process,Cleanup phase evidence and reconnaissance artifacts,process-evidence,current,0,,unique,LOW,Yes,none,approved,646,26ca252dfabf95c18b3b705016221eb456d51af956ea09c6c11eb86780899b67
cleanup/phase-03/historical-candidates.csv,cleanup/phase-03/historical-candidates.csv,cleanup-evidence,Cleanup Process,Cleanup phase evidence and reconnaissance artifacts,process-evidence,current,0,,unique,LOW,Yes,none,approved,14104,5b383fd7a29bcb78d2fbe123a1dc71d29a00cac79d997c4be8092262d328082d
cleanup/phase-03/historical-reference-findings.csv,cleanup/phase-03/historical-reference-findings.csv,cleanup-evidence,Cleanup Process,Cleanup phase evidence and reconnaissance artifacts,process-evidence,current,0,,unique,LOW,Yes,none,approved,37768,28a64b44151b32823fb0a9bccb86d55e3dbe153d24ec2adeea7f8537752c8307
cleanup/phase-03/phase-03-report.md,cleanup/phase-03/phase-03-report.md,cleanup-evidence,Cleanup Process,Cleanup phase evidence and reconnaissance artifacts,process-evidence,current,0,,unique,LOW,Yes,none,approved,2906,d7134de7974784e6be4d60af881a20ef35526101b6d63bc553c7fcf7a8b43765
docs/SESSION_CONTINUATION_LOCK.md,docs/SESSION_CONTINUATION_LOCK.md,documentation,Documentation,Documentation artifact: SESSION_CONTINUATION_LOCK.md,canonical,current,4,,unique,LOW,No,none,approved,2148,b2480e39fcf4405fecfaa90338eb43f29491263eea2906e89e945916a9761a78
docs/archive/dead-or-superseded/cinematic-3d-adapter.from-verify.test.mjs,archive/archive/dead-or-superseded/cinematic-3d-adapter.from-verify.test.mjs,archive,Archive,Historical archive evidence: cinematic-3d-adapter.from-verify.test.mjs,historical-evidence,evidence,9,,duplicate-group-4068c63613779c56|archive-copy,MEDIUM,Yes,none,approved,1607,4068c63613779c5648bd624f9037d2efbf41df0caf9ba0a9bf35dbd1c9364158
docs/archive/historical-contract-tests/README.md,README.md,project-guide,Project Guide,Repository index and targeting entry point,canonical,current,5,,unique,HIGH,Yes,verify/contracts/,approved,541,d68434b5f30b13ea2f1f5f6e662acb589a9e1d6983461bb0cde6634e47d6f79f
docs/archive/historical-contract-tests/foundation-repair-04-tier-entitlement.test.mjs,archive/archive/historical-contract-tests/foundation-repair-04-tier-entitlement.test.mjs,archive,Archive,Historical archive evidence: foundation-repair-04-tier-entitlement.test.mjs,historical-evidence,evidence,6,,unique,MEDIUM,Yes,none,approved,2285,d9a16a7e844c8cd97ce3e491041e5c8120ee65ea09c979202ce81a9ff1fd9c79
docs/archive/historical-contract-tests/foundation-repair-05-subscription-entitlement.test.mjs,archive/archive/historical-contract-tests/foundation-repair-05-subscription-entitlement.test.mjs,archive,Archive,Historical archive evidence: foundation-repair-05-subscription-entitlement.test.mjs,historical-evidence,evidence,6,,unique,MEDIUM,Yes,none,approved,2242,7119d2b756fa338190bdfd07a3a40780216d8be65c90c6aa5fe9d674454e65ef
docs/archive/historical-contract-tests/foundation-repair-07-admin-capacity-override.test.mjs,archive/archive/historical-contract-tests/foundation-repair-07-admin-capacity-override.test.mjs,archive,Archive,Historical archive evidence: foundation-repair-07-admin-capacity-override.test.mjs,historical-evidence,evidence,6,,unique,MEDIUM,Yes,none,approved,1059,38840d690f6a790591c9174a33e17eaa1a9c4b03ba4521d1e1a9006e17243e51
docs/archive/historical-contract-tests/foundation-repair-09-pin-authority.test.mjs,archive/archive/historical-contract-tests/foundation-repair-09-pin-authority.test.mjs,archive,Archive,Historical archive evidence: foundation-repair-09-pin-authority.test.mjs,historical-evidence,evidence,6,,unique,MEDIUM,Yes,none,approved,1356,a55b13a458a9be1e902ac539fecfdb90ed3249ce4dd846828372fc5af5b99d23
docs/archive/historical-contract-tests/foundation-repair-10-radius-authority.test.mjs,archive/archive/historical-contract-tests/foundation-repair-10-radius-authority.test.mjs,archive,Archive,Historical archive evidence: foundation-repair-10-radius-authority.test.mjs,historical-evidence,evidence,6,,unique,MEDIUM,Yes,none,approved,1900,a85168885ee88df14e0f778e665466a5a9249a2646752b75eab5052aeed74352
docs/archive/historical-contract-tests/foundation-repair-11-match-notification-dedupe.test.mjs,archive/archive/historical-contract-tests/foundation-repair-11-match-notification-dedupe.test.mjs,archive,Archive,Historical archive evidence: foundation-repair-11-match-notification-dedupe.test.mjs,historical-evidence,evidence,6,,unique,MEDIUM,Yes,none,approved,1416,f5c6044577235a797c1d18586cc2a8830cb8dec843d8770f4cea0271aee5049e
docs/archive/historical-contract-tests/foundation-repair-12-stale-match.test.mjs,archive/archive/historical-contract-tests/foundation-repair-12-stale-match.test.mjs,archive,Archive,Historical archive evidence: foundation-repair-12-stale-match.test.mjs,historical-evidence,evidence,6,,unique,MEDIUM,Yes,none,approved,1283,75356445cc69237d1d0e627645851f6e56e8bce858fc254368f65535a238c9d2
docs/archive/historical-contract-tests/market-patch-11a-audit.test.mjs,archive/archive/historical-contract-tests/market-patch-11a-audit.test.mjs,archive,Archive,Historical archive evidence: market-patch-11a-audit.test.mjs,historical-evidence,evidence,6,,unique,MEDIUM,Yes,none,approved,1540,29520b6a79046b589d6fa5f200cc645322cca6da80ddd6ea4061aaeac6cba896
docs/archive/historical-contract-tests/patch-11c-r7-pin-authority.test.mjs,archive/archive/historical-contract-tests/patch-11c-r7-pin-authority.test.mjs,archive,Archive,Historical archive evidence: patch-11c-r7-pin-authority.test.mjs,historical-evidence,evidence,6,,unique,MEDIUM,Yes,none,approved,1569,2124e9c2cc9da6b29c592ebd99f48710c0233d7e77353e22c02ea4907a421809
docs/archive/historical-contract-tests/patch-12-integration-hardening.test.mjs,archive/archive/historical-contract-tests/patch-12-integration-hardening.test.mjs,archive,Archive,Historical archive evidence: patch-12-integration-hardening.test.mjs,historical-evidence,evidence,6,,unique,MEDIUM,Yes,none,approved,2552,db255ee2f94e141d5141b67441e83ac7dc6d0bc6f25d131e8a209896f29f6765
docs/archive/historical-contract-tests/patch-14-listing-activity.test.mjs,archive/archive/historical-contract-tests/patch-14-listing-activity.test.mjs,archive,Archive,Historical archive evidence: patch-14-listing-activity.test.mjs,historical-evidence,evidence,6,,unique,MEDIUM,Yes,none,approved,1776,32b248d7f6d21b1b559e10bb7246b6f3bb4c5d9e9d3d70e53783128bff622ab2
docs/archive/historical-contract-tests/patch-16-listing-activity-contracts.test.mjs,archive/archive/historical-contract-tests/patch-16-listing-activity-contracts.test.mjs,archive,Archive,Historical archive evidence: patch-16-listing-activity-contracts.test.mjs,historical-evidence,evidence,6,,unique,MEDIUM,Yes,none,approved,1834,abc6cdf598c63d7ad7fd5e8750487d822a09e27f5ee45c08b1160d1861038acc
docs/archive/historical-contract-tests/patch-17-contract-activation.test.mjs,archive/archive/historical-contract-tests/patch-17-contract-activation.test.mjs,archive,Archive,Historical archive evidence: patch-17-contract-activation.test.mjs,historical-evidence,evidence,6,,unique,MEDIUM,Yes,none,approved,1932,2bfd8e402702954932cd66a87ab4165055a6a7b637d8ec7f55c0ccd19aca7752
docs/archive/historical-contract-tests/patch-18-listing-inquiry.test.mjs,archive/archive/historical-contract-tests/patch-18-listing-inquiry.test.mjs,archive,Archive,Historical archive evidence: patch-18-listing-inquiry.test.mjs,historical-evidence,evidence,6,,unique,MEDIUM,Yes,none,approved,2744,266b5647d9b92c64dc7f18a1e0f0a63816833e201e114de4356fcab74678646e
docs/archive/historical-contract-tests/patch-19-discovery-impression.test.mjs,archive/archive/historical-contract-tests/patch-19-discovery-impression.test.mjs,archive,Archive,Historical archive evidence: patch-19-discovery-impression.test.mjs,historical-evidence,evidence,6,,unique,MEDIUM,Yes,none,approved,1745,d40e76dfde40949b0bc77839b4713cf773e444407911b20a58240cfbe2b6e675
docs/archive/historical-contract-tests/patch-20-statistics-read-map.test.mjs,archive/archive/historical-contract-tests/patch-20-statistics-read-map.test.mjs,archive,Archive,Historical archive evidence: patch-20-statistics-read-map.test.mjs,historical-evidence,evidence,6,,unique,MEDIUM,Yes,none,approved,1024,7300f9da629202b247f931843917a78e68723076addd8a33e9b1fb68f4fa9a98
docs/archive/historical-contract-tests/patch-25-admin-subscription-grant.test.mjs,archive/archive/historical-contract-tests/patch-25-admin-subscription-grant.test.mjs,archive,Archive,Historical archive evidence: patch-25-admin-subscription-grant.test.mjs,historical-evidence,evidence,6,,unique,MEDIUM,Yes,none,approved,1297,9618b7516070d450332f71c057e71263391b47dd47f461febc9eccbd03948f48
docs/archive/historical-contract-tests/patch-26-paypal-cloudflare-hardening.test.mjs,archive/archive/historical-contract-tests/patch-26-paypal-cloudflare-hardening.test.mjs,archive,Archive,Historical archive evidence: patch-26-paypal-cloudflare-hardening.test.mjs,historical-evidence,evidence,6,,unique,MEDIUM,Yes,none,approved,1791,5b23ca5698213323c6e4255e2d94b788090f3951701567625d7cb3f7883b91d6
docs/archive/historical-contract-tests/patch-27-market-data-wiring.test.mjs,archive/archive/historical-contract-tests/patch-27-market-data-wiring.test.mjs,archive,Archive,Historical archive evidence: patch-27-market-data-wiring.test.mjs,historical-evidence,evidence,6,,unique,MEDIUM,Yes,none,approved,2168,d1c80a787d76e3f03303e2e2822e3736ce48743bffd7fbda06b88236e4ff0732
docs/archive/historical-contract-tests/patch-28-broker-hq-data-wiring.test.mjs,archive/archive/historical-contract-tests/patch-28-broker-hq-data-wiring.test.mjs,archive,Archive,Historical archive evidence: patch-28-broker-hq-data-wiring.test.mjs,historical-evidence,evidence,6,,unique,MEDIUM,Yes,none,approved,2103,61f098b929c0c4bb881e2efe9f6a5cdcd99ba402af55a43460ee9ccbbee7ff24
docs/archive/historical-contract-tests/patch-29-broker-hq-interaction-smoke.test.mjs,archive/archive/historical-contract-tests/patch-29-broker-hq-interaction-smoke.test.mjs,archive,Archive,Historical archive evidence: patch-29-broker-hq-interaction-smoke.test.mjs,historical-evidence,evidence,6,,unique,MEDIUM,Yes,none,approved,2317,12aa2281eff34324e2eba2053f0718b1f5e5801ccfb8d467cb4de9cf7d041a31
docs/archive/historical-contract-tests/patch-38-authority-wiring-audit.test.mjs,archive/archive/historical-contract-tests/patch-38-authority-wiring-audit.test.mjs,archive,Archive,Historical archive evidence: patch-38-authority-wiring-audit.test.mjs,historical-evidence,evidence,6,,unique,MEDIUM,Yes,none,approved,3046,37890da3290191f38056676bf1a3bcaa4f2f572a1b9ffa7ebcf4019308968e2a
docs/archive/historical-contract-tests/patch-40-boundary-decision.test.mjs,archive/archive/historical-contract-tests/patch-40-boundary-decision.test.mjs,archive,Archive,Historical archive evidence: patch-40-boundary-decision.test.mjs,historical-evidence,evidence,6,,unique,MEDIUM,Yes,none,approved,2149,6c2f87339deb89e1dad0c8837beffcacbc5c0e3c0af89aedfcac5593d3ed76b1
docs/archive/historical-contract-tests/patch-43-compatibility-inventory.test.mjs,archive/archive/historical-contract-tests/patch-43-compatibility-inventory.test.mjs,archive,Archive,Historical archive evidence: patch-43-compatibility-inventory.test.mjs,historical-evidence,evidence,6,,unique,MEDIUM,Yes,none,approved,2669,10f5a58a90a30ca71616dbda1994828da730db8dd6da19a5b2e07c2d334ff30e
docs/archive/historical-contract-tests/patch-44-boost-compatibility.test.mjs,archive/archive/historical-contract-tests/patch-44-boost-compatibility.test.mjs,archive,Archive,Historical archive evidence: patch-44-boost-compatibility.test.mjs,historical-evidence,evidence,6,,unique,MEDIUM,Yes,none,approved,1585,98092e59d26c5cbaa285fa333d01892ed1ee2e39406dd3d6fe5494ce5f5d4656
docs/archive/historical-contract-tests/patch-49-boost-parser-retirement.test.mjs,archive/archive/historical-contract-tests/patch-49-boost-parser-retirement.test.mjs,archive,Archive,Historical archive evidence: patch-49-boost-parser-retirement.test.mjs,historical-evidence,evidence,6,,unique,MEDIUM,Yes,none,approved,1848,47e7b0fbec7562396bb3f46fbe6ae32f07be2b3eb4223aca39954f131023b25d
docs/archive/historical-contract-tests/patch-50-boost-parser-retirement.test.mjs,archive/archive/historical-contract-tests/patch-50-boost-parser-retirement.test.mjs,archive,Archive,Historical archive evidence: patch-50-boost-parser-retirement.test.mjs,historical-evidence,evidence,6,,unique,MEDIUM,Yes,none,approved,1825,2ba383d5f3572ab601955ea46b9d1b95a2244ae1c3739c1848a718292bd642d5
docs/archive/historical-contract-tests/patch-52-multi-check-wiring.test.mjs,archive/archive/historical-contract-tests/patch-52-multi-check-wiring.test.mjs,archive,Archive,Historical archive evidence: patch-52-multi-check-wiring.test.mjs,historical-evidence,evidence,6,,unique,MEDIUM,Yes,none,approved,617,525f2c5e5890e91de14fa2cb6444d87cf2ce73664148338137898747c0f17a1e
docs/archive/historical-contract-tests/patch-53-ui-ux-contract.test.mjs,archive/archive/historical-contract-tests/patch-53-ui-ux-contract.test.mjs,archive,Archive,Historical archive evidence: patch-53-ui-ux-contract.test.mjs,historical-evidence,evidence,6,,unique,MEDIUM,Yes,none,approved,2652,e8a4e4113a60b685a55aa18880516e8c63fc3f9d9cabdc7184a59ad0b95c3b86
docs/archive/historical-contract-tests/paypal-cloudflare-contract.test.mjs,archive/archive/historical-contract-tests/paypal-cloudflare-contract.test.mjs,archive,Archive,Historical archive evidence: paypal-cloudflare-contract.test.mjs,historical-evidence,evidence,6,,unique,MEDIUM,Yes,none,approved,1253,143ebc3d6c35ac6813681125afe7ee78bd017e23358fb8221624ec71d7cc3c2a
docs/archive/walkmyplan/tests/asset-integration-planning.test.mjs,archive/archive/walkmyplan/tests/asset-integration-planning.test.mjs,archive,Archive,Historical archive evidence: asset-integration-planning.test.mjs,historical-evidence,evidence,6,,unique,MEDIUM,Yes,none,approved,2312,1bd6bb3bb8c4a61b2806a7912fea9b7d9290fa7d5aba2e5dc5a1ee1da9502a6b
docs/archive/walkmyplan/tests/canonical-room-camera-door-graph.test.mjs,archive/archive/walkmyplan/tests/canonical-room-camera-door-graph.test.mjs,archive,Archive,Historical archive evidence: canonical-room-camera-door-graph.test.mjs,historical-evidence,evidence,6,,unique,MEDIUM,Yes,none,approved,1459,ab8141080b977a51fbbc84ea88ba1462b602997ac1d8695c8a871cbd8f9899b9
docs/archive/walkmyplan/tests/dd04-final-authority-freeze.test.mjs,archive/archive/walkmyplan/tests/dd04-final-authority-freeze.test.mjs,archive,Archive,Historical archive evidence: dd04-final-authority-freeze.test.mjs,historical-evidence,evidence,8,,unique,MEDIUM,Yes,none,approved,2483,5d9463c89079ff73973bb90ee49c3b704816e7bb53657a7abdf29e03413a3411
docs/archive/walkmyplan/tests/deep-dive-04-auth-roles-permissions.test.mjs,archive/archive/walkmyplan/tests/deep-dive-04-auth-roles-permissions.test.mjs,archive,Archive,Historical archive evidence: deep-dive-04-auth-roles-permissions.test.mjs,historical-evidence,evidence,8,,unique,MEDIUM,Yes,none,approved,2248,8c5491157bb723995714d72c6c9a9e2803bb0683c686d9da45e7a0be4392a092
docs/archive/walkmyplan/tests/hero-world-environment-shell.test.mjs,archive/archive/walkmyplan/tests/hero-world-environment-shell.test.mjs,archive,Archive,Historical archive evidence: hero-world-environment-shell.test.mjs,historical-evidence,evidence,6,,unique,MEDIUM,Yes,none,approved,2178,5e928337de2fc8fe82639a5bf2e91ae313d2db3f7271b29fcde59396be98fb75
docs/archive/walkmyplan/tests/role-contract-subscription-path.test.mjs,archive/archive/walkmyplan/tests/role-contract-subscription-path.test.mjs,archive,Archive,Historical archive evidence: role-contract-subscription-path.test.mjs,historical-evidence,evidence,8,,unique,MEDIUM,Yes,none,approved,1408,c89714c3da17ae91d6e92fe1ddd28523633352fdab29a7917d9e5e3fd7c8def5
docs/archive/walkmyplan/tests/theme-lighting-performance-budget.test.mjs,archive/archive/walkmyplan/tests/theme-lighting-performance-budget.test.mjs,archive,Archive,Historical archive evidence: theme-lighting-performance-budget.test.mjs,historical-evidence,evidence,6,,unique,MEDIUM,Yes,none,approved,1757,814243e05ad135077bd2c6f3c44a9fe78db7ee9f0131344f40df9d02d6cd18a0
docs/audit/phase5.5b-sh3d-merge-dry-run.md,docs/audit/phase5.5b-sh3d-merge-dry-run.md,documentation,Documentation,Documentation artifact: phase5.5b-sh3d-merge-dry-run.md,canonical,current,4,,unique,LOW,No,none,approved,539,a0913fba43d1ca376cf96c11e10209f9137c93ef54b74d00274f8e5e3778b88d
docs/audit/phase5.5c-ui-spatial-census-initiation.md,docs/audit/phase5.5c-ui-spatial-census-initiation.md,documentation,Documentation,Documentation artifact: phase5.5c-ui-spatial-census-initiation.md,canonical,current,6,,unique,LOW,No,none,approved,1063,566e0e72a04dd93042ca917942026f52cfe16cdecb926d64ab3d485ec9e75df8
docs/contracts/5.5G6C-protected-logic-freeze.json,docs/contracts/5.5G6C-protected-logic-freeze.json,documentation,Documentation,Documentation artifact: 5.5G6C-protected-logic-freeze.json,canonical,current,5,,unique,LOW,No,none,approved,3880,d7fc2a94993e409cb201285f5a2be95bcdc48e494e7be77d84cf594e278cd846
docs/contracts/5.5G6H-canonical-sh3d-cleanup.json,docs/contracts/5.5G6H-canonical-sh3d-cleanup.json,documentation,Documentation,Documentation artifact: 5.5G6H-canonical-sh3d-cleanup.json,canonical,current,2,,unique,LOW,No,none,approved,799,347139f3b48f06bb78b2b29d3a86b40ebeea9f77dc1cd32153dec3e9c7b38a9c
docs/csv/archive/audits/36-responsive-qa-execution.csv,docs/csv/archive/audits/36-responsive-qa-execution.csv,documentation,Documentation,Tabular documentation/evidence: 36-responsive-qa-execution.csv,canonical,current,5,,unique,LOW,No,none,approved,7620,8a38ea95292468c10d62d00285c0e556fbcf1409b1f7c102495fb129873bf68a
docs/csv/archive/verification/31_responsive_qa_matrix.csv,docs/csv/archive/verification/31_responsive_qa_matrix.csv,documentation,Documentation,Tabular documentation/evidence: 31_responsive_qa_matrix.csv,canonical,current,5,,unique,LOW,No,none,approved,9769,417854b542ceaf95e41bb88cc15980d2661815611aa5ea88c07e3b77510ee019
docs/csv/archive/verification/32_resilience_fallback_matrix.csv,docs/csv/archive/verification/32_resilience_fallback_matrix.csv,documentation,Documentation,Tabular documentation/evidence: 32_resilience_fallback_matrix.csv,canonical,current,5,,unique,LOW,No,none,approved,5613,9740cb2a2db55558e598807ee4223ada2d0d17d9f61b5d7d1d4caf43bc807e69
docs/csv/archive/verification/33_role_camera_security_matrix.csv,docs/csv/archive/verification/33_role_camera_security_matrix.csv,documentation,Documentation,Tabular documentation/evidence: 33_role_camera_security_matrix.csv,canonical,current,5,,unique,LOW,No,none,approved,2502,f775e9767d50f7b5e072e2795a0286164974275f2c5e06de474c1027f050109e
docs/csv/archive/verification/34_feature_wiring_route_coverage.csv,docs/csv/archive/verification/34_feature_wiring_route_coverage.csv,documentation,Documentation,Tabular documentation/evidence: 34_feature_wiring_route_coverage.csv,canonical,current,5,,unique,LOW,No,none,approved,1037,58c5329c113deef9c30d83bf978b590c62e317ae1cfd5c285e98431ff5a2e13b
docs/csv/archive/verification/35_security_and_wiring_test_status.csv,docs/csv/archive/verification/35_security_and_wiring_test_status.csv,documentation,Documentation,Tabular documentation/evidence: 35_security_and_wiring_test_status.csv,canonical,current,5,,unique,LOW,No,none,approved,507,e845866c209195cb3186d12c6fb6fa07abdd625091f732a1391ba524fa168165
docs/csv/archive/verification/37_theme_token_audit.csv,docs/csv/archive/verification/37_theme_token_audit.csv,documentation,Documentation,Tabular documentation/evidence: 37_theme_token_audit.csv,canonical,current,5,,unique,LOW,No,none,approved,1166,d5d1bad33b053331bcb080fdf4e81515fd8346b5fbcb27fa9a56f3f0812dcb9c
docs/csv/archive/verification/38_security_leak_scan.csv,docs/csv/archive/verification/38_security_leak_scan.csv,documentation,Documentation,Tabular documentation/evidence: 38_security_leak_scan.csv,canonical,current,5,,unique,LOW,No,none,approved,445,cf1cf9b1ebf74bfe8e72a4d53e1e2ab92430c1f40a5217d1ad7ef8c0938dab3d
docs/csv/archive/verification/39_discrepancy_ledger.csv,docs/csv/archive/verification/39_discrepancy_ledger.csv,documentation,Documentation,Tabular documentation/evidence: 39_discrepancy_ledger.csv,canonical,current,5,,unique,LOW,No,none,approved,1054,4470f95eac58a1225d03c6cda74f657a7b4ed3133d9088283c349c20682eaad9
docs/csv/archive/verification/main-hall-visual-tuning.csv,docs/csv/archive/verification/main-hall-visual-tuning.csv,documentation,Documentation,Tabular documentation/evidence: main-hall-visual-tuning.csv,canonical,current,5,,unique,LOW,No,none,approved,1079,8307fb2177bea0dee8eb00a01155a057c73d086c6fe76039d8a7bb242c8eced6
docs/csv/archive/walkmyplan/asset-readiness-matrix.csv,docs/csv/archive/walkmyplan/asset-readiness-matrix.csv,documentation,Documentation,Tabular documentation/evidence: asset-readiness-matrix.csv,canonical,current,5,,unique,LOW,No,none,approved,5411,e9b8da05a8708f0a08f3f2ed79b8fb1f3b8622f76adde8d2c22e03f471bcbd2b
docs/csv/archive/walkmyplan/camera-door-graph.csv,docs/csv/archive/walkmyplan/camera-door-graph.csv,documentation,Documentation,Tabular documentation/evidence: camera-door-graph.csv,canonical,current,5,,unique,LOW,No,none,approved,901,8430cb6abf1c585d14d7a81a0f9b9993952d03a595c385747b5b3b1a14c09598
docs/csv/archive/walkmyplan/hero-composition-matrix.csv,docs/csv/archive/walkmyplan/hero-composition-matrix.csv,documentation,Documentation,Tabular documentation/evidence: hero-composition-matrix.csv,canonical,current,5,,unique,LOW,No,none,approved,2840,8820c5010aa4a726674e4118428fb3510e4456f2429781540db388fe28200c47
docs/csv/archive/walkmyplan/operations-role-surface-matrix.csv,docs/csv/archive/walkmyplan/operations-role-surface-matrix.csv,documentation,Documentation,Tabular documentation/evidence: operations-role-surface-matrix.csv,canonical,current,5,,unique,LOW,No,none,approved,487,205d845c41cf5196d217fda4693af41846e5cd2604fd3121f404f1f94a6a99e8
docs/csv/archive/walkmyplan/physical-ui-object-contract.csv,docs/csv/archive/walkmyplan/physical-ui-object-contract.csv,documentation,Documentation,Tabular documentation/evidence: physical-ui-object-contract.csv,canonical,current,5,,unique,LOW,No,none,approved,13289,49b6f71744271597f07a5c1981fb5af230a032b7a36cae83e5a3d5e8d40569d8
docs/csv/archive/walkmyplan/section-asset-binding.csv,docs/csv/archive/walkmyplan/section-asset-binding.csv,documentation,Documentation,Tabular documentation/evidence: section-asset-binding.csv,canonical,current,5,,unique,LOW,No,none,approved,12563,bdba54cabeecebeeef39973dd84790bebaf303c709bbc507e52d1d16ff8e0cd7
docs/csv/archive/walkmyplan/spatial-reconciliation.csv,docs/csv/archive/walkmyplan/spatial-reconciliation.csv,documentation,Documentation,Tabular documentation/evidence: spatial-reconciliation.csv,canonical,current,5,,unique,LOW,No,none,approved,4484,dff67c4bdbcaf4ad97fc0ef4a46c7f2d7b1e1441ff9c604f2cfa36113d506876
docs/csv/from-app-data/feature-wiring-matrix.csv,docs/csv/from-app-data/feature-wiring-matrix.csv,documentation,Documentation,Tabular documentation/evidence: feature-wiring-matrix.csv,canonical,current,3,,unique,LOW,No,none,approved,6050,c5fd225284d7d3a825affbe4e589182b182201b5365d3f700be9a4435bd3de81
docs/csv/from-app-data/main-hall-camera-object-contract.csv,docs/csv/from-app-data/main-hall-camera-object-contract.csv,documentation,Documentation,Tabular documentation/evidence: main-hall-camera-object-contract.csv,canonical,current,3,,unique,LOW,No,none,approved,12896,c75110b11bc5c705bd9f0804fc01284bb09a00ae456a19f7cc8cbc55876a0786
docs/csv/from-app-data/main-hall-camera-refinement-h01-h02-h03-h05.csv,docs/csv/from-app-data/main-hall-camera-refinement-h01-h02-h03-h05.csv,documentation,Documentation,Tabular documentation/evidence: main-hall-camera-refinement-h01-h02-h03-h05.csv,canonical,current,3,,unique,LOW,No,none,approved,1141,de0bbb979b02386fd49c8f32abe13c066a932ce75919850617b897d5818cfb4f
docs/csv/from-app-data/market-profile-physical-ui-root-matrix.csv,docs/csv/from-app-data/market-profile-physical-ui-root-matrix.csv,documentation,Documentation,Tabular documentation/evidence: market-profile-physical-ui-root-matrix.csv,canonical,current,5,,unique,LOW,No,none,approved,2451,f553e381606c08d587b4ecd363a7ec2d5298d242d53bc4e86c68a03e28dd65e6
docs/csv/from-app-data/responsive-browser-execution.csv,docs/csv/from-app-data/responsive-browser-execution.csv,documentation,Documentation,Tabular documentation/evidence: responsive-browser-execution.csv,canonical,current,3,,unique,LOW,No,none,approved,12448,1537f241049d73867959eadadbbc09e9feee85bf5416fd8ad5d6437a4452be15
docs/csv/from-app-data/responsive-qa-execution.csv,docs/csv/from-app-data/responsive-qa-execution.csv,documentation,Documentation,Tabular documentation/evidence: responsive-qa-execution.csv,canonical,current,3,,unique,LOW,No,none,approved,7693,8152212f8573c590df1b6119fbe4470ad2f2851b9a6b8dba2d4e968259d6c158
docs/csv/from-app-data/security-read-surface-matrix.csv,docs/csv/from-app-data/security-read-surface-matrix.csv,documentation,Documentation,Tabular documentation/evidence: security-read-surface-matrix.csv,canonical,current,3,,unique,LOW,No,none,approved,1742,110c4501caea3d0fe4ebced13e07a8c47f398628441a5dc20c50661f658495ed
docs/csv/from-app-data/theme-room-compatibility.csv,docs/csv/from-app-data/theme-room-compatibility.csv,documentation,Documentation,Tabular documentation/evidence: theme-room-compatibility.csv,canonical,current,3,,unique,LOW,No,none,approved,1059,20f2c0d15f00676db9310ef694eeb5702e02c1b6cd4b70304d1ad3ec558caab9
docs/csv/reconciliation/5.5d-three-house-allocation.csv,docs/csv/reconciliation/5.5d-three-house-allocation.csv,documentation,Documentation,Tabular documentation/evidence: 5.5d-three-house-allocation.csv,canonical,current,5,,unique,LOW,No,none,approved,3703,cac331f7981190e9fd1d5d1fed4e5714161dc512e1c2377770cca896b4aa1073
docs/csv/reconciliation/5.5e-house1-camera-anchor-validation.csv,docs/csv/reconciliation/5.5e-house1-camera-anchor-validation.csv,documentation,Documentation,Tabular documentation/evidence: 5.5e-house1-camera-anchor-validation.csv,canonical,current,4,,unique,LOW,No,none,approved,645,638d9397458f0e681681bf30654acfe1422d19bfa41a9c8f7ec8112b9dfe610a
docs/csv/reconciliation/5.5e-sh3d-authority-comparison.csv,docs/csv/reconciliation/5.5e-sh3d-authority-comparison.csv,documentation,Documentation,Tabular documentation/evidence: 5.5e-sh3d-authority-comparison.csv,canonical,current,4,,unique,LOW,No,none,approved,400,cfc9eec1f20e75fe8456788aea14bfc43423d6a253afcd79d80704aa459fef64
docs/csv/reconciliation/5.5f1-actual-html-page-census.csv,docs/csv/reconciliation/5.5f1-actual-html-page-census.csv,documentation,Documentation,Tabular documentation/evidence: 5.5f1-actual-html-page-census.csv,canonical,current,4,,unique,LOW,No,none,approved,2581,9c03d9e9f6f665f008eb3a6519d7071d6afbc736606712eefc13c0cee654d910
docs/csv/reconciliation/5.5f1-ui-physical-room-completeness.csv,docs/csv/reconciliation/5.5f1-ui-physical-room-completeness.csv,documentation,Documentation,Tabular documentation/evidence: 5.5f1-ui-physical-room-completeness.csv,canonical,current,4,,unique,LOW,No,none,approved,2802,74c94f661f8345b464b6777e5d80f795a274822141abbc8d52199013b5250f33
docs/csv/reconciliation/5.5f2-additional-sh3d-room-inventory.csv,docs/csv/reconciliation/5.5f2-additional-sh3d-room-inventory.csv,documentation,Documentation,Tabular documentation/evidence: 5.5f2-additional-sh3d-room-inventory.csv,canonical,current,4,,unique,LOW,No,none,approved,5147,e75be12629f0e752e1dbed7c664c6c8c23310269b3f839f0b5888821d0059cbf
docs/csv/reconciliation/5.5f2-merge-candidate-resource-reference-audit.csv,docs/csv/reconciliation/5.5f2-merge-candidate-resource-reference-audit.csv,documentation,Documentation,Tabular documentation/evidence: 5.5f2-merge-candidate-resource-reference-audit.csv,canonical,current,5,,unique,LOW,No,none,approved,69214,63ee32b68a85ece162aca75ddc35fb591844e72060377d487c9d2c8d6673a230
docs/csv/reconciliation/5.5f3-level-reconciliation.csv,docs/csv/reconciliation/5.5f3-level-reconciliation.csv,documentation,Documentation,Tabular documentation/evidence: 5.5f3-level-reconciliation.csv,canonical,current,3,,unique,LOW,No,none,approved,423,95cecec1351f77d9540e1f62d2e9f37cfd47a261e4ff39108bcb3fcd41337dcf
docs/csv/reconciliation/5.5f4-three-house-candidate-physical-allocation.csv,docs/csv/reconciliation/5.5f4-three-house-candidate-physical-allocation.csv,documentation,Documentation,Tabular documentation/evidence: 5.5f4-three-house-candidate-physical-allocation.csv,canonical,current,4,,unique,LOW,No,none,approved,8927,ace054c9c1bb8c311bce3df97e98ec777344871f85fca0994a6d013a098a4019
docs/csv/reconciliation/5.5f5-html-density-evidence.csv,docs/csv/reconciliation/5.5f5-html-density-evidence.csv,documentation,Documentation,Tabular documentation/evidence: 5.5f5-html-density-evidence.csv,canonical,current,3,,unique,LOW,No,none,approved,729,478cdbef40cffa2284bd4676ab4167cf8f3d4bf6bd1f6a80b2813d71a0dc46cc
docs/csv/reconciliation/5.5f5-logical-state-anchor-hypothesis.csv,docs/csv/reconciliation/5.5f5-logical-state-anchor-hypothesis.csv,documentation,Documentation,Tabular documentation/evidence: 5.5f5-logical-state-anchor-hypothesis.csv,canonical,current,3,,unique,LOW,No,none,approved,424,6adcddedd6860de257d1cc01b1b9f54cdba4e4d4abe454e6b28b1fd53d0b6de1
docs/csv/reconciliation/5.5f5-reusable-presentation-anchor-candidates.csv,docs/csv/reconciliation/5.5f5-reusable-presentation-anchor-candidates.csv,documentation,Documentation,Tabular documentation/evidence: 5.5f5-reusable-presentation-anchor-candidates.csv,canonical,current,3,,unique,LOW,No,none,approved,9349,d0a297a53c5cf03e1c306266ade89f25dfd6f033b7e226a00190b382b89adcd4
docs/csv/reconciliation/current-page-pov-summary.csv,docs/csv/reconciliation/current-page-pov-summary.csv,documentation,Documentation,Tabular documentation/evidence: current-page-pov-summary.csv,canonical,current,3,,unique,LOW,No,none,approved,2263,c887d533024fb30328b9e237a47928f90ca86e059c677c2a79958e4934cfdf73
docs/csv/reconciliation/logical-camera-master-binding-candidates.csv,docs/csv/reconciliation/logical-camera-master-binding-candidates.csv,documentation,Documentation,Tabular documentation/evidence: logical-camera-master-binding-candidates.csv,canonical,current,3,,unique,LOW,No,none,approved,6135,19350843a067805d5cb675d924f83dabd71b4c50296e89a7dd6c3a0775457c13
docs/csv/reconciliation/logical-camera-reconciliation.csv,docs/csv/reconciliation/logical-camera-reconciliation.csv,documentation,Documentation,Tabular documentation/evidence: logical-camera-reconciliation.csv,canonical,current,6,,unique,LOW,No,none,approved,2821,660759a2ce25e7ce4daea0319979cd4ba903040a8b0ec2616f5a9ed54a5497be
docs/csv/reconciliation/logical-room-anchor-candidates.csv,docs/csv/reconciliation/logical-room-anchor-candidates.csv,documentation,Documentation,Tabular documentation/evidence: logical-room-anchor-candidates.csv,canonical,current,3,,unique,LOW,No,none,approved,1048,0bf41117fc3536af01e20a493fd34f56a5ab54fed0d6a2c93a4a8f8c6a23f44f
docs/csv/reconciliation/logical-room-reconciliation.csv,docs/csv/reconciliation/logical-room-reconciliation.csv,documentation,Documentation,Tabular documentation/evidence: logical-room-reconciliation.csv,canonical,current,3,,unique,LOW,No,none,approved,1167,cab0ee70efd10474be92ec0f41021498fd491e6787a59e619e53908e85836031
docs/csv/reconciliation/main-hall-section-camera-seed-candidates.csv,docs/csv/reconciliation/main-hall-section-camera-seed-candidates.csv,documentation,Documentation,Tabular documentation/evidence: main-hall-section-camera-seed-candidates.csv,canonical,current,3,,unique,LOW,No,none,approved,1799,1e867055937d124a9ea0fdd6d19557a0cf5c2a34689ae8eb217e534761984ee7
docs/csv/reconciliation/master-furniture-name-counts.csv,docs/csv/reconciliation/master-furniture-name-counts.csv,documentation,Documentation,Tabular documentation/evidence: master-furniture-name-counts.csv,canonical,current,3,,unique,LOW,No,none,approved,398,3b2b70e70273fe0768a4672463e4cb290c44b83a58703ff5618f18717f46d7e3
docs/csv/reconciliation/master-model-census.csv,docs/csv/reconciliation/master-model-census.csv,documentation,Documentation,Tabular documentation/evidence: master-model-census.csv,canonical,current,4,,unique,LOW,No,none,approved,303,8aaa3ef719cbed077711d7d9c727f8282f289c9a135260f34bdb56734e437018
docs/csv/reconciliation/master-named-cameras.csv,docs/csv/reconciliation/master-named-cameras.csv,documentation,Documentation,Tabular documentation/evidence: master-named-cameras.csv,canonical,current,3,,unique,LOW,No,none,approved,648,0e7bb26684170bcf2fbba4a39bdffa7c6f35f9ad74e27235c716ce987919db20
docs/csv/reconciliation/master-named-rooms.csv,docs/csv/reconciliation/master-named-rooms.csv,documentation,Documentation,Tabular documentation/evidence: master-named-rooms.csv,canonical,current,3,,unique,LOW,No,none,approved,480,a4d9ec1c2eb7e25bf0a382f7caee96031bc155bc4053d290f57b0bd1ae0d3428
docs/csv/reconciliation/page-room-mapping-candidates.csv,docs/csv/reconciliation/page-room-mapping-candidates.csv,documentation,Documentation,Tabular documentation/evidence: page-room-mapping-candidates.csv,canonical,current,3,,unique,LOW,No,none,approved,1564,9c8e98cc05841bdd172422268a96a03a5053a9369780a5951f9500e458c3e648
docs/csv/reconciliation/page-room-pov-object-working-matrix.csv,docs/csv/reconciliation/page-room-pov-object-working-matrix.csv,documentation,Documentation,Tabular documentation/evidence: page-room-pov-object-working-matrix.csv,canonical,current,3,,unique,LOW,No,none,approved,5155,e68ec15cf801c5111224b7be0a83c2f90b5cf5baa63f5d3b21b31555bb529394
docs/csv/reconciliation/page-section-pov-wiring.csv,docs/csv/reconciliation/page-section-pov-wiring.csv,documentation,Documentation,Tabular documentation/evidence: page-section-pov-wiring.csv,canonical,current,3,,unique,LOW,No,none,approved,13267,d68ff3a3b4e9942dfb1e39af24d669fb71dfc7d02ba81ed9555079109b0e0df1
docs/csv/reconciliation/physical-ui-object-reconciliation.csv,docs/csv/reconciliation/physical-ui-object-reconciliation.csv,documentation,Documentation,Tabular documentation/evidence: physical-ui-object-reconciliation.csv,canonical,current,3,,unique,LOW,No,none,approved,7183,61c49561a0576c8c07215b365739c8aa28d1563d1e72ec468243050ac28846ee
docs/csv/reconciliation/recovered-page-census.csv,docs/csv/reconciliation/recovered-page-census.csv,documentation,Documentation,Tabular documentation/evidence: recovered-page-census.csv,canonical,current,6,,unique,LOW,No,none,approved,768,a5567f0f7816169be59dd65579748f4bd14410c01f28692d04434a36cb36ab75
docs/csv/reconciliation/sweet-home-camera-creation-manifest.csv,docs/csv/reconciliation/sweet-home-camera-creation-manifest.csv,documentation,Documentation,Tabular documentation/evidence: sweet-home-camera-creation-manifest.csv,canonical,current,3,,unique,LOW,No,none,approved,9158,06ff4562a7ef6b810e4e8456cfd026b6d2ebb957e79f902b4aa7b0caed490324
docs/g1/5.5G1-door-adjacency-census.csv,docs/g1/5.5G1-door-adjacency-census.csv,documentation,Documentation,G-series spatial evidence: 5.5G1-door-adjacency-census.csv,canonical,current,3,,unique,MEDIUM,Yes,verify/3d/,approved,6755,461945bbe5943a34cc25f0dd1463265bbb222ced5bb6b20c1523788af5ea052a
docs/g1/5.5G1-door-adjacency-census.json,docs/g1/5.5G1-door-adjacency-census.json,documentation,Documentation,G-series spatial evidence: 5.5G1-door-adjacency-census.json,canonical,current,3,,unique,MEDIUM,Yes,verify/3d/,approved,4559,2e8afdd448763efd6edc6e442e3fc31a8c81920271488b5edd995cdfdfa10dbe
docs/g1/5.5G1-door-adjacency-census.md,docs/g1/5.5G1-door-adjacency-census.md,documentation,Documentation,G-series spatial evidence: 5.5G1-door-adjacency-census.md,canonical,current,3,,unique,MEDIUM,Yes,verify/3d/,approved,9695,2808ac837a5b1006c5617d165358a8132967fac215e67644c0ca9cca54402c53
docs/g1/5.5G1-problematic-door-resolution.json,docs/g1/5.5G1-problematic-door-resolution.json,documentation,Documentation,G-series spatial evidence: 5.5G1-problematic-door-resolution.json,canonical,current,3,,unique,MEDIUM,Yes,verify/3d/,approved,4762,368b337a6d6f2a17017c7b7b3695592391a33f325da1238a377c3e2f0004901d
docs/g1/5.5G1-problematic-door-resolution.md,docs/g1/5.5G1-problematic-door-resolution.md,documentation,Documentation,G-series spatial evidence: 5.5G1-problematic-door-resolution.md,canonical,current,3,,unique,MEDIUM,Yes,verify/3d/,approved,2323,550facc098442f40acc4ddd852eb1ae78dcc7f2da06a983f41c14717038c1442
docs/g1/5.5G1.1-G1.4-continuity-index.json,docs/g1/5.5G1.1-G1.4-continuity-index.json,documentation,Documentation,G-series spatial evidence: 5.5G1.1-G1.4-continuity-index.json,canonical,current,5,,unique,MEDIUM,Yes,verify/3d/,approved,1993,567488d3e6d70c4f65d88b827d5e30a5017496e95f118fa43c0c1066f1e8f525
docs/g1/5.5G1.1-adjacency-navigation-reconciliation.csv,docs/g1/5.5G1.1-adjacency-navigation-reconciliation.csv,documentation,Documentation,G-series spatial evidence: 5.5G1.1-adjacency-navigation-reconciliation.csv,canonical,current,3,,unique,MEDIUM,Yes,verify/3d/,approved,8642,2c02cac4768b9c5600cd7ccc14c16721b962e0d2fc15d1dedd644a4d6866dc1e
docs/g1/5.5G1.1-adjacency-navigation-reconciliation.json,docs/g1/5.5G1.1-adjacency-navigation-reconciliation.json,documentation,Documentation,G-series spatial evidence: 5.5G1.1-adjacency-navigation-reconciliation.json,canonical,current,3,,unique,MEDIUM,Yes,verify/3d/,approved,2381,6506b7549d714456716e380252aff2f060dbde11bfdf3ef474cad062afee7057
docs/g1/5.5G1.1-adjacency-navigation-reconciliation.md,docs/g1/5.5G1.1-adjacency-navigation-reconciliation.md,documentation,Documentation,G-series spatial evidence: 5.5G1.1-adjacency-navigation-reconciliation.md,canonical,current,3,,unique,MEDIUM,Yes,verify/3d/,approved,2617,70837d8c2ddde7e7a323e4677cb404adef95e72fdfcdb3adc284a8bea05491a9
docs/g1/5.5G1.1-application-route-evidence.csv,docs/g1/5.5G1.1-application-route-evidence.csv,documentation,Documentation,G-series spatial evidence: 5.5G1.1-application-route-evidence.csv,canonical,current,3,,unique,MEDIUM,Yes,verify/3d/,approved,1284,aea54529db6baa94a933de5693612957c7b78b99861483b10805295e248021d3
docs/g1/5.5G1.1-logical-door-contracts.csv,docs/g1/5.5G1.1-logical-door-contracts.csv,documentation,Documentation,G-series spatial evidence: 5.5G1.1-logical-door-contracts.csv,canonical,current,3,,unique,MEDIUM,Yes,verify/3d/,approved,2397,8b4ff6ad4dc9a7002c05f35a9d71da0e9d181558d42d320516c0569ff3ab9ae9
docs/g1/5.5G1.3-corrected-stable-adjacency-edges.csv,docs/g1/5.5G1.3-corrected-stable-adjacency-edges.csv,documentation,Documentation,G-series spatial evidence: 5.5G1.3-corrected-stable-adjacency-edges.csv,canonical,current,3,,unique,MEDIUM,Yes,verify/3d/,approved,5498,fcc5d720209e098bdada0241675768302e8608ad61e9da107f6b1f6339e30e64
docs/g1/5.5G1.3-graph-integrity-reconciliation.json,docs/g1/5.5G1.3-graph-integrity-reconciliation.json,documentation,Documentation,G-series spatial evidence: 5.5G1.3-graph-integrity-reconciliation.json,canonical,current,3,,unique,MEDIUM,Yes,verify/3d/,approved,3612,3b9e38657c81c74264c7a5c995a8f3c660a96aee7a506802823c566519b20ae9
docs/g1/5.5G1.3-graph-integrity-reconciliation.md,docs/g1/5.5G1.3-graph-integrity-reconciliation.md,documentation,Documentation,G-series spatial evidence: 5.5G1.3-graph-integrity-reconciliation.md,canonical,current,3,,unique,MEDIUM,Yes,verify/3d/,approved,2192,aaab6dfd9de705f7c1357cb7eed2c4058fec460640dcc5a0a172fa9a0d5b5f64
docs/g1/5.5G1.3-unsafe-door-records.csv,docs/g1/5.5G1.3-unsafe-door-records.csv,documentation,Documentation,G-series spatial evidence: 5.5G1.3-unsafe-door-records.csv,canonical,current,3,,unique,MEDIUM,Yes,verify/3d/,approved,1523,24ae55262a2be82065da39d2781b7b1e36af3585a9f523db97ff47ed9ef241f7
docs/g1/5.5G1.4-physical-door-endpoint-reconciliation.md,docs/g1/5.5G1.4-physical-door-endpoint-reconciliation.md,documentation,Documentation,G-series spatial evidence: 5.5G1.4-physical-door-endpoint-reconciliation.md,canonical,current,4,,unique,MEDIUM,Yes,verify/3d/,approved,2035,2e78d7592ed8e3d904de69e8d88f88f462621e88864a03ad06c446f66e8f14a3
docs/g1/5.5G1.4-problematic-door-endpoint-reconciliation.csv,docs/g1/5.5G1.4-problematic-door-endpoint-reconciliation.csv,documentation,Documentation,G-series spatial evidence: 5.5G1.4-problematic-door-endpoint-reconciliation.csv,canonical,current,4,,unique,MEDIUM,Yes,verify/3d/,approved,2838,b2cc038be71db69d4ee511046d97041d288d3ebcaa79b985ea6c8749688e5eb5
docs/g1/5.5G1.5-room-semantic-reconciliation.csv,docs/g1/5.5G1.5-room-semantic-reconciliation.csv,documentation,Documentation,G-series spatial evidence: 5.5G1.5-room-semantic-reconciliation.csv,canonical,current,3,,unique,MEDIUM,Yes,verify/3d/,approved,5447,f68265535576b4f5671ef9400cebc14e6922379ab444bfeefa4c7e9025a02d29
docs/g1/5.5G1.5-room-semantic-reconciliation.json,docs/g1/5.5G1.5-room-semantic-reconciliation.json,documentation,Documentation,G-series spatial evidence: 5.5G1.5-room-semantic-reconciliation.json,canonical,current,3,,unique,MEDIUM,Yes,verify/3d/,approved,1285,f21951f4172776ab10526e35d1f03c1fd9c18b4b80bc0a23859556ffaa51dbe5
docs/g1/5.5G1.5-room-semantic-reconciliation.md,docs/g1/5.5G1.5-room-semantic-reconciliation.md,documentation,Documentation,G-series spatial evidence: 5.5G1.5-room-semantic-reconciliation.md,canonical,current,3,,unique,MEDIUM,Yes,verify/3d/,approved,1291,b0e3b0a74262e7cea9d3abe18f7214af4ed671b1ab4751c6cd8c927db08feb1b
docs/g1/5.5G2-house-boundary-bindings.csv,docs/g1/5.5G2-house-boundary-bindings.csv,documentation,Documentation,G-series spatial evidence: 5.5G2-house-boundary-bindings.csv,canonical,current,3,,unique,MEDIUM,Yes,verify/3d/,approved,378,9276a413fb8afd4372935eb38f54a2b9ce4f2bec86383415217ee76a8d460d08
docs/g1/5.5G2-stable-adjacency-edges.csv,docs/g1/5.5G2-stable-adjacency-edges.csv,documentation,Documentation,G-series spatial evidence: 5.5G2-stable-adjacency-edges.csv,canonical,current,3,,unique,MEDIUM,Yes,verify/3d/,approved,10325,31e0d913efde590c397dd1a16e1c4a241d59aea9bd3130a2e450fe32b353a888
docs/g1/5.5G2-stable-adjacency-graph.json,docs/g1/5.5G2-stable-adjacency-graph.json,documentation,Documentation,G-series spatial evidence: 5.5G2-stable-adjacency-graph.json,canonical,current,3,,unique,MEDIUM,Yes,verify/3d/,approved,1818,cd7bc5f8ca3ca0b8711dcae4a938532bddcc4280c0b0122484de1f5655d2dacf
docs/g1/5.5G2-stable-adjacency-graph.md,docs/g1/5.5G2-stable-adjacency-graph.md,documentation,Documentation,G-series spatial evidence: 5.5G2-stable-adjacency-graph.md,canonical,current,3,,unique,MEDIUM,Yes,verify/3d/,approved,1785,ff748ca48d542509f498a2154be267497b60c63d8e6ddb9fb3823fd4dff77580
docs/g1/5.5G2-stable-physical-nodes.csv,docs/g1/5.5G2-stable-physical-nodes.csv,documentation,Documentation,G-series spatial evidence: 5.5G2-stable-physical-nodes.csv,canonical,current,3,,unique,MEDIUM,Yes,verify/3d/,approved,2563,8bb4d801a89231c3c4210bdd61dbab7b2d1d0bc15756dbb2a84cd8bd15f5d87a
docs/g1/5.5G3-required-logical-door-binding-matrix.json,docs/g1/5.5G3-required-logical-door-binding-matrix.json,documentation,Documentation,G-series spatial evidence: 5.5G3-required-logical-door-binding-matrix.json,canonical,current,3,,unique,MEDIUM,Yes,verify/3d/,approved,2432,424c9a0105c002f7a7ed6ffe331d1ab683dc7378ffe803ed8fcfc503645805ce
docs/g1/5.5G3-required-logical-door-binding-matrix.md,docs/g1/5.5G3-required-logical-door-binding-matrix.md,documentation,Documentation,G-series spatial evidence: 5.5G3-required-logical-door-binding-matrix.md,canonical,current,3,,unique,MEDIUM,Yes,verify/3d/,approved,1253,e3034f187c5229049a705e3551099a5cbc6f132f96e3dfafa78b1f3576d2c85b
docs/g1/5.5G4-promoted-circulation-spine.csv,docs/g1/5.5G4-promoted-circulation-spine.csv,documentation,Documentation,G-series spatial evidence: 5.5G4-promoted-circulation-spine.csv,canonical,current,3,,unique,MEDIUM,Yes,verify/3d/,approved,358,8c98eddf43d50504e5e03a55e7d2f58445f2323e1d43c14f0ffec0ac12834948
docs/g1/5.5G4-route-validation-matrix.csv,docs/g1/5.5G4-route-validation-matrix.csv,documentation,Documentation,G-series spatial evidence: 5.5G4-route-validation-matrix.csv,canonical,current,3,,unique,MEDIUM,Yes,verify/3d/,approved,1657,36b608e3bc71cffe78e936128ac63cad53b7b9744fe92f4b6f9c801d70f8c306
docs/g1/5.5G4-route-validation.json,docs/g1/5.5G4-route-validation.json,documentation,Documentation,G-series spatial evidence: 5.5G4-route-validation.json,canonical,current,3,,unique,MEDIUM,Yes,verify/3d/,approved,1163,0fa9c9e9a8ac1ca95ec249cc6ff97adba3ac62140532fd65302491b63a09be76
docs/g1/5.5G4-route-validation.md,docs/g1/5.5G4-route-validation.md,documentation,Documentation,G-series spatial evidence: 5.5G4-route-validation.md,canonical,current,3,,unique,MEDIUM,Yes,verify/3d/,approved,1200,9932e5aba2ed699ae05cffd4f8583e5f9f41987d6f3d5ab879ffffe11822d38d
docs/g1/5.5G5-physical-destination-anchors.json,docs/g1/5.5G5-physical-destination-anchors.json,documentation,Documentation,G-series spatial evidence: 5.5G5-physical-destination-anchors.json,canonical,current,3,,unique,MEDIUM,Yes,verify/3d/,approved,3347,5a30fa07e28990f0c96f1a649c84918938af66f7448c6e8866276a2292e7d022
docs/g1/5.5G5-physical-destination-anchors.md,docs/g1/5.5G5-physical-destination-anchors.md,documentation,Documentation,G-series spatial evidence: 5.5G5-physical-destination-anchors.md,canonical,current,3,,unique,MEDIUM,Yes,verify/3d/,approved,890,9423b87d457947e8126aa411b2aaec5ad9b8867afd61548174a80b56e782c948
docs/g1/5.5G6-house-topology-contract.json,docs/g1/5.5G6-house-topology-contract.json,documentation,Documentation,G-series spatial evidence: 5.5G6-house-topology-contract.json,canonical,current,4,,unique,MEDIUM,Yes,verify/3d/,approved,5369,cc2cf5e73f7be8d4b12a8cb38beb7ff3e080ad4cdba44a6d2399b7b48dd0e102
docs/g1/5.5G6-targeted-physical-evidence-enhancement.json,docs/g1/5.5G6-targeted-physical-evidence-enhancement.json,documentation,Documentation,G-series spatial evidence: 5.5G6-targeted-physical-evidence-enhancement.json,canonical,current,3,,unique,MEDIUM,Yes,verify/3d/,approved,1022,216fb92391d3b448f7c1d9501e99958f8cc347e52c25760d08f5a3895efbfc4f
docs/g1/5.5G6-targeted-physical-evidence-enhancement.md,docs/g1/5.5G6-targeted-physical-evidence-enhancement.md,documentation,Documentation,G-series spatial evidence: 5.5G6-targeted-physical-evidence-enhancement.md,canonical,current,4,,unique,MEDIUM,Yes,verify/3d/,approved,6750,53e23b019e999dd74a04c52409fea8df7abae55dea705038fbadcaf02c7debc9
docs/g1/5.5G6A-house-topology-clarification.md,docs/g1/5.5G6A-house-topology-clarification.md,documentation,Documentation,G-series spatial evidence: 5.5G6A-house-topology-clarification.md,canonical,current,3,,unique,MEDIUM,Yes,verify/3d/,approved,3451,b63c60380fa0108110d71ad9222eaf835ccf259c4ac0b2c15d6a049fa4c8ad4a
docs/g1/5.5G6D-3d-runtime-audit.json,docs/g1/5.5G6D-3d-runtime-audit.json,documentation,Documentation,G-series spatial evidence: 5.5G6D-3d-runtime-audit.json,canonical,current,3,,unique,MEDIUM,Yes,verify/3d/,approved,1188,a1d618d8c3dba652d2259274318e4d0cfef0dfdf94aa2821cb0212cab468a62d
docs/g1/5.5G6D-3d-runtime-audit.md,docs/g1/5.5G6D-3d-runtime-audit.md,documentation,Documentation,G-series spatial evidence: 5.5G6D-3d-runtime-audit.md,canonical,current,3,,unique,MEDIUM,Yes,verify/3d/,approved,6419,ccf4c6ddec5d60296abde3880961c997db6898358abab982b90282fd7e5263ef
docs/g1/5.5G6E-canonical-camera-reconciliation.md,docs/g1/5.5G6E-canonical-camera-reconciliation.md,documentation,Documentation,G-series spatial evidence: 5.5G6E-canonical-camera-reconciliation.md,canonical,current,3,,unique,MEDIUM,Yes,verify/3d/,approved,2036,432b9db29435f1a6a4fd72e02143dc9e938042085b691016ec0c6c47a435a96d
docs/g1/5.5G6F-sh3d-merge-alignment.json,docs/g1/5.5G6F-sh3d-merge-alignment.json,documentation,Documentation,G-series spatial evidence: 5.5G6F-sh3d-merge-alignment.json,canonical,current,2,,unique,MEDIUM,Yes,verify/3d/,approved,801,de2d08c0a32bf35ea3ece264ced79c5ed0eb7a1489a80252278a9491edb2d02a
docs/g1/5.5G6F-sh3d-xml-merge-alignment.md,docs/g1/5.5G6F-sh3d-xml-merge-alignment.md,documentation,Documentation,G-series spatial evidence: 5.5G6F-sh3d-xml-merge-alignment.md,canonical,current,2,,unique,MEDIUM,Yes,verify/3d/,approved,3295,ccc61ee5cc1ee5ac85f59fb20a16713abe74404dd9d16068ec5749cdc9d34637
docs/g1/5.5G6G-final-three-house-physical-validation.json,docs/g1/5.5G6G-final-three-house-physical-validation.json,documentation,Documentation,G-series spatial evidence: 5.5G6G-final-three-house-physical-validation.json,canonical,current,2,,unique,MEDIUM,Yes,verify/3d/,approved,1115,86d3dbd7683d55c661c17753115ea61e8075207248769572621b4e8c57722386
docs/g1/5.5G6G-final-three-house-physical-validation.md,docs/g1/5.5G6G-final-three-house-physical-validation.md,documentation,Documentation,G-series spatial evidence: 5.5G6G-final-three-house-physical-validation.md,canonical,current,4,,unique,MEDIUM,Yes,verify/3d/,approved,3969,93d83a9065b26f8be97cda1847ba0865cb1236418514bc0f7d4945e87764116d
docs/g1/5.5G6H-canonical-sh3d-cleanup-audit.md,docs/g1/5.5G6H-canonical-sh3d-cleanup-audit.md,documentation,Documentation,G-series spatial evidence: 5.5G6H-canonical-sh3d-cleanup-audit.md,canonical,current,2,,unique,MEDIUM,Yes,verify/3d/,approved,2153,17313814058522cc66a8979bfe1840b8ff4c8da33c332fe92b19807528845e83
docs/json/3d-contract.json,docs/json/3d-contract.json,contracts,Contracts,Canonical contract/authority JSON: 3d-contract.json,canonical,current,7,,unique,HIGH,Yes,verify/contracts/,approved,1346,0a1ae4ecb77541d392416b43c5efe7e69ccf59e2c47a404369c00d62ab987413
docs/json/architecture-validation-reconciliation.json,docs/json/architecture-validation-reconciliation.json,contracts,Contracts,Canonical contract/authority JSON: architecture-validation-reconciliation.json,canonical,current,3,,unique,MEDIUM,Yes,verify/contracts/,approved,6374,2593c44b9f101e7bdbda299c2441ed7853d9e8830d86b00f4e8520043b6393b2
docs/json/archive/evidence/guide-manifest.json,archive/json/archive/evidence/guide-manifest.json,archive,Archive,Historical JSON evidence: guide-manifest.json,historical-evidence,evidence,5,,unique,MEDIUM,Yes,none,approved,112422,b434d88351cce49ebc7431760fa7c33b25ce63d284f735c18bcadc3dead5dedb
docs/json/archive/reconciliation/3d-authority-reconciliation.json,archive/json/archive/reconciliation/3d-authority-reconciliation.json,archive,Archive,Historical JSON evidence: 3d-authority-reconciliation.json,historical-evidence,evidence,5,,unique,MEDIUM,Yes,none,approved,1658,3b130ee8d6717a27a35470efe00d572e5aed5059c122ad3ec33b17ca6109ba86
docs/json/archive/stray/INDEX.json,archive/json/archive/stray/INDEX.json,archive,Archive,Historical JSON evidence: INDEX.json,historical-evidence,evidence,5,,unique,MEDIUM,Yes,none,approved,1090,d41dc337353c77518fc428829398f008dc4f53550234acc98bcaff5a7c094c00
docs/json/archive/stray/PATCH-53-UI-UX-CONTRACT.json,archive/json/archive/stray/PATCH-53-UI-UX-CONTRACT.json,archive,Archive,Historical JSON evidence: PATCH-53-UI-UX-CONTRACT.json,historical-evidence,evidence,6,,unique,MEDIUM,Yes,none,approved,7102,a2213eb2c4a00cbe94f45400a173b1e58c542bfa52b86d3b3b89828bbf30505b
docs/json/archive/stray/routes.dictionary.json,archive/json/archive/stray/routes.dictionary.json,archive,Archive,Historical JSON evidence: routes.dictionary.json,historical-evidence,evidence,5,,unique,MEDIUM,Yes,none,approved,3058,c5bce7652b28bdcdaa9e05d72fb5894f654f730ad8fcbfe55c5e93bf3b684d05
docs/json/archive/stray/ui-ownership.dictionary.json,archive/json/archive/stray/ui-ownership.dictionary.json,archive,Archive,Historical JSON evidence: ui-ownership.dictionary.json,historical-evidence,evidence,5,,unique,MEDIUM,Yes,none,approved,2291,eeb1c6f7b2d6d485d89ef05a44db422248ea6c77095c80cd115693abe20485bd
docs/json/archive/verification/41_phase9_summary.json,archive/json/archive/verification/41_phase9_summary.json,archive,Archive,Historical JSON evidence: 41_phase9_summary.json,historical-evidence,evidence,5,,unique,MEDIUM,Yes,none,approved,171,1b943431dcc6104f2a6ab6b17be1abaa0319347fdfaa1e9865cbe98f2d0bb08a
docs/json/archive/verification/refinement-manifest.json,archive/json/archive/verification/refinement-manifest.json,archive,Archive,Historical JSON evidence: refinement-manifest.json,historical-evidence,evidence,5,,unique,MEDIUM,Yes,none,approved,1456,51dae12ba9ff44ce9fffa22b3149a9fa1e0aaab65d78fd4d4622484dde38b22b
docs/json/archive/walkmyplan/MANIFEST.json,archive/json/archive/walkmyplan/MANIFEST.json,archive,Archive,Historical JSON evidence: MANIFEST.json,historical-evidence,evidence,5,,unique,MEDIUM,Yes,none,approved,1839,8f8902b23a18e524978649c70ce620440694507347606caec664ee7f8363c124
docs/json/archive/walkmyplan/asset-integration-manifest.json,archive/json/archive/walkmyplan/asset-integration-manifest.json,archive,Archive,Historical JSON evidence: asset-integration-manifest.json,historical-evidence,evidence,5,,unique,MEDIUM,Yes,none,approved,17042,e66ba726f0eb1a5b55d7310d01af2968295d705aaeb338e0142d6180b7270d5f
docs/json/archive/walkmyplan/asset-loading-graph.json,archive/json/archive/walkmyplan/asset-loading-graph.json,archive,Archive,Historical JSON evidence: asset-loading-graph.json,historical-evidence,evidence,5,,unique,MEDIUM,Yes,none,approved,1686,caac53821eca0714d9f3b5d644ea08ef73db84db8c0079491a667f474cc4e0cd
docs/json/archive/walkmyplan/asset-source-license-contract.json,archive/json/archive/walkmyplan/asset-source-license-contract.json,archive,Archive,Historical JSON evidence: asset-source-license-contract.json,historical-evidence,evidence,5,,unique,MEDIUM,Yes,none,approved,765,00eb76248f2bc6ecf8229354ff150f65a705568f42b9e7f2b4bd0814a81bbafa
docs/json/archive/walkmyplan/auth-identity-route-capability-matrix.json,archive/json/archive/walkmyplan/auth-identity-route-capability-matrix.json,archive,Archive,Historical JSON evidence: auth-identity-route-capability-matrix.json,historical-evidence,evidence,5,,unique,MEDIUM,Yes,none,approved,4215,1eb0ac9b9d47cba75624b163c0a630d69a0536b2cb9f4a50c06d982194efac1f
docs/json/archive/walkmyplan/camera-registry.json,archive/json/archive/walkmyplan/camera-registry.json,archive,Archive,Historical JSON evidence: camera-registry.json,historical-evidence,evidence,6,,duplicate-group-8922a7ed2f8d6b44|archive-copy,MEDIUM,Yes,none,approved,9286,8922a7ed2f8d6b4452422df62342730f3e6eea702a6755da97d6fde06c953a25
docs/json/archive/walkmyplan/canonical-camera-door-graph.json,archive/json/archive/walkmyplan/canonical-camera-door-graph.json,archive,Archive,Historical JSON evidence: canonical-camera-door-graph.json,historical-evidence,evidence,5,,unique,MEDIUM,Yes,none,approved,3907,d9dc4306a4916186f809fd45e4be1495c7883fef9fab2e2c79957a5262d426a5
docs/json/archive/walkmyplan/cinematic-transition-contract.json,archive/json/archive/walkmyplan/cinematic-transition-contract.json,archive,Archive,Historical JSON evidence: cinematic-transition-contract.json,historical-evidence,evidence,5,,unique,MEDIUM,Yes,none,approved,800,1f3e8dd5893dadd191278e597b0b7b140856779e98b440db935d6a4a25cc1fb2
docs/json/archive/walkmyplan/door-registry.json,archive/json/archive/walkmyplan/door-registry.json,archive,Archive,Historical JSON evidence: door-registry.json,historical-evidence,evidence,5,,unique,MEDIUM,Yes,none,approved,4320,7ff7ead376ad8627a7df143c8f4ac764e012736a563250c8d18f0aaf387b99a8
docs/json/archive/walkmyplan/environment-shell-registry.json,archive/json/archive/walkmyplan/environment-shell-registry.json,archive,Archive,Historical JSON evidence: environment-shell-registry.json,historical-evidence,evidence,5,,unique,MEDIUM,Yes,none,approved,1299,14dacb281fe267cff9622133085a65fec97855cd88b2295181db48e37c1d05c2
docs/json/archive/walkmyplan/hero-asset-contract.json,archive/json/archive/walkmyplan/hero-asset-contract.json,archive,Archive,Historical JSON evidence: hero-asset-contract.json,historical-evidence,evidence,5,,unique,MEDIUM,Yes,none,approved,920,a0ef02f46ad3c9b39569572ca50e956daa58df5760196ccfa0bb4077b9be5d34
docs/json/archive/walkmyplan/hero-composition-matrix.json,archive/json/archive/walkmyplan/hero-composition-matrix.json,archive,Archive,Historical JSON evidence: hero-composition-matrix.json,historical-evidence,evidence,5,,unique,MEDIUM,Yes,none,approved,6013,9ed116cbfdd654e1aa788ffb1950a48b23c131ed4611df694902642a9658b3db
docs/json/archive/walkmyplan/hero-world-shell-registry.json,archive/json/archive/walkmyplan/hero-world-shell-registry.json,archive,Archive,Historical JSON evidence: hero-world-shell-registry.json,historical-evidence,evidence,5,,unique,MEDIUM,Yes,none,approved,3240,46599db4f5654727f5f5704c8c621eea97f681d7c53d2ee5aadac42702c86662
docs/json/archive/walkmyplan/main-hall-zone-object-map.json,archive/json/archive/walkmyplan/main-hall-zone-object-map.json,archive,Archive,Historical JSON evidence: main-hall-zone-object-map.json,historical-evidence,evidence,5,,unique,MEDIUM,Yes,none,approved,2213,a1b6621a957b071f8138193c1ff85ecaede45e2c1dc937f397d0d92cb6ee4440
docs/json/archive/walkmyplan/operations-role-surface-matrix.json,archive/json/archive/walkmyplan/operations-role-surface-matrix.json,archive,Archive,Historical JSON evidence: operations-role-surface-matrix.json,historical-evidence,evidence,5,,unique,MEDIUM,Yes,none,approved,1918,bfae3a9e1bbee25bc4bcf037d50f7d7bfca22960186619fdd6d68fdff44fd451
docs/json/archive/walkmyplan/performance-budget-matrix.json,archive/json/archive/walkmyplan/performance-budget-matrix.json,archive,Archive,Historical JSON evidence: performance-budget-matrix.json,historical-evidence,evidence,5,,unique,MEDIUM,Yes,none,approved,2207,83af39303117484f9dc106ec16f2bdda9e913f48d976dabde38e0db7cf570a06
docs/json/archive/walkmyplan/physical-ui-object-contract.json,archive/json/archive/walkmyplan/physical-ui-object-contract.json,archive,Archive,Historical JSON evidence: physical-ui-object-contract.json,historical-evidence,evidence,5,,unique,MEDIUM,Yes,none,approved,1054,e9832697957a151c91bdc3e6e99670c5d4fc8eaf2abd0310fa43ae64f4d30aae
docs/json/archive/walkmyplan/physical-ui-object-registry.json,archive/json/archive/walkmyplan/physical-ui-object-registry.json,archive,Archive,Historical JSON evidence: physical-ui-object-registry.json,historical-evidence,evidence,6,,duplicate-group-ff09635fa9d13112|archive-copy,MEDIUM,Yes,none,approved,33521,ff09635fa9d13112798fbe8502d623158e5a03d2c444a0b2345fd80e99bc69d7
docs/json/archive/walkmyplan/role-path-matrix.json,archive/json/archive/walkmyplan/role-path-matrix.json,archive,Archive,Historical JSON evidence: role-path-matrix.json,historical-evidence,evidence,5,,unique,MEDIUM,Yes,none,approved,3391,3a693deb6c052b9a37716069e67edb69b7029ec17c023329326ecea63d1dad33
docs/json/archive/walkmyplan/room-shell-registry.json,archive/json/archive/walkmyplan/room-shell-registry.json,archive,Archive,Historical JSON evidence: room-shell-registry.json,historical-evidence,evidence,6,,duplicate-group-44abd96f6d7ee427|archive-copy,MEDIUM,Yes,none,approved,4770,44abd96f6d7ee42708d600b15876d931ad676eaf0f2ba3f7a2756578b6b09857
docs/json/archive/walkmyplan/room-theme-performance-map.json,archive/json/archive/walkmyplan/room-theme-performance-map.json,archive,Archive,Historical JSON evidence: room-theme-performance-map.json,historical-evidence,evidence,5,,unique,MEDIUM,Yes,none,approved,2528,fd4e993d648d423f7da235c40abca98ea36bf59aa589e0181ccebfe7a9e87458
docs/json/archive/walkmyplan/room-zone-registry.json,archive/json/archive/walkmyplan/room-zone-registry.json,archive,Archive,Historical JSON evidence: room-zone-registry.json,historical-evidence,evidence,6,,duplicate-group-fe1f428b3a50ecdb|archive-copy,MEDIUM,Yes,none,approved,4803,fe1f428b3a50ecdb1c7418533e8c837b01cdb89d17128b83c5df2c8527b77708
docs/json/archive/walkmyplan/route-registry.json,archive/json/archive/walkmyplan/route-registry.json,archive,Archive,Historical JSON evidence: route-registry.json,historical-evidence,evidence,5,,unique,MEDIUM,Yes,none,approved,2263,81884da0648dfe289c0af01e72e7365abdcc7cf5790a540add1a581149cd4238
docs/json/archive/walkmyplan/section-camera-choreography.json,archive/json/archive/walkmyplan/section-camera-choreography.json,archive,Archive,Historical JSON evidence: section-camera-choreography.json,historical-evidence,evidence,6,,duplicate-group-40f84b8ce733db15|archive-copy,MEDIUM,Yes,none,approved,14938,40f84b8ce733db15fffa644d2f9522c0c14c3716f6421ef9398b9d5b24585302
docs/json/archive/walkmyplan/security-camera-registry.json,archive/json/archive/walkmyplan/security-camera-registry.json,archive,Archive,Historical JSON evidence: security-camera-registry.json,historical-evidence,evidence,5,,unique,MEDIUM,Yes,none,approved,2510,a5743f0b0805b644908abe61ef939b95c9e3b96352253978f0b52195ca73137d
docs/json/archive/walkmyplan/spatial-reconciliation.json,archive/json/archive/walkmyplan/spatial-reconciliation.json,archive,Archive,Historical JSON evidence: spatial-reconciliation.json,historical-evidence,evidence,6,,duplicate-group-dfb3f97f37716ab6|reconciliation-copy,MEDIUM,Yes,none,approved,12197,dfb3f97f37716ab61f421ad27bf71e7a764d27833d694a622a0daef516f0ccd5
docs/json/archive/walkmyplan/theme-lighting-contract.json,archive/json/archive/walkmyplan/theme-lighting-contract.json,archive,Archive,Historical JSON evidence: theme-lighting-contract.json,historical-evidence,evidence,5,,unique,MEDIUM,Yes,none,approved,1782,fd1ce146b78cd97a6f8b514927791b1ec7b09e4eb7f70157e3e85151b456684c
docs/json/archive/walkmyplan/visibility-performance-policy.json,archive/json/archive/walkmyplan/visibility-performance-policy.json,archive,Archive,Historical JSON evidence: visibility-performance-policy.json,historical-evidence,evidence,5,,unique,MEDIUM,Yes,none,approved,821,081cb17507cb8d1164f9b09c1aad9b305aca92fccf38ddef47205cc2b5a3dc4d
docs/json/auth-contract.json,docs/json/auth-contract.json,contracts,Contracts,Canonical contract/authority JSON: auth-contract.json,canonical,current,3,,unique,MEDIUM,Yes,verify/contracts/,approved,302,6168c4944a489528e15730ea2719565ebc5ffb600dbf9bd0a1f2cbddf9faa359
docs/json/checkpoint-manifest-root.json,docs/json/checkpoint-manifest-root.json,contracts,Contracts,Canonical contract/authority JSON: checkpoint-manifest-root.json,canonical,current,8,,unique,HIGH,Yes,verify/contracts/,approved,4539,e833607641e60df7c7f11459aaf62c101940b56bc7596af8fb8e6e83c5089778
docs/json/checkpoints/checkpoint-2026-08-26-three-split-migrate.json,docs/json/checkpoints/checkpoint-2026-08-26-three-split-migrate.json,contracts,Contracts,Canonical contract/authority JSON: checkpoint-2026-08-26-three-split-migrate.json,canonical,current,5,,unique,MEDIUM,Yes,verify/contracts/,approved,1880,06f8199228c3e69d7783560ce8a2557d011accaffd4ac4f8b496f3f8c99d49f6
docs/json/contracts/broker-application.json,docs/json/contracts/broker-application.json,contracts,Contracts,Canonical contract/authority JSON: broker-application.json,canonical,current,3,,unique,MEDIUM,Yes,verify/contracts/,approved,830,48d8385d1c064d14557c18254c60de3821cf45aa926868455c819f4ddd9733a3
docs/json/contracts/registration-abuse-authority.json,docs/json/contracts/registration-abuse-authority.json,contracts,Contracts,Canonical contract/authority JSON: registration-abuse-authority.json,canonical,current,3,,unique,MEDIUM,Yes,verify/contracts/,approved,1271,8cfb976460c6dc03a686f5921a6943764be27f0b89aa1640ff8a8be46e9ed9cd
docs/json/contracts/support-ticket-authority.json,docs/json/contracts/support-ticket-authority.json,contracts,Contracts,Canonical contract/authority JSON: support-ticket-authority.json,canonical,current,3,,unique,MEDIUM,Yes,verify/contracts/,approved,1600,60b4172184611fe4014850efb3a0e5575c6de8648a1b4d6473a4cf8f21b83dd5
docs/json/data-contract.json,docs/json/data-contract.json,contracts,Contracts,Canonical contract/authority JSON: data-contract.json,canonical,current,3,,unique,MEDIUM,Yes,verify/contracts/,approved,217,d869230d735f4c457cbce63a36616bcebe68601cd41bfa64bd7b2f23731a79f5
docs/json/firebase/canonical-data.json,docs/json/firebase/canonical-data.json,contracts,Contracts,Canonical contract/authority JSON: canonical-data.json,canonical,current,3,,unique,MEDIUM,Yes,verify/contracts/,approved,761,084757342b5970513c70f2caddeb8d4a607b6a30480109e7dd45dffdd96f4ab1
docs/json/firebase/canonical-roles.json,docs/json/firebase/canonical-roles.json,contracts,Contracts,Canonical contract/authority JSON: canonical-roles.json,canonical,current,5,,unique,MEDIUM,Yes,verify/contracts/,approved,742,691b08f171c22211fe32d244149f6efc0ca3eb5bef77d3af84fdab8bd47e35bc
docs/json/firebase/kyc-authorization.json,docs/json/firebase/kyc-authorization.json,contracts,Contracts,Canonical contract/authority JSON: kyc-authorization.json,canonical,current,7,,unique,HIGH,Yes,verify/contracts/,approved,1539,ae142c57c6a9376d0878a23c4f92c8bc903d278da742fe5c9bd6ea0cde540176
docs/json/firebase/route-authority.json,docs/json/firebase/route-authority.json,contracts,Contracts,Canonical contract/authority JSON: route-authority.json,canonical,current,4,,unique,MEDIUM,Yes,verify/contracts/,approved,2797,3ebdf18a09c92db1015c49bc29bd90c960b43ee06f3afd31304124e0a6d653cb
docs/json/firebase/user-authority.json,docs/json/firebase/user-authority.json,contracts,Contracts,Canonical contract/authority JSON: user-authority.json,canonical,current,3,,unique,MEDIUM,Yes,verify/contracts/,approved,1154,1d84237316f3d40929ff6ced6db26f1f703fd313f389356e35e2d28af5a0ad14
docs/json/project-authority.json,docs/json/project-authority.json,contracts,Contracts,Canonical contract/authority JSON: project-authority.json,canonical,current,10,,unique,HIGH,Yes,verify/contracts/,approved,1690,1764305f8b97f879c2619faab9635dea8b2b98c71bec47841fb7fb79db20d6d3
docs/json/reconciliation/3d__docs__model-census.json,archive/reconciliation/reconciliation/3d__docs__model-census.json,archive,Archive,Reconciliation copy: 3d__docs__model-census.json,reconciliation-copy,evidence,3,,unique,MEDIUM,No,none,approved,584,badc9760e7fa2d24f2f59436471971b70ce7f25bf8ca6aae1e15436a2126f3c3
docs/json/reconciliation/5.5G6E-canonical-camera-binding.json,archive/reconciliation/reconciliation/5.5G6E-canonical-camera-binding.json,archive,Archive,Reconciliation copy: 5.5G6E-canonical-camera-binding.json,reconciliation-copy,evidence,4,,unique,MEDIUM,No,none,approved,2613,15023837b73589d6cee61965d4c6471089a10a138520240ac271a2f07f4dc266
docs/json/reconciliation/5.5c-v2-execution-2026-08-26.json,archive/reconciliation/reconciliation/5.5c-v2-execution-2026-08-26.json,archive,Archive,Reconciliation copy: 5.5c-v2-execution-2026-08-26.json,reconciliation-copy,evidence,4,,unique,MEDIUM,No,none,approved,1261,4e728437f1106101c638ef3202630ebb1f3d5d7bda42c96c9a0f1322872197ee
docs/json/reconciliation/5.5c-v3-historical-contract-reconciliation-2026-08-26.json,archive/reconciliation/reconciliation/5.5c-v3-historical-contract-reconciliation-2026-08-26.json,archive,Archive,Reconciliation copy: 5.5c-v3-historical-contract-reconciliation-2026-08-26.json,reconciliation-copy,evidence,7,,unique,MEDIUM,No,none,approved,2404,5b7e0520afef4c6799bdcc33303ae9b307745c67d59df871a9fe81810c1a502e
docs/json/reconciliation/5.5c-v4-patch57-cinematic-test-path-reconciliation-2026-08-26.json,archive/reconciliation/reconciliation/5.5c-v4-patch57-cinematic-test-path-reconciliation-2026-08-26.json,archive,Archive,Reconciliation copy: 5.5c-v4-patch57-cinematic-test-path-reconciliation-2026-08-26.json,reconciliation-copy,evidence,6,,unique,MEDIUM,No,none,approved,1148,10c263347e01bf04f35e6bb2a030007ace826d905a204af8afc0f0800ca540cf
docs/json/reconciliation/5.5c-v5-baseline-integrity-2026-08-26.json,archive/reconciliation/reconciliation/5.5c-v5-baseline-integrity-2026-08-26.json,archive,Archive,Reconciliation copy: 5.5c-v5-baseline-integrity-2026-08-26.json,reconciliation-copy,evidence,3,,unique,MEDIUM,No,none,approved,966,efcfd6172c215879caa0b3bd7c576dd2cdeb290446b9774840deb16b14c1a90c
docs/json/reconciliation/5.5c-v6-baseline-integrity-rejoin-2026-08-26.json,archive/reconciliation/reconciliation/5.5c-v6-baseline-integrity-rejoin-2026-08-26.json,archive,Archive,Reconciliation copy: 5.5c-v6-baseline-integrity-rejoin-2026-08-26.json,reconciliation-copy,evidence,4,,unique,MEDIUM,No,none,approved,1284,8ba02adfbe3f9583edd82b22ff9bbc9fd99ed6d8f6870eec45319d5f7ca10883
docs/json/reconciliation/5.5d-physical-travel-contract.json,archive/reconciliation/reconciliation/5.5d-physical-travel-contract.json,archive,Archive,Reconciliation copy: 5.5d-physical-travel-contract.json,reconciliation-copy,evidence,5,,unique,MEDIUM,No,none,approved,1372,fc25aac6531a30ac2202995b1f150180def48109501cf10581a797266f2084e6
docs/json/reconciliation/5.5d-ui-3d-presentation-contract.json,archive/reconciliation/reconciliation/5.5d-ui-3d-presentation-contract.json,archive,Archive,Reconciliation copy: 5.5d-ui-3d-presentation-contract.json,reconciliation-copy,evidence,5,,unique,MEDIUM,No,none,approved,3878,3251da4ae1d47fc2865ccfc59f6f68cde64bb0ecc5bf50cee8010610fba90c52
docs/json/reconciliation/5.5e-canonical-spatial-topology-proof.json,archive/reconciliation/reconciliation/5.5e-canonical-spatial-topology-proof.json,archive,Archive,Reconciliation copy: 5.5e-canonical-spatial-topology-proof.json,reconciliation-copy,evidence,4,,unique,MEDIUM,No,none,approved,5400,0dfb46dd4098826fc6b379ea17b9eb9d83b420a87606d8e958f147afdf8f5c0b
docs/json/reconciliation/5.5f1-ui-physical-room-completeness.json,archive/reconciliation/reconciliation/5.5f1-ui-physical-room-completeness.json,archive,Archive,Reconciliation copy: 5.5f1-ui-physical-room-completeness.json,reconciliation-copy,evidence,4,,unique,MEDIUM,No,none,approved,1528,cacce87988acea66941ea8e75b1bffeaae5a8ab03842f774ff01eb614d5bb467
docs/json/reconciliation/5.5f2-deep-additional-sh3d-census.json,archive/reconciliation/reconciliation/5.5f2-deep-additional-sh3d-census.json,archive,Archive,Reconciliation copy: 5.5f2-deep-additional-sh3d-census.json,reconciliation-copy,evidence,4,,unique,MEDIUM,No,none,approved,1990,e5f2e96b2be2f3eee75d3f29930c2f7d78d675f8f8a4b4bb06b88312c29833b9
docs/json/reconciliation/5.5f4-three-house-candidate-physical-allocation.json,archive/reconciliation/reconciliation/5.5f4-three-house-candidate-physical-allocation.json,archive,Archive,Reconciliation copy: 5.5f4-three-house-candidate-physical-allocation.json,reconciliation-copy,evidence,3,,unique,MEDIUM,No,none,approved,1139,6b2bc9c679a832d5e069124e9b9720ac2b3bbf62f9a1a75e3bc30371c44c2b85
docs/json/reconciliation/5.5f5-return-presentation-contract.json,archive/reconciliation/reconciliation/5.5f5-return-presentation-contract.json,archive,Archive,Reconciliation copy: 5.5f5-return-presentation-contract.json,reconciliation-copy,evidence,3,,unique,MEDIUM,No,none,approved,466,dea28aa6623d41bfef14ef091a3761dfa8e66dba0a790061a4c83c3bf5999c5e
docs/json/reconciliation/active-suite-failure-classification-2026-08-26.json,archive/reconciliation/reconciliation/active-suite-failure-classification-2026-08-26.json,archive,Archive,Reconciliation copy: active-suite-failure-classification-2026-08-26.json,reconciliation-copy,evidence,4,,unique,MEDIUM,No,none,approved,410,e15d61b1b0233197d63691841684ec1a5e9d1774a4e665568269506f47111839
docs/json/reconciliation/architecture-validation-reconciliation-results.json,archive/reconciliation/reconciliation/architecture-validation-reconciliation-results.json,archive,Archive,Reconciliation copy: architecture-validation-reconciliation-results.json,reconciliation-copy,evidence,7,,unique,MEDIUM,No,none,approved,7321,a3e7880fb85f7532a0940957d10d1cb1ce8b44e48e491138801fcd84b233869c
docs/json/reconciliation/cinematic__WalkMyPlan__data__camera-registry.json,archive/reconciliation/reconciliation/cinematic__WalkMyPlan__data__camera-registry.json,archive,Archive,Reconciliation copy: cinematic__WalkMyPlan__data__camera-registry.json,reconciliation-copy,evidence,4,,duplicate-group-8922a7ed2f8d6b44|reconciliation-copy,MEDIUM,No,none,approved,9286,8922a7ed2f8d6b4452422df62342730f3e6eea702a6755da97d6fde06c953a25
docs/json/reconciliation/cinematic__WalkMyPlan__data__physical-ui-object-registry.json,archive/reconciliation/reconciliation/cinematic__WalkMyPlan__data__physical-ui-object-registry.json,archive,Archive,Reconciliation copy: cinematic__WalkMyPlan__data__physical-ui-object-registry.json,reconciliation-copy,evidence,4,,duplicate-group-ff09635fa9d13112|reconciliation-copy,MEDIUM,No,none,approved,33521,ff09635fa9d13112798fbe8502d623158e5a03d2c444a0b2345fd80e99bc69d7
docs/json/reconciliation/cinematic__WalkMyPlan__data__room-shell-registry.json,archive/reconciliation/reconciliation/cinematic__WalkMyPlan__data__room-shell-registry.json,archive,Archive,Reconciliation copy: cinematic__WalkMyPlan__data__room-shell-registry.json,reconciliation-copy,evidence,4,,duplicate-group-44abd96f6d7ee427|reconciliation-copy,MEDIUM,No,none,approved,4770,44abd96f6d7ee42708d600b15876d931ad676eaf0f2ba3f7a2756578b6b09857
docs/json/reconciliation/cinematic__WalkMyPlan__data__room-zone-registry.json,archive/reconciliation/reconciliation/cinematic__WalkMyPlan__data__room-zone-registry.json,archive,Archive,Reconciliation copy: cinematic__WalkMyPlan__data__room-zone-registry.json,reconciliation-copy,evidence,4,,duplicate-group-fe1f428b3a50ecdb|reconciliation-copy,MEDIUM,No,none,approved,4803,fe1f428b3a50ecdb1c7418533e8c837b01cdb89d17128b83c5df2c8527b77708
docs/json/reconciliation/cinematic__WalkMyPlan__data__section-camera-choreography.json,archive/reconciliation/reconciliation/cinematic__WalkMyPlan__data__section-camera-choreography.json,archive,Archive,Reconciliation copy: cinematic__WalkMyPlan__data__section-camera-choreography.json,reconciliation-copy,evidence,4,,duplicate-group-40f84b8ce733db15|reconciliation-copy,MEDIUM,No,none,approved,14938,40f84b8ce733db15fffa644d2f9522c0c14c3716f6421ef9398b9d5b24585302
docs/json/reconciliation/cinematic__WalkMyPlan__data__spatial-reconciliation.json,archive/reconciliation/reconciliation/cinematic__WalkMyPlan__data__spatial-reconciliation.json,archive,Archive,Reconciliation copy: cinematic__WalkMyPlan__data__spatial-reconciliation.json,reconciliation-copy,evidence,4,,duplicate-group-dfb3f97f37716ab6|reconciliation-copy,MEDIUM,No,none,approved,12197,dfb3f97f37716ab61f421ad27bf71e7a764d27833d694a622a0daef516f0ccd5
docs/json/reconciliation/current-validation-baseline-2026-08-26.json,archive/reconciliation/reconciliation/current-validation-baseline-2026-08-26.json,archive,Archive,Reconciliation copy: current-validation-baseline-2026-08-26.json,reconciliation-copy,evidence,3,,unique,MEDIUM,No,none,approved,1838,1d5c7dd84ee2a5894a47cb4701390ce3711f86698a5598d7fb0bde97dd090a56
docs/json/reconciliation/data__house-camera-rig.json,archive/reconciliation/reconciliation/data__house-camera-rig.json,archive,Archive,Reconciliation copy: data__house-camera-rig.json,reconciliation-copy,evidence,4,,duplicate-group-7dc0b14b77ab70ba|reconciliation-copy,MEDIUM,No,none,approved,2026,7dc0b14b77ab70baecbcba5d7383747a31d2b23df89c14cc5308b0edd8edd0c1
docs/json/reconciliation/data__house-ui-map.json,archive/reconciliation/reconciliation/data__house-ui-map.json,archive,Archive,Reconciliation copy: data__house-ui-map.json,reconciliation-copy,evidence,4,,duplicate-group-5e02d080b77e029f|reconciliation-copy,MEDIUM,No,none,approved,2804,5e02d080b77e029f9c9c3ba33aa496eefa24f18a59229fe6bb82bdca757b44aa
docs/json/reconciliation/data__house-ui-ux-code-reality-map.json,archive/reconciliation/reconciliation/data__house-ui-ux-code-reality-map.json,archive,Archive,Reconciliation copy: data__house-ui-ux-code-reality-map.json,reconciliation-copy,evidence,4,,duplicate-group-9abf6dd157fcb050|reconciliation-copy,MEDIUM,No,none,approved,9595,9abf6dd157fcb050ac46a23c27d374bb67def65978068682e1b65c1b16f64c39
docs/json/reconciliation/data__physical-ui-objects.json,archive/reconciliation/reconciliation/data__physical-ui-objects.json,archive,Archive,Reconciliation copy: data__physical-ui-objects.json,reconciliation-copy,evidence,3,,unique,MEDIUM,No,none,approved,1520,d2dc962201a805b33047d6b3b5f9cfc5c2956b412bdf641ecceff88942fe8e53
docs/json/reconciliation/data__ui-response-mapping.json,archive/reconciliation/reconciliation/data__ui-response-mapping.json,archive,Archive,Reconciliation copy: data__ui-response-mapping.json,reconciliation-copy,evidence,4,,duplicate-group-fe33492af62c4958|reconciliation-copy,MEDIUM,No,none,approved,42018,fe33492af62c495841a26bf1420507b071a93806ebc9627f20dfcf1d9e5ec7e0
docs/json/reconciliation/first-seven-migration-execution.json,archive/reconciliation/reconciliation/first-seven-migration-execution.json,archive,Archive,Reconciliation copy: first-seven-migration-execution.json,reconciliation-copy,evidence,5,,unique,MEDIUM,No,none,approved,1332,3750dff8882b37ff20d34ea17b5d46a909afbefdc0fa5251c7cb225d44b051b4
docs/json/reconciliation/four-archive-execution.json,archive/reconciliation/reconciliation/four-archive-execution.json,archive,Archive,Reconciliation copy: four-archive-execution.json,reconciliation-copy,evidence,5,,unique,MEDIUM,No,none,approved,580,05b9e877617138c3bbc44348bea151a0e02c14d0503cf007d78247eda37df830
docs/json/reconciliation/freeze-manifest.json,archive/reconciliation/reconciliation/freeze-manifest.json,archive,Archive,Reconciliation copy: freeze-manifest.json,reconciliation-copy,evidence,3,,unique,MEDIUM,No,none,approved,1545,c17c199f2c9cd5c592843d33a21b515f18282ee4cd42358d6a174a36783c7b67
docs/json/roles-contract.json,docs/json/roles-contract.json,contracts,Contracts,Canonical contract/authority JSON: roles-contract.json,canonical,current,8,,unique,HIGH,Yes,verify/contracts/,approved,768,2a46e82d87411b26e819b559446446566befaaf34c166167ffa3a56718357b3b
docs/json/routes-contract.json,docs/json/routes-contract.json,contracts,Contracts,Canonical contract/authority JSON: routes-contract.json,canonical,current,8,,unique,HIGH,Yes,verify/contracts/,approved,562,cae3d16a20e37c77ce97ce53a85732c2e52b4695f229bb3c2eab09c1c68e4c75
docs/json/storage-contract.json,docs/json/storage-contract.json,contracts,Contracts,Canonical contract/authority JSON: storage-contract.json,canonical,current,3,,unique,MEDIUM,Yes,verify/contracts/,approved,218,61a99701a10eab22c5dfdefd3e6ffc0c6ddc27e8ce70f982ebdaf7395e6c45c8
docs/json/supabase/backend-authority.json,docs/json/supabase/backend-authority.json,contracts,Contracts,Canonical contract/authority JSON: backend-authority.json,canonical,current,4,,unique,MEDIUM,Yes,verify/contracts/,approved,858,9933d24a9175836a35baa604e6a2ff9c62039da06e048497f32d56876839cdb3
docs/json/supabase/storage-authority.json,docs/json/supabase/storage-authority.json,contracts,Contracts,Canonical contract/authority JSON: storage-authority.json,canonical,current,4,,unique,MEDIUM,Yes,verify/contracts/,approved,1136,a83003c33a6078d9f5ec032e57830d12a993a4b2d5721ce0e213026e2ce5350c
docs/md/3d-authority.md,docs/md/3d-authority.md,documentation,Documentation,Documentation: 3d-authority.md,canonical,current,9,,unique,MEDIUM,No,none,approved,1148,192449e919199623f1d1ee8b8277b78d71078c320b62017c96cfbe1ccdfe1975
docs/md/3d-model-census-verified.md,docs/md/3d-model-census-verified.md,documentation,Documentation,Documentation: 3d-model-census-verified.md,canonical,current,8,,unique,MEDIUM,No,none,approved,960,407b2662a675b9673aefce5e60399154232332441a109b8ad685bc377084e23e
docs/md/5.5c-v2-current-test-path-and-role-migration.md,docs/md/5.5c-v2-current-test-path-and-role-migration.md,documentation,Documentation,Documentation: 5.5c-v2-current-test-path-and-role-migration.md,canonical,current,5,,unique,MEDIUM,No,none,approved,4175,39cbebc4430dc59015a86d3feb78074a91ebd6a82507333b183efb9b7b767075
docs/md/5.5c-v3-historical-contract-reconciliation.md,docs/md/5.5c-v3-historical-contract-reconciliation.md,documentation,Documentation,Documentation: 5.5c-v3-historical-contract-reconciliation.md,canonical,current,7,,unique,MEDIUM,No,none,approved,2221,632647010dd424434e7dcbff54cf33fc90a638eab31bbdcb5546babdbbc5b5aa
docs/md/5.5c-v4-patch57-cinematic-test-path-reconciliation.md,docs/md/5.5c-v4-patch57-cinematic-test-path-reconciliation.md,documentation,Documentation,Documentation: 5.5c-v4-patch57-cinematic-test-path-reconciliation.md,canonical,current,6,,unique,MEDIUM,No,none,approved,1829,aed0e88a8425c32da2e5bc114715fa611ac9738ffa0949e5d4ac9413e2e26181
docs/md/5.5c-v5-baseline-integrity.md,docs/md/5.5c-v5-baseline-integrity.md,documentation,Documentation,Documentation: 5.5c-v5-baseline-integrity.md,canonical,current,3,,unique,MEDIUM,No,none,approved,1357,320ca9a98e0e3db8b4c6aaf4b38cecec4c5d55b3ef72bf4dc570460af7b0cde6
docs/md/5.5c-v6-baseline-integrity-rejoin.md,docs/md/5.5c-v6-baseline-integrity-rejoin.md,documentation,Documentation,Documentation: 5.5c-v6-baseline-integrity-rejoin.md,canonical,current,4,,unique,MEDIUM,No,none,approved,4215,f311410e7a03240eeaf1a06fd2bcfedfede00081a42ac5fcffca3d62959da321
docs/md/5.5d-three-house-allocation-presentation-contract.md,docs/md/5.5d-three-house-allocation-presentation-contract.md,documentation,Documentation,Documentation: 5.5d-three-house-allocation-presentation-contract.md,canonical,current,4,,unique,MEDIUM,No,none,approved,2427,ee4a2ce3a891a909a1edb9624f771a6e83b0092dc29f92351ca2bb9db5123012
docs/md/5.5e-spatial-reconciliation-proof.md,docs/md/5.5e-spatial-reconciliation-proof.md,documentation,Documentation,Documentation: 5.5e-spatial-reconciliation-proof.md,canonical,current,4,,unique,MEDIUM,No,none,approved,3632,b8e835b9b8b14c3b7b9d66f0fdc683fdbd759338e4b0ac96e7f4eefa181620d8
docs/md/5.5f1-ui-physical-room-completeness.md,docs/md/5.5f1-ui-physical-room-completeness.md,documentation,Documentation,Documentation: 5.5f1-ui-physical-room-completeness.md,canonical,current,4,,unique,MEDIUM,No,none,approved,3563,d843cb82939bda22607f2fc53e0cbd9a23509c41dbf27a97debf199aa10bea8d
docs/md/5.5f2-deep-additional-sh3d-census.md,docs/md/5.5f2-deep-additional-sh3d-census.md,documentation,Documentation,Documentation: 5.5f2-deep-additional-sh3d-census.md,canonical,current,5,,unique,MEDIUM,No,none,approved,3091,12fe479de850d5a34abbe02bd78e2642a66be4bd67de78b2db2d2d6ae4d68ff2
docs/md/active-suite-failure-classification-2026-08-26.md,docs/md/active-suite-failure-classification-2026-08-26.md,documentation,Documentation,Documentation: active-suite-failure-classification-2026-08-26.md,canonical,current,6,,unique,MEDIUM,No,none,approved,7346,a8bd746670b031a385431d628401bfce24b3db77c0c1b35c6bbfe99ff04e1ca8
docs/md/architecture-validation-reconciliation-results.md,docs/md/architecture-validation-reconciliation-results.md,documentation,Documentation,Documentation: architecture-validation-reconciliation-results.md,canonical,current,6,,unique,MEDIUM,No,none,approved,14156,bf95ce3adbf086fa8db8f676157ed5dfbc90a54dbb8593fff810ef6420ad6344
docs/md/architecture-validation-reconciliation.md,docs/md/architecture-validation-reconciliation.md,documentation,Documentation,Documentation: architecture-validation-reconciliation.md,canonical,current,4,,unique,MEDIUM,No,none,approved,7399,0af98963c110ef986add4b0ad895551aa4a858dcf50aed4302d409a13b89effb
docs/md/archive-log.md,docs/md/archive-log.md,documentation,Documentation,Documentation: archive-log.md,canonical,current,5,,unique,MEDIUM,No,none,approved,581,f583d92af2815a0d407930299998b163dd389f4075ff97988ca1e3e0f870343b
docs/md/archive/archive/01-source-of-truth.md,docs/md/archive/archive/01-source-of-truth.md,documentation,Documentation,Documentation: 01-source-of-truth.md,canonical,current,6,,unique,MEDIUM,No,none,approved,4246,d4fad9e2ad001752db1fac57cc63ef50cc392f8fd7c454182d018688fe9c137d
docs/md/archive/archive/03-product-routes-roles.md,docs/md/archive/archive/03-product-routes-roles.md,documentation,Documentation,Documentation: 03-product-routes-roles.md,canonical,current,5,,unique,MEDIUM,No,none,approved,2215,e17437daaa75c444b6b6df60813f106147eb7ae42b0ab980614649bf3557ffd2
docs/md/archive/archive/04-data-backend-authority.md,docs/md/archive/archive/04-data-backend-authority.md,documentation,Documentation,Documentation: 04-data-backend-authority.md,canonical,current,5,,unique,MEDIUM,No,none,approved,1759,875345d117abf14e30e026127bc58e1d33a9590a29a8fcbd9be340f14ddaec86
docs/md/archive/archive/09-sweethome3d-sot.md,docs/md/archive/archive/09-sweethome3d-sot.md,documentation,Documentation,Documentation: 09-sweethome3d-sot.md,canonical,current,5,,unique,MEDIUM,No,none,approved,1976,2844cd7d21feada07eeac63d718a5861fb4388f15b8c1c9f3d5715cfc503bfea
docs/md/archive/archive/10-sweethome3d-model-census.md,docs/md/archive/archive/10-sweethome3d-model-census.md,documentation,Documentation,Documentation: 10-sweethome3d-model-census.md,canonical,current,5,,unique,MEDIUM,No,none,approved,1274,77fa1e76105170670c39a05591c36fc2282602cd1f512c3931db67e7b0c96b48
docs/md/archive/archive/17-verification-testing.md,docs/md/archive/archive/17-verification-testing.md,documentation,Documentation,Documentation: 17-verification-testing.md,canonical,current,5,,unique,MEDIUM,No,none,approved,1652,8b717bb39ee945417892e50411b98f95dd1fc07c0d93446cbb75b79811465dd3
docs/md/archive/archive/18-roadmap.md,docs/md/archive/archive/18-roadmap.md,documentation,Documentation,Documentation: 18-roadmap.md,canonical,current,5,,unique,MEDIUM,No,none,approved,2061,0c3e9f50eda4393e0c708f7037088cd82e60badea917af9bbbadd0f98f204911
docs/md/archive/archive/36-phase8-integration-audit.md,docs/md/archive/archive/36-phase8-integration-audit.md,documentation,Documentation,Documentation: 36-phase8-integration-audit.md,canonical,current,5,,unique,MEDIUM,No,none,approved,2376,9011a5cbaf594d8cfc518c2aa66413980211cd794f6e40b2a01db24d6f044000
docs/md/archive/archive/37-phase10-public-profile-responsive-audit.md,docs/md/archive/archive/37-phase10-public-profile-responsive-audit.md,documentation,Documentation,Documentation: 37-phase10-public-profile-responsive-audit.md,canonical,current,5,,unique,MEDIUM,No,none,approved,2794,22a30b70303791d716182258b5b08631881ad5eb9f55c8931dec5b89af9a6e94
docs/md/archive/archive/40-phase9-theme-security-repair.md,docs/md/archive/archive/40-phase9-theme-security-repair.md,documentation,Documentation,Documentation: 40-phase9-theme-security-repair.md,canonical,current,5,,unique,MEDIUM,No,none,approved,936,9ac6144b29da2e26edb8fd4dd435fb10b948dd9994ee982f7245fd12429f7b3b
docs/md/archive/archive/readme.md,docs/md/archive/archive/readme.md,documentation,Documentation,Documentation: readme.md,canonical,current,5,,unique,MEDIUM,No,none,approved,327,956125495c053199c84710cec7fb84ec58fce3747c3771627c0fa7386b73568c
docs/md/archive/evidence/2026-08-23-attacker-capability-inventory.md,docs/md/archive/evidence/2026-08-23-attacker-capability-inventory.md,documentation,Documentation,Documentation: 2026-08-23-attacker-capability-inventory.md,canonical,current,5,,unique,MEDIUM,No,none,approved,6000,6006399e8df1870f3642401ab8333779e3c2e353e4b2e45dbf784b37785b93e6
docs/md/archive/evidence/2026-08-23-authority-audit.md,docs/md/archive/evidence/2026-08-23-authority-audit.md,documentation,Documentation,Documentation: 2026-08-23-authority-audit.md,canonical,current,5,,unique,MEDIUM,No,none,approved,1579,1af4c334194dca4a43698d612f4adbbab120fa0d9f90b7633eb0d4af727ede9c
docs/md/archive/evidence/2026-08-23-firestore-ticket-notification-graph.md,docs/md/archive/evidence/2026-08-23-firestore-ticket-notification-graph.md,documentation,Documentation,Documentation: 2026-08-23-firestore-ticket-notification-graph.md,canonical,current,5,,unique,MEDIUM,No,none,approved,3395,47bdff9dbf75e9f04819618c9c38e3c83ed80d0ed376524f8c5ba4f22e435f01
docs/md/archive/evidence/2026-08-23-input-upload-hardening.md,docs/md/archive/evidence/2026-08-23-input-upload-hardening.md,documentation,Documentation,Documentation: 2026-08-23-input-upload-hardening.md,canonical,current,5,,unique,MEDIUM,No,none,approved,3620,f74982ff0d145ce7fa868928dba8307e7981bfcd9b3187b2b983ffa712e0462f
docs/md/archive/evidence/2026-08-23-registration-suspension-hardening.md,docs/md/archive/evidence/2026-08-23-registration-suspension-hardening.md,documentation,Documentation,Documentation: 2026-08-23-registration-suspension-hardening.md,canonical,current,5,,unique,MEDIUM,No,none,approved,2164,7d0528396b92d5efe4d42169398a6d969c6df6077b4c4cd86329547870309028
docs/md/archive/evidence/2026-08-23-support-ticket-and-role-dive.md,docs/md/archive/evidence/2026-08-23-support-ticket-and-role-dive.md,documentation,Documentation,Documentation: 2026-08-23-support-ticket-and-role-dive.md,canonical,current,5,,unique,MEDIUM,No,none,approved,2059,50966dc9e2f5fce832f6e174d9fd3019fe69d7c14db15025eeb64499ef1d23c0
docs/md/archive/evidence/2026-08-23-user-authority-data-graph.md,docs/md/archive/evidence/2026-08-23-user-authority-data-graph.md,documentation,Documentation,Documentation: 2026-08-23-user-authority-data-graph.md,canonical,current,5,,unique,MEDIUM,No,none,approved,3097,27b561558234d3e5e64d572c80cce581474d23ba5db061639d55eba5b714af4a
docs/md/archive/reconciliation/2026-08-23-authority-migration.md,docs/md/archive/reconciliation/2026-08-23-authority-migration.md,documentation,Documentation,Documentation: 2026-08-23-authority-migration.md,canonical,current,5,,unique,MEDIUM,No,none,approved,1979,80507fda507c4355f3228ff4c4b5666a24aa8d44f0cc3846a19542b0683b4e70
docs/md/archive/reconciliation/3d-authority-reconciliation.md,docs/md/archive/reconciliation/3d-authority-reconciliation.md,documentation,Documentation,Documentation: 3d-authority-reconciliation.md,canonical,current,5,,unique,MEDIUM,No,none,approved,1274,39d04fe7b7cc33d83125f46254b6290009e3d7d8183f802f40e71c771fea2779
docs/md/archive/stray/NEXT_PATCH-legacy.md,docs/md/archive/stray/NEXT_PATCH-legacy.md,documentation,Documentation,Documentation: NEXT_PATCH-legacy.md,canonical,current,5,,unique,MEDIUM,No,none,approved,214,14bb2b0ce6d7aab9593929d6e0c571107f65513794e90faa7f5542764a88ffbd
docs/md/archive/verification/00-archive-and-evidence-policy.md,docs/md/archive/verification/00-archive-and-evidence-policy.md,documentation,Documentation,Documentation: 00-archive-and-evidence-policy.md,canonical,current,5,,unique,MEDIUM,No,none,approved,654,4d044151567bcaa2bafa1494e5c26923a34b9a860e3bbcad8551e8a922348edc
docs/md/archive/verification/37-main-hall-visual-tuning-review.md,docs/md/archive/verification/37-main-hall-visual-tuning-review.md,documentation,Documentation,Documentation: 37-main-hall-visual-tuning-review.md,canonical,current,5,,unique,MEDIUM,No,none,approved,1330,6ec11c2e53bdeb81f698d5a15b7ca698b4ec1eb789d2169f64487ab6ee2e90cb
docs/md/archive/verification/readme.md,docs/md/archive/verification/readme.md,documentation,Documentation,Documentation: readme.md,canonical,current,5,,unique,MEDIUM,No,none,approved,302,021b4dcac89606f6a596a15a9fd8ea2b674fa5c26bd171a54fa8f5249155cdef
docs/md/archive/walkmyplan-pdf/A4.4C3.3_Camera_Door_Graph_Printable.pdf,docs/md/archive/walkmyplan-pdf/A4.4C3.3_Camera_Door_Graph_Printable.pdf,documentation,Documentation,Documentation: A4.4C3.3_Camera_Door_Graph_Printable.pdf,canonical,current,5,,unique,MEDIUM,No,none,approved,3932,b0c9be46f59a2cc4fa146143ebe4e54c83ac3f3f384042bb70680ac259ac5acd
docs/md/archive/walkmyplan-pdf/A4.4C3.4_Hero_Composition_Printable.pdf,docs/md/archive/walkmyplan-pdf/A4.4C3.4_Hero_Composition_Printable.pdf,documentation,Documentation,Documentation: A4.4C3.4_Hero_Composition_Printable.pdf,canonical,current,5,,unique,MEDIUM,No,none,approved,4559,973cd91915f5ff9a7659f4010424d3bb0e4892bd81805aae6e394abf5a13bd66
docs/md/archive/walkmyplan-pdf/A4.4C3.5_Physical_UI_Object_Printable.pdf,docs/md/archive/walkmyplan-pdf/A4.4C3.5_Physical_UI_Object_Printable.pdf,documentation,Documentation,Documentation: A4.4C3.5_Physical_UI_Object_Printable.pdf,canonical,current,5,,unique,MEDIUM,No,none,approved,4937,1d9681eb487d90b10521e6bcd032132f2b7c50381e71fd88595773dc0be0ebde
docs/md/archive/working-notes-spatial/animation-camera-door-contract.md,docs/md/archive/working-notes-spatial/animation-camera-door-contract.md,documentation,Documentation,Documentation: animation-camera-door-contract.md,canonical,current,5,,unique,MEDIUM,No,none,approved,1669,1c8079d65d57e0eaffd7ddf1a9113a7811ddf845ddec7887bb1f469915bd958d
docs/md/archive/working-notes-spatial/auth-physical-ui-propagation.md,docs/md/archive/working-notes-spatial/auth-physical-ui-propagation.md,documentation,Documentation,Documentation: auth-physical-ui-propagation.md,canonical,current,5,,unique,MEDIUM,No,none,approved,1232,69dbf48c582d37ab6f5ced7f8dee33e3ddb048a356eb44b1f25500fd013ef72f
docs/md/archive/working-notes-spatial/main-hall-camera-object-contract.md,docs/md/archive/working-notes-spatial/main-hall-camera-object-contract.md,documentation,Documentation,Documentation: main-hall-camera-object-contract.md,canonical,current,5,,unique,MEDIUM,No,none,approved,1477,a49b97a5ac57012976a3fda9078b8dbf610f4f632761f2b2e2be4b18e0ae0bdd
docs/md/archive/working-notes-spatial/main-hall-camera-tuning-phase13.md,docs/md/archive/working-notes-spatial/main-hall-camera-tuning-phase13.md,documentation,Documentation,Documentation: main-hall-camera-tuning-phase13.md,canonical,current,5,,unique,MEDIUM,No,none,approved,643,a6ed151aaf32bd551590b2aacf5d98217a422f39840ccfacbb615e2474bb77db
docs/md/archive/working-notes-spatial/main-hall-physical-ui-contract.md,docs/md/archive/working-notes-spatial/main-hall-physical-ui-contract.md,documentation,Documentation,Documentation: main-hall-physical-ui-contract.md,canonical,current,5,,unique,MEDIUM,No,none,approved,1244,cae0f7212f8d2c996b39e759e07ced6b9fe54da60ec71dfd76ff39f8d2f322ce
docs/md/archive/working-notes-spatial/market-profile-physical-ui-propagation.md,docs/md/archive/working-notes-spatial/market-profile-physical-ui-propagation.md,documentation,Documentation,Documentation: market-profile-physical-ui-propagation.md,canonical,current,5,,unique,MEDIUM,No,none,approved,1355,d5ae65b036f52f0d44103b2e0507e9125a32cca1c37ee858c05b81a10908764c
docs/md/archive/working-notes-spatial/master-camera-contract.md,docs/md/archive/working-notes-spatial/master-camera-contract.md,documentation,Documentation,Documentation: master-camera-contract.md,canonical,current,5,,unique,MEDIUM,No,none,approved,1266,1c83b93bb9b9fee65b3abab948344ffc68d80dc2421953ab5598d9d2736da37a
docs/md/archive/working-notes-spatial/physical-ui-objects.md,docs/md/archive/working-notes-spatial/physical-ui-objects.md,documentation,Documentation,Documentation: physical-ui-objects.md,canonical,current,5,,unique,MEDIUM,No,none,approved,1584,20e89fce44d75936d9052c090ea1df8d092ba57202b3279f65bf4c5339a53cfe
docs/md/archive/working-notes-spatial/spatial-reconciliation.md,docs/md/archive/working-notes-spatial/spatial-reconciliation.md,documentation,Documentation,Documentation: spatial-reconciliation.md,canonical,current,5,,unique,MEDIUM,No,none,approved,2344,9d6fdeead0c798980daca4c68accc3c73eb6f38431a0d96a3f963f4c204959de
docs/md/archive/working-notes/third-party-notices-full.md,docs/md/archive/working-notes/third-party-notices-full.md,documentation,Documentation,Documentation: third-party-notices-full.md,canonical,current,6,,unique,MEDIUM,No,none,approved,59451,37121dc0034c4b90d7e047e4bec8cedd980a80b47874dbc7f64648306cb0fdd3
docs/md/authority-model.md,docs/md/authority-model.md,documentation,Documentation,Documentation: authority-model.md,canonical,current,3,,unique,MEDIUM,No,none,approved,890,3a4d68f71dd53472fa561ed6da1b7d49bf1d05d5f8094eb0329108672a4e1045
docs/md/camera-and-spatial-authority.md,docs/md/camera-and-spatial-authority.md,documentation,Documentation,Documentation: camera-and-spatial-authority.md,canonical,current,6,,unique,MEDIUM,No,none,approved,3319,75dd1cdf8ca9778ea7a1f03ee997c7e9252bf4addf248db8435d5b0d158dc580
docs/md/checkpoint-policy.md,docs/md/checkpoint-policy.md,documentation,Documentation,Documentation: checkpoint-policy.md,canonical,current,5,,unique,MEDIUM,No,none,approved,1014,3d0202498c235f51f70dd6dbe3b99815eb2494e8e146689fcdd536fe104f7bf0
docs/md/cloudflare/README.md,README.md,project-guide,Project Guide,Repository index and targeting entry point,canonical,current,3,,unique,HIGH,Yes,verify/contracts/,approved,195,3e491af91f52567a262187da833f3513ba142a840f263eb207ae4e35a169192a
docs/md/cloudflare/archive/patch-paypal-cloudflare-hardening.md,docs/md/cloudflare/archive/patch-paypal-cloudflare-hardening.md,documentation,Documentation,Documentation: patch-paypal-cloudflare-hardening.md,canonical,current,5,,unique,MEDIUM,No,none,approved,2141,920045b701f24f4dd55cbed5510d43f1bc64819b17155f801a0bef370663da87
docs/md/cloudflare/archive/production-checklist.md,docs/md/cloudflare/archive/production-checklist.md,documentation,Documentation,Documentation: production-checklist.md,canonical,current,5,,unique,MEDIUM,No,none,approved,1754,05898b7a7084ee210b7c9d6524030b279972cfa01e6b174e5d6ec6d9c1f5a652
docs/md/contracts/README.md,README.md,project-guide,Project Guide,Repository index and targeting entry point,canonical,current,3,,unique,HIGH,Yes,verify/contracts/,approved,618,955bc70d3293b47d977461aa0a7506cc6f0b6c520025740cadb00ebe79bf58c0
docs/md/contracts/authority.md,docs/md/contracts/authority.md,documentation,Documentation,Documentation: authority.md,canonical,current,3,,unique,MEDIUM,No,none,approved,418,f026bbb3ccc4edd65723842ba22c374ded20dd900f0f5c745e03e63b154c696c
docs/md/data-authority.md,docs/md/data-authority.md,documentation,Documentation,Documentation: data-authority.md,canonical,current,3,,unique,MEDIUM,No,none,approved,521,af5736ececd8491cd3c97de56de3d5cffc00b91510f500ff240021c62a2062f2
docs/md/dead-files-and-structure.md,docs/md/dead-files-and-structure.md,documentation,Documentation,Documentation: dead-files-and-structure.md,canonical,current,3,,unique,MEDIUM,No,none,approved,1311,542edb4c987a3c27b65b2abc653ec7f2fc7f1d96f65750d22bbb79aaddcc02bb
docs/md/firebase/README.md,README.md,project-guide,Project Guide,Repository index and targeting entry point,canonical,current,3,,unique,HIGH,Yes,verify/contracts/,approved,707,41298d420643d84cf191579f5aa2cf30c68b7e32d104f77a16127a76f22a3c46
docs/md/firebase/archive/firebase-supabase-authority.md,docs/md/firebase/archive/firebase-supabase-authority.md,documentation,Documentation,Documentation: firebase-supabase-authority.md,canonical,current,5,,unique,MEDIUM,No,none,approved,2084,383df4ea0812d4569c4bb3892a3b17cc4f839d4d800ed691f515b23a19965d93
docs/md/firebase/archive/firebase-supabase-deep-dive.md,docs/md/firebase/archive/firebase-supabase-deep-dive.md,documentation,Documentation,Documentation: firebase-supabase-deep-dive.md,canonical,current,5,,unique,MEDIUM,No,none,approved,2593,e6bc732c4d86f8f31bd98f27f79f5ea3b731f7614d736396b0875bbebd6200cd
docs/md/g-series-complete-merge-2026-08-27.md,docs/md/g-series-complete-merge-2026-08-27.md,documentation,Documentation,Documentation: g-series-complete-merge-2026-08-27.md,canonical,current,4,,unique,MEDIUM,No,none,approved,856,4592ea8b45c15e11bca1e9e5c1a3ea011c871002193e1f97c636df21b255d943
docs/md/g1-merge-2026-08-27.md,docs/md/g1-merge-2026-08-27.md,documentation,Documentation,Documentation: g1-merge-2026-08-27.md,canonical,current,4,,unique,MEDIUM,No,none,approved,760,ee68ad54b01c095f01b98db2cdffcb89d7f35bca130beefcb4a23adb0ede6840
docs/md/index.md,docs/md/index.md,documentation,Documentation,Documentation: index.md,canonical,current,3,,unique,MEDIUM,No,none,approved,4760,83974427c9421631f27ec2a76453545544ce680fac2da340ad3d7888c957afe5
docs/md/m0-to-p08-summary.md,docs/md/m0-to-p08-summary.md,documentation,Documentation,Documentation: m0-to-p08-summary.md,canonical,current,5,,unique,MEDIUM,No,none,approved,6824,5f209e7a0362c193610349ccff410fc7454a7a9c6b4c99b7e514f39bf21c4396
docs/md/m1-runtime-boundary-resolution.md,docs/md/m1-runtime-boundary-resolution.md,documentation,Documentation,Documentation: m1-runtime-boundary-resolution.md,canonical,current,4,,unique,MEDIUM,No,none,approved,1900,6ea215f512de44be794f941ecbdd458cbb738a7ef64c50b7dee98433138cbf90
docs/md/m6-gate-lock.md,docs/md/m6-gate-lock.md,documentation,Documentation,Documentation: m6-gate-lock.md,canonical,current,4,,unique,MEDIUM,No,none,approved,667,cbdfdfbc561591f494deca677d803e10855c0668f1f213f3d1975095ab1ef198
docs/md/operating-guide.md,docs/md/operating-guide.md,documentation,Documentation,Documentation: operating-guide.md,canonical,current,3,,unique,MEDIUM,No,none,approved,3060,bb212c7c06a38c7f1642566881053fc40394a1f0031f0f538550803359e4d0c0
docs/md/package-readme-archive.md,docs/md/package-readme-archive.md,documentation,Documentation,Documentation: package-readme-archive.md,canonical,current,5,,unique,MEDIUM,No,none,approved,1052,e9b1b0e5acd52dce3e89c7ca6becf1389c123c13abea118d0175438a10ea6993
docs/md/package-structure.md,docs/md/package-structure.md,documentation,Documentation,Documentation: package-structure.md,canonical,current,3,,unique,MEDIUM,No,none,approved,449,611e04c61afaa54834e3880eabffc1fe2a29abe12df54754ab3220ddaec2d94b
docs/md/paypal/README.md,README.md,project-guide,Project Guide,Repository index and targeting entry point,canonical,current,3,,unique,HIGH,Yes,verify/contracts/,approved,252,c4da92af32d1d9621a6f175d4843361b7bd9dca7000101bdc24e6551de0cf5e7
docs/md/paypal/archive/admin-subscription-grant.md,docs/md/paypal/archive/admin-subscription-grant.md,documentation,Documentation,Documentation: admin-subscription-grant.md,canonical,current,5,,unique,MEDIUM,No,none,approved,2181,409399871533fdef48790e15d3b1ebc465c8fd9ca3f01fc80b6a9609ae644abd
docs/md/paypal/archive/production-paypal-cloudflare-contract.md,docs/md/paypal/archive/production-paypal-cloudflare-contract.md,documentation,Documentation,Documentation: production-paypal-cloudflare-contract.md,canonical,current,5,,unique,MEDIUM,No,none,approved,7728,4258f4334e634f392dd5152d54c26cfd53244ffcce2133a1b62a16adefeb3f01
docs/md/paypal/integrations-payments-edge.md,docs/md/paypal/integrations-payments-edge.md,documentation,Documentation,Documentation: integrations-payments-edge.md,canonical,current,3,,unique,MEDIUM,No,none,approved,1761,7529c1719a16bbf934516a6e8029a95f5decf5bb30988b72999ef2f69768cb81
docs/md/project-authority.md,docs/md/project-authority.md,documentation,Documentation,Documentation: project-authority.md,canonical,current,7,,unique,MEDIUM,No,none,approved,1646,88b6fc597086a69c15d3fc400c7ab4119410efc55a2400ec99dfb0abdf3945d9
docs/md/project-state.md,docs/md/project-state.md,documentation,Documentation,Documentation: project-state.md,canonical,current,3,,unique,MEDIUM,No,none,approved,343,c06a6345328c814a91ab488e3fbe78cc2159786b4127037f3225f18cbb2df5d4
docs/md/reconciliation/MASTER_SCENE_REFERENCE.md,docs/md/reconciliation/MASTER_SCENE_REFERENCE.md,documentation,Documentation,Documentation: MASTER_SCENE_REFERENCE.md,canonical,current,3,,unique,MEDIUM,No,none,approved,259,5a07422243afe895b5b9563942e5d80db0e195feb35d92f0804fd50016069963
docs/md/reconciliation/README.md,README.md,project-guide,Project Guide,Repository index and targeting entry point,canonical,current,3,,unique,HIGH,Yes,verify/contracts/,approved,473,657a819ab4c3e5759c39133757925e27adc9ac4b5e73a1bfe82ec0521fef2c55
docs/md/reconciliation/living-authority-and-next-reconciliation.md,docs/md/reconciliation/living-authority-and-next-reconciliation.md,documentation,Documentation,Documentation: living-authority-and-next-reconciliation.md,canonical,current,3,,unique,MEDIUM,No,none,approved,4223,8e516148d1f128d5903ee082c809f2bd8d99c38fbb099097c8077a3e80d218a4
docs/md/reconciliation/migration-reconciliation-report.md,docs/md/reconciliation/migration-reconciliation-report.md,documentation,Documentation,Documentation: migration-reconciliation-report.md,canonical,current,3,,unique,MEDIUM,No,none,approved,1757,ca02cd3644f41248173ac338d1d3f7fe953919b97a5c395fb040e501523c6233
docs/md/reconciliation/page-binding-workplan.md,docs/md/reconciliation/page-binding-workplan.md,documentation,Documentation,Documentation: page-binding-workplan.md,canonical,current,3,,unique,MEDIUM,No,none,approved,2112,bb1574cc11d3b3b4327ec7c9772c5b39330d1ec6f474de544d14ae29f54be24b
docs/md/reconciliation/pov-wiring-phase-one-living-note.md,docs/md/reconciliation/pov-wiring-phase-one-living-note.md,documentation,Documentation,Documentation: pov-wiring-phase-one-living-note.md,canonical,current,3,,unique,MEDIUM,No,none,approved,1536,22a66d893060693718d5282e9619b3fada4f6ad89650242e91a9868f2a5fc9bf
docs/md/reconciliation/pov-wiring-phase-one.md,docs/md/reconciliation/pov-wiring-phase-one.md,documentation,Documentation,Documentation: pov-wiring-phase-one.md,canonical,current,3,,unique,MEDIUM,No,none,approved,2413,729b19925112ad3b42649af6ea5ff71a2cf231d617831d1777b16a41123428ab
docs/md/recovery-provenance.md,docs/md/recovery-provenance.md,documentation,Documentation,Documentation: recovery-provenance.md,canonical,current,3,,unique,MEDIUM,No,none,approved,613,b821f82bc1d913e85e33c8565c28fc66c18d7edcd7b7b11eb1804557a8fcbd65
docs/md/role-authority.md,docs/md/role-authority.md,documentation,Documentation,Documentation: role-authority.md,canonical,current,3,,unique,MEDIUM,No,none,approved,306,81d9d6374d4833525877a946d262bf831af7e75b2fe213b8edb14a592b7ef249
docs/md/route-authority.md,docs/md/route-authority.md,documentation,Documentation,Documentation: route-authority.md,canonical,current,5,,unique,MEDIUM,No,none,approved,317,4d883b0d510dc86315b55becd32490735116653aa098fd69c48d24b3472b2d3d
docs/md/sot-checkup.md,docs/md/sot-checkup.md,documentation,Documentation,Documentation: sot-checkup.md,canonical,current,3,,unique,MEDIUM,No,none,approved,3133,baa0e43a7aa70b26c871c7c7ff1154aabfc87e678f282dcd4fbcc6e30bbb0295
docs/md/supabase/README.md,README.md,project-guide,Project Guide,Repository index and targeting entry point,canonical,current,3,,unique,HIGH,Yes,verify/contracts/,approved,377,44cda2766427f380ea29ccc81fb0c527151d469b60a7ec94fcc07c0a3bd25b44
docs/md/supabase/architecture.md,docs/md/supabase/architecture.md,documentation,Documentation,Documentation: architecture.md,canonical,current,3,,unique,MEDIUM,No,none,approved,958,f7b82ca5e82f88c63717029380ca290e36612bc4aab221e8b30c7d792315acf6
docs/md/supabase/operator-playbook-full.md,docs/md/supabase/operator-playbook-full.md,documentation,Documentation,Documentation: operator-playbook-full.md,canonical,current,3,,unique,MEDIUM,No,none,approved,11821,3b73a88df71018194a15cc7ec9b0d5313d436eb434794518538c7424ad5af44b
docs/md/supabase/operator-playbook.md,docs/md/supabase/operator-playbook.md,documentation,Documentation,Documentation: operator-playbook.md,canonical,current,3,,unique,MEDIUM,No,none,approved,1512,ef0f2a77365665fe406c0f40f6891b16d573ae9fbe1d286afd86729c18176ca7
docs/md/verification-model.md,docs/md/verification-model.md,documentation,Documentation,Documentation: verification-model.md,canonical,current,4,,unique,MEDIUM,No,none,approved,292,21bb501d9ab19f661d2dfb6413afde1042b0460839b5d93e4d64609f934aeec5
docs/md/working-notes/animation-object-responsive-contract.md,docs/md/working-notes/animation-object-responsive-contract.md,documentation,Documentation,Documentation: animation-object-responsive-contract.md,canonical,current,3,,unique,MEDIUM,No,none,approved,1636,72294d3c03d0a4ce49f1ddaae6ff7af15dfcd3c9f60cc13657924dec1346c6db
docs/md/working-notes/change-control.md,docs/md/working-notes/change-control.md,documentation,Documentation,Documentation: change-control.md,canonical,current,3,,unique,MEDIUM,No,none,approved,1406,3c44e2cabfe125cbca9a03fa6e093efc9b585d2ea03def59237e6ac1d38d4795
docs/md/working-notes/checkpoint-structure.md,docs/md/working-notes/checkpoint-structure.md,documentation,Documentation,Documentation: checkpoint-structure.md,canonical,current,5,,unique,MEDIUM,No,none,approved,624,56840534d8ce35f647b9f744ae091db7a8ab9645eb22c823a8fe6b81b400985e
docs/md/working-notes/cinematic-principles.md,docs/md/working-notes/cinematic-principles.md,documentation,Documentation,Documentation: cinematic-principles.md,canonical,current,3,,unique,MEDIUM,No,none,approved,1854,06263570b67431303cf1b78283782729b3ac97bf81253346744a2d5ef3ee22f3
docs/md/working-notes/design-roots-implementation.md,docs/md/working-notes/design-roots-implementation.md,documentation,Documentation,Documentation: design-roots-implementation.md,canonical,current,3,,unique,MEDIUM,No,none,approved,1379,ba9380508a8e22e73162c315f4346ec948cbf21bd43f9c3e3780c68c0d121c2c
docs/md/working-notes/document-organization-and-repair.md,docs/md/working-notes/document-organization-and-repair.md,documentation,Documentation,Documentation: document-organization-and-repair.md,canonical,current,3,,unique,MEDIUM,No,none,approved,1160,47fbcf3dc750e389f2b111fe18d3dd580a183bf02b60170be30a1bf4e1611e17
docs/md/working-notes/domain-dictionary.md,docs/md/working-notes/domain-dictionary.md,documentation,Documentation,Documentation: domain-dictionary.md,canonical,current,3,,unique,MEDIUM,No,none,approved,1942,8ad23691837be32fea49f5ddbb539900e092210fa3613cf0294c3747385a72e9
docs/md/working-notes/landmines-open-issues.md,docs/md/working-notes/landmines-open-issues.md,documentation,Documentation,Documentation: landmines-open-issues.md,canonical,current,3,,unique,MEDIUM,No,none,approved,1869,47aaa20d091eb70e89cf59084b851da47a7e723fea2cf4b64a46a6648dec68a4
docs/md/working-notes/legacy-compatibility-retirement.md,docs/md/working-notes/legacy-compatibility-retirement.md,documentation,Documentation,Documentation: legacy-compatibility-retirement.md,canonical,current,3,,unique,MEDIUM,No,none,approved,1572,429a01c74821d50a06138c9b3a3f60107576e6d7bd34ddb782f3196c5602c2b0
docs/md/working-notes/main-hall-h01-h02-h03-h05-refinement.md,docs/md/working-notes/main-hall-h01-h02-h03-h05-refinement.md,documentation,Documentation,Documentation: main-hall-h01-h02-h03-h05-refinement.md,canonical,current,3,,unique,MEDIUM,No,none,approved,1817,761ea6c2a1a1c69669f4c705259f717ef1916b818e91c6dd56b93d20b9897538
docs/md/working-notes/market-profile-preview-note.md,docs/md/working-notes/market-profile-preview-note.md,documentation,Documentation,Documentation: market-profile-preview-note.md,canonical,current,3,,unique,MEDIUM,No,none,approved,438,e757dff764f210da938425ab58ff504bae6b51d2b58e7957403945b2687d35f9
docs/md/working-notes/master-cross-system-matrix.md,docs/md/working-notes/master-cross-system-matrix.md,documentation,Documentation,Documentation: master-cross-system-matrix.md,canonical,current,3,,unique,MEDIUM,No,none,approved,800,c131692c3ea7486a2390f2b7d4fe2356dbee2d87f3a89590bda82bbc1db64623
docs/md/working-notes/performance-accessibility.md,docs/md/working-notes/performance-accessibility.md,documentation,Documentation,Documentation: performance-accessibility.md,canonical,current,3,,unique,MEDIUM,No,none,approved,1434,2c04a3e2191aa924cd23f455bf1fcf9962bdf66d337ca44e3d09fdf648ae6a4c
docs/md/working-notes/phase11-deploy-and-browser-gate.md,docs/md/working-notes/phase11-deploy-and-browser-gate.md,documentation,Documentation,Documentation: phase11-deploy-and-browser-gate.md,canonical,current,3,,unique,MEDIUM,No,none,approved,1264,60205add3b054a8102a0ccff360b2621f858c73f2e55f885e6e70c4732092ee6
docs/md/working-notes/phase12-animation-object-responsive.md,docs/md/working-notes/phase12-animation-object-responsive.md,documentation,Documentation,Documentation: phase12-animation-object-responsive.md,canonical,current,3,,unique,MEDIUM,No,none,approved,2077,be6066bf44ccaacf8da8ffbddf69c91360aa7111cbe04689bc40c9057bca35e5
docs/md/working-notes/phase13-auth-propagation.md,docs/md/working-notes/phase13-auth-propagation.md,documentation,Documentation,Documentation: phase13-auth-propagation.md,canonical,current,3,,unique,MEDIUM,No,none,approved,1530,b8e33332602c4dc41d32b1b27f4d08ead64f8ff45e2d6446ac272cbfbe7abadc
docs/md/working-notes/project-map.md,docs/md/working-notes/project-map.md,documentation,Documentation,Documentation: project-map.md,canonical,current,3,,unique,MEDIUM,No,none,approved,2491,d55a02c973748537536a841d622b63e2d5a816acf144e8e358aa8464d3efc36b
docs/md/working-notes/public-profile-deployment-runbook.md,docs/md/working-notes/public-profile-deployment-runbook.md,documentation,Documentation,Documentation: public-profile-deployment-runbook.md,canonical,current,3,,unique,MEDIUM,No,none,approved,1794,3eb18496c5e069a3936965c87c5e80e0ccb4f03a8513d6263b33e0aae9537b5f
docs/md/working-notes/public-profile-projection.md,docs/md/working-notes/public-profile-projection.md,documentation,Documentation,Documentation: public-profile-projection.md,canonical,current,3,,unique,MEDIUM,No,none,approved,1501,4a3cda7dd5a6afa135e6cf9e3a8bc9250cf05b3a020e5ca4d9f46a1f5183979c
docs/md/working-notes/public-profile-read-surface-gate.md,docs/md/working-notes/public-profile-read-surface-gate.md,documentation,Documentation,Documentation: public-profile-read-surface-gate.md,canonical,current,3,,unique,MEDIUM,No,none,approved,1088,d8564db252fb2808b9c5357e444d0c5338e8285533ae0a9fec94ca15710d0592
docs/md/working-notes/public-read-surface-hardening.md,docs/md/working-notes/public-read-surface-hardening.md,documentation,Documentation,Documentation: public-read-surface-hardening.md,canonical,current,3,,unique,MEDIUM,No,none,approved,1285,e1a9dadd9b859924e30e8564ba6ba01dc0741c42919af53f462cf5a6591bcc8d
docs/md/working-notes/readme.md,docs/md/working-notes/readme.md,documentation,Documentation,Documentation: readme.md,canonical,current,3,,unique,MEDIUM,No,none,approved,321,73901a2e84f9f58dabd0e4d8cd27121ea9c5b419bb0a58bbbc5a4a9a05f0e842
docs/md/working-notes/responsive-browser-execution-2026-08-23.md,docs/md/working-notes/responsive-browser-execution-2026-08-23.md,documentation,Documentation,Documentation: responsive-browser-execution-2026-08-23.md,canonical,current,3,,unique,MEDIUM,No,none,approved,560,4007130613bdda4278e4423a4d7a04f996c2f39862177cbfc630a6ee3a1dbf7a
docs/md/working-notes/responsive-qa-execution.md,docs/md/working-notes/responsive-qa-execution.md,documentation,Documentation,Documentation: responsive-qa-execution.md,canonical,current,3,,unique,MEDIUM,No,none,approved,1109,6039d52639535cb692c1fb4d6365c3fd5d6ddee0993c2e57b0894a5dacbd5901
docs/md/working-notes/security-drainage-and-hardening.md,docs/md/working-notes/security-drainage-and-hardening.md,documentation,Documentation,Documentation: security-drainage-and-hardening.md,canonical,current,3,,unique,MEDIUM,No,none,approved,2199,3c0e64fba942c64ea56ebbab79f077c648a4312be01685b37e152e2494a5b1c9
docs/md/working-notes/theme-and-animation-root.md,docs/md/working-notes/theme-and-animation-root.md,documentation,Documentation,Documentation: theme-and-animation-root.md,canonical,current,3,,unique,MEDIUM,No,none,approved,1783,3f994a2e8dd6f9a5d5d59b1c00e65376ccb812eb60e5f9c235a672be3372dd91
docs/md/working-notes/third-party-notices.md,docs/md/working-notes/third-party-notices.md,documentation,Documentation,Documentation: third-party-notices.md,canonical,current,4,,unique,MEDIUM,No,none,approved,240,6fb51d4995668890a0c68a97b11fd56e3716196aca0f653a63ba185622fb02c3
docs/md/working-notes/ui-ownership.md,docs/md/working-notes/ui-ownership.md,documentation,Documentation,Documentation: ui-ownership.md,canonical,current,3,,unique,MEDIUM,No,none,approved,1625,1db299801cdafd0959b4650f3028882cc5f089d622c493d930235ee942cfd678
docs/plantuml/5.5d-three-house-presentation-travel.puml,docs/plantuml/5.5d-three-house-presentation-travel.puml,documentation,Documentation,Documentation artifact: 5.5d-three-house-presentation-travel.puml,canonical,current,5,,unique,LOW,No,none,approved,1243,457a5abe0cedec5eb3134e104b9c0f2944552131b1379520f348cc2497eb3c7e
docs/reports/5.5f3-candidate-integrity-level-reconciliation.md,docs/reports/5.5f3-candidate-integrity-level-reconciliation.md,documentation,Documentation,Documentation artifact: 5.5f3-candidate-integrity-level-reconciliation.md,canonical,current,3,,unique,LOW,No,none,approved,4188,70524be446c25d645f5f055ce1fc9dc6565686bf90ab614711fc096a831a622f
docs/reports/5.5f4-three-house-candidate-physical-allocation.md,docs/reports/5.5f4-three-house-candidate-physical-allocation.md,documentation,Documentation,Documentation artifact: 5.5f4-three-house-candidate-physical-allocation.md,canonical,current,3,,unique,LOW,No,none,approved,4418,c13d93c99e57b8e7ba5e8cfba8fdf200b72b9f6cfe9db0bf05f2fbb463986783
docs/reports/5.5f5-allocation-suitability-capacity-reconciliation.md,docs/reports/5.5f5-allocation-suitability-capacity-reconciliation.md,documentation,Documentation,Documentation artifact: 5.5f5-allocation-suitability-capacity-reconciliation.md,canonical,current,3,,unique,LOW,No,none,approved,1984,2a40a7e7114fa15e78e333537e8e8d842821161af4006cf03182f831e83924c7
master/HomeFinder.sh3d,master/HomeFinder.sh3d,3d-spatial,3D / Spatial,Canonical 3D spatial authority (Sweet Home 3D),canonical,current,96,,unique,HIGH,Yes,verify/3d/,approved,5775168,2463bbf41a92012bbd81b66ea957c993075f5a2bf6db8a43e676b0c832b0e58c
masterplan.md,project-guide/masterplan.md,project-guide,Project Guide,Master architectural and execution plan,canonical,current,16,,unique,HIGH,Yes,verify/contracts/,approved,50495,002e312033627d0ed2c492add8507e9d70f78a99716c4265aa525753acdfa84d
verification/2026-08-26/5.5c-v4-cinematic-3d-slice.txt,archive/checkpoints/2026-08-26/5.5c-v4-cinematic-3d-slice.txt,archive,Archive,Historical checkpoint/execution evidence,historical-evidence,evidence,4,,unique,MEDIUM,Yes,none,approved,6951,8d7787ac37523289b20cdc10fc007c1306cee4c221282f4b824b236faca42b0b
verification/2026-08-26/5.5c-v4-full-active-suite.txt,archive/checkpoints/2026-08-26/5.5c-v4-full-active-suite.txt,archive,Archive,Historical checkpoint/execution evidence,historical-evidence,evidence,5,,unique,MEDIUM,Yes,none,approved,45256,95f56374807ff42de8a16c872682cc0be045116465c1d1a74692f82aa61407bc
verification/2026-08-26/5.5c-v4-patch57-test.txt,archive/checkpoints/2026-08-26/5.5c-v4-patch57-test.txt,archive,Archive,Historical checkpoint/execution evidence,historical-evidence,evidence,6,,unique,MEDIUM,Yes,none,approved,908,ad1e1e0b255876b400cdcd31439f385b5e06c6c7845c2329b199712436c70e50
verification/2026-08-26/5.5c-v5-full-active-suite.txt,archive/checkpoints/2026-08-26/5.5c-v5-full-active-suite.txt,archive,Archive,Historical checkpoint/execution evidence,historical-evidence,evidence,4,,unique,MEDIUM,Yes,none,approved,22993,50466772df93ed75d9dad0d65ff240763030e28c5e63a47cdc54b7f4abd80e15
verification/2026-08-26/5.5c-v6-full-active-suite.txt,archive/checkpoints/2026-08-26/5.5c-v6-full-active-suite.txt,archive,Archive,Historical checkpoint/execution evidence,historical-evidence,evidence,4,,unique,MEDIUM,Yes,none,approved,44882,866c97c2da79c1caef515cbc8d5b0649de6d894b4a581b1a14c0ce82c951db27
verification/2026-08-26/5.5d-checkpoint-manifest.json,archive/checkpoints/2026-08-26/5.5d-checkpoint-manifest.json,archive,Archive,Historical checkpoint/execution evidence,historical-evidence,evidence,5,,unique,MEDIUM,Yes,none,approved,1536,ae943c730223ef31692fb5841bbf003b971a61f9c4d7a76532cba64fd9019683
verification/2026-08-26/5.5e-chat-development-checklist.json,archive/checkpoints/2026-08-26/5.5e-chat-development-checklist.json,archive,Archive,Historical checkpoint/execution evidence,historical-evidence,evidence,4,,unique,MEDIUM,Yes,none,approved,2524,a7d11cecbfc90a880bc73fdb8af082a0f40772ccee3efd95157d1fdb0550b98b
verification/2026-08-26/5.5e-checkpoint-manifest.json,archive/checkpoints/2026-08-26/5.5e-checkpoint-manifest.json,archive,Archive,Historical checkpoint/execution evidence,historical-evidence,evidence,5,,unique,MEDIUM,Yes,none,approved,1923,4fdf8b1775b3e86770ea3168b79c214069b036e684525670affa90559e93f856
verification/2026-08-26/5.5f1-checkpoint-manifest.json,archive/checkpoints/2026-08-26/5.5f1-checkpoint-manifest.json,archive,Archive,Historical checkpoint/execution evidence,historical-evidence,evidence,5,,unique,MEDIUM,Yes,none,approved,3314,91eda7546ef610d5e5d3e5e3f8b2300f1e59e304ec2abcf80d48b5bbfb1e4a7f
verification/2026-08-26/5.5f1-development-continuity-checklist.json,archive/checkpoints/2026-08-26/5.5f1-development-continuity-checklist.json,archive,Archive,Historical checkpoint/execution evidence,historical-evidence,evidence,4,,unique,MEDIUM,Yes,none,approved,4105,650ac9b0682859a9d0c24310ec806c00d1d0cdc127015bf6db343cb7247e7bf9
verification/2026-08-26/5.5f2-checkpoint-manifest.json,archive/checkpoints/2026-08-26/5.5f2-checkpoint-manifest.json,archive,Archive,Historical checkpoint/execution evidence,historical-evidence,evidence,5,,unique,MEDIUM,Yes,none,approved,734,7813444fb7ed7492628946736a1acc3524213b4cd4f9e17f8cb4ca2ee96ed255
verification/2026-08-26/5.5f2-development-continuity-checklist.json,archive/checkpoints/2026-08-26/5.5f2-development-continuity-checklist.json,archive,Archive,Historical checkpoint/execution evidence,historical-evidence,evidence,4,,unique,MEDIUM,Yes,none,approved,3039,223f364edcfac01c4a32b875743b5d6fba10602fa73988ee727eb44815fbf62c
verification/2026-08-26/5.5f3-candidate-integrity-level-reconciliation.json,archive/checkpoints/2026-08-26/5.5f3-candidate-integrity-level-reconciliation.json,archive,Archive,Historical checkpoint/execution evidence,historical-evidence,evidence,3,,unique,MEDIUM,Yes,none,approved,1026,7d412442edf1c6c1de03cc372e70210cd333103fd1029da346cbe4b8940f7298
verification/2026-08-26/5.5f3-development-continuity-checklist.json,archive/checkpoints/2026-08-26/5.5f3-development-continuity-checklist.json,archive,Archive,Historical checkpoint/execution evidence,historical-evidence,evidence,3,,unique,MEDIUM,Yes,none,approved,623,85abd4b5064a317c431e649edecd37a75efb7feb3b555c664076ac442fd80506
verification/2026-08-26/5.5f4-allocation-verification.json,archive/checkpoints/2026-08-26/5.5f4-allocation-verification.json,archive,Archive,Historical checkpoint/execution evidence,historical-evidence,evidence,3,,unique,MEDIUM,Yes,none,approved,466,9a703c01408980847cd5a4bccff3bc032c534d3dee3096afd18c0bdad613b943
verification/2026-08-26/5.5f4-development-continuity-checklist.json,archive/checkpoints/2026-08-26/5.5f4-development-continuity-checklist.json,archive,Archive,Historical checkpoint/execution evidence,historical-evidence,evidence,3,,unique,MEDIUM,Yes,none,approved,593,dcf224832efcbb161af4e86ca5f202655bddd84b031c181e34144c78dbae461a
verification/2026-08-26/5.5f5-development-continuity-checklist.json,archive/checkpoints/2026-08-26/5.5f5-development-continuity-checklist.json,archive,Archive,Historical checkpoint/execution evidence,historical-evidence,evidence,3,,unique,MEDIUM,Yes,none,approved,597,f30216597afee07eeb29d2ee03e7662ede093d88f34218dd209b438347845e0d
verification/2026-08-26/active-suite-after-v2.txt,archive/checkpoints/2026-08-26/active-suite-after-v2.txt,archive,Archive,Historical checkpoint/execution evidence,historical-evidence,evidence,4,,unique,MEDIUM,Yes,none,approved,59495,4c28bd4126a40c0b8db540dab8ff027b9cb55d11b850b404030af71043a04d2a
verification/2026-08-26/active-suite-node-test-output.txt,archive/checkpoints/2026-08-26/active-suite-node-test-output.txt,archive,Archive,Historical checkpoint/execution evidence,historical-evidence,evidence,4,,unique,MEDIUM,Yes,none,approved,94729,9f4ac3f5e6f074e90bef819d2bf85fae9fa17a6f9fcd66d7dbc9aadef7294a03
verification/2026-08-26/classification-manifest.json,archive/checkpoints/2026-08-26/classification-manifest.json,archive,Archive,Historical checkpoint/execution evidence,historical-evidence,evidence,3,,unique,MEDIUM,Yes,none,approved,581,c38ded2728a67a8dba6aab3a22bb539dced126f68f11ff9a56ec05b0dfc9de31
verification/2026-08-26/full-active-suite-after-v3.txt,archive/checkpoints/2026-08-26/full-active-suite-after-v3.txt,archive,Archive,Historical checkpoint/execution evidence,historical-evidence,evidence,4,,unique,MEDIUM,Yes,none,approved,27010,88fc167d16978e905f7486ede8e5237b68144f8c2442228a2c1e9c447d35d5be
verification/2026-08-26/historical-contract-individual-results.txt,archive/checkpoints/2026-08-26/historical-contract-individual-results.txt,archive,Archive,Historical checkpoint/execution evidence,historical-evidence,evidence,5,,unique,MEDIUM,Yes,none,approved,1291,a177bf6f23b1db2ff48b5afb19e705fa6a0472c071e038737cfd7ef490d96135
verification/2026-08-26/house-camera-rig.test.mjs.txt,archive/checkpoints/2026-08-26/house-camera-rig.test.mjs.txt,archive,Archive,Historical checkpoint/execution evidence,historical-evidence,evidence,3,,unique,MEDIUM,Yes,none,approved,845,2aebce7b7307969d94ac684938680191485d13ac814c3bf6e8a1d89d612b458c
verification/2026-08-26/listings-book-interaction.test.mjs.txt,archive/checkpoints/2026-08-26/listings-book-interaction.test.mjs.txt,archive,Archive,Historical checkpoint/execution evidence,historical-evidence,evidence,3,,unique,MEDIUM,Yes,none,approved,308,ba78213f9f2e8b29cd58d72ba50fd40d9703f947b333741ea483ff68cb51b2c5
verification/2026-08-26/market-profile-physical-ui-propagation.test.mjs.txt,archive/checkpoints/2026-08-26/market-profile-physical-ui-propagation.test.mjs.txt,archive,Archive,Historical checkpoint/execution evidence,historical-evidence,evidence,3,,unique,MEDIUM,Yes,none,approved,356,f992d5687b9f80ceefd08801b5814fcd3dd8f44287ae8f2e24b0e0867ae489da
verification/2026-08-26/patch-21-role-need-help.test.mjs.txt,archive/checkpoints/2026-08-26/patch-21-role-need-help.test.mjs.txt,archive,Archive,Historical checkpoint/execution evidence,historical-evidence,evidence,5,,unique,MEDIUM,Yes,none,approved,307,accc7b89144cdacd6de66e6f20eff3567206f74e65165a3dbbf8f88fc50c5844
verification/2026-08-26/patch-57-cinematic-camera-hero.test.mjs.txt,archive/checkpoints/2026-08-26/patch-57-cinematic-camera-hero.test.mjs.txt,archive,Archive,Historical checkpoint/execution evidence,historical-evidence,evidence,5,,unique,MEDIUM,Yes,none,approved,913,34156d801964b664a19591dcd00707c8e005e82e5ed74d5bedc556f960c58eb8
verification/2026-08-26/physical-ui-object-system.test.mjs.txt,archive/checkpoints/2026-08-26/physical-ui-object-system.test.mjs.txt,archive,Archive,Historical checkpoint/execution evidence,historical-evidence,evidence,3,,unique,MEDIUM,Yes,none,approved,349,168c705fa3bcb4cf092258ef79f0c4207f6af93bedc349b06c10b096a7b69f01
verification/2026-08-27/5.5G1.4-verification.json,archive/checkpoints/2026-08-27/5.5G1.4-verification.json,archive,Archive,Historical checkpoint/execution evidence,historical-evidence,evidence,4,,unique,MEDIUM,Yes,none,approved,607,4e36970d73fd6f88c79e317ee071eb03806aedb36fce7df5bebb467d253f9540
verification/2026-08-27/5.5G6-verification.json,archive/checkpoints/2026-08-27/5.5G6-verification.json,archive,Archive,Historical checkpoint/execution evidence,historical-evidence,evidence,3,,unique,MEDIUM,Yes,none,approved,191,f6226e67ae00032c4d2bb05167d87c2416bb23af39fc3760f050b39535b16297
verification/2026-08-27/5.5G6A-house-topology-verification.json,archive/checkpoints/2026-08-27/5.5G6A-house-topology-verification.json,archive,Archive,Historical checkpoint/execution evidence,historical-evidence,evidence,3,,unique,MEDIUM,Yes,none,approved,417,47907969ddf5ad5cd5a882550bff5175db3e47da152354aeb97fc9958a6b1070
verification/2026-08-27/5.5G6D-verification.json,archive/checkpoints/2026-08-27/5.5G6D-verification.json,archive,Archive,Historical checkpoint/execution evidence,historical-evidence,evidence,3,,unique,MEDIUM,Yes,none,approved,1787,a8a3b840be34d81e95a6e5c3126ba42f81d1110088c0f2a97817a9a5385f6a3b
verification/2026-08-27/5.5G6E-verification.json,archive/checkpoints/2026-08-27/5.5G6E-verification.json,archive,Archive,Historical checkpoint/execution evidence,historical-evidence,evidence,3,,unique,MEDIUM,Yes,none,approved,798,e6e687feb8f416eada4ef26889f85c5219e76ea04fc09e6618ae8adae10a4cdd
verification/2026-08-27/5.5G6F-verification.json,archive/checkpoints/2026-08-27/5.5G6F-verification.json,archive,Archive,Historical checkpoint/execution evidence,historical-evidence,evidence,2,,unique,MEDIUM,Yes,none,approved,229,ab8c943124416a0464400ed1e06e22c3922e23ef98b7b7f9af8353d9bba06542
verification/5.5G1/5.5G1-problematic-door-resolution-verification.json,archive/checkpoints/5.5G1/5.5G1-problematic-door-resolution-verification.json,archive,Archive,Historical checkpoint/execution evidence,historical-evidence,evidence,3,,unique,MEDIUM,Yes,none,approved,905,19872b0fc2a8b56a7c3673e088acb19822d43d4e5894236de9247eeea6e51ac2
verification/5.5G1/5.5G1.1-verification.json,archive/checkpoints/5.5G1/5.5G1.1-verification.json,archive,Archive,Historical checkpoint/execution evidence,historical-evidence,evidence,3,,unique,MEDIUM,Yes,none,approved,588,3662af4efd31c9c9616f23f3a0643f2e15dd3232a6a907b924a014ce612e2cbc
verification/5.5G1/5.5G1.3-verification.json,archive/checkpoints/5.5G1/5.5G1.3-verification.json,archive,Archive,Historical checkpoint/execution evidence,historical-evidence,evidence,3,,unique,MEDIUM,Yes,none,approved,544,1f830ae75e2714f0efb6ba2644f453816e9efb87a1d8c83212130b5e137d5905
verification/5.5G1/5.5G1.5-verification.json,archive/checkpoints/5.5G1/5.5G1.5-verification.json,archive,Archive,Historical checkpoint/execution evidence,historical-evidence,evidence,3,,unique,MEDIUM,Yes,none,approved,488,d245d2eba2ee883d0c0153faf93994117a55c1b8ecab41899dc3a4335856af03
verification/5.5G2/5.5G2-verification.json,archive/checkpoints/5.5G2/5.5G2-verification.json,archive,Archive,Historical checkpoint/execution evidence,historical-evidence,evidence,3,,unique,MEDIUM,Yes,none,approved,1200,579c94ca57cf54b9113e8ad53bd45a1f34a2e89953a6cc6169e9ce7b9a813003
verify/3d/canonical-homefinder-sh3d.mjs,verify/3d/canonical-homefinder-sh3d.mjs,verification,Verification,Canonical verifier: canonical-homefinder-sh3d.mjs,canonical,current,5,,unique,MEDIUM,No,verify/3d/,approved,1417,e6efd2584e1a98b49cafb1a190c30bd18e8dcf886c4c88bd30557e6eb01818ea
verify/3d/runtime-homefinder-reference.mjs,verify/3d/runtime-homefinder-reference.mjs,verification,Verification,Canonical verifier: runtime-homefinder-reference.mjs,canonical,current,4,,unique,MEDIUM,No,verify/3d/,approved,2196,d98bde8d42df1fe90a89387705b214fa02e6d05fd9e01ddec3885e7dbf35914b
verify/contracts/authority-invariants.mjs,verify/contracts/authority-invariants.mjs,verification,Verification,Canonical verifier: authority-invariants.mjs,canonical,current,5,,unique,MEDIUM,No,verify/contracts/,approved,476,252563cc5df7348d4a703c9365e9c0a3f622abad5da1c9b4eff740c535974725
verify/contracts/protected-logic-freeze.mjs,verify/contracts/protected-logic-freeze.mjs,verification,Verification,Canonical verifier: protected-logic-freeze.mjs,canonical,current,6,,unique,MEDIUM,No,verify/contracts/,approved,994,184427536dc95e8b1954d8618761dca507d0b64ae7c8d2b2cb2262cb91ff316f
verify/data/canonical-listings.mjs,verify/data/canonical-listings.mjs,verification,Verification,Canonical verifier: canonical-listings.mjs,canonical,current,5,,unique,MEDIUM,No,verify/data/,approved,438,4cfa8e843c8d7e5a701f9b2d307d5e8368ac3bb52f6e531a54b0766391155ae7
verify/integrations/backend-authority.mjs,verify/integrations/backend-authority.mjs,verification,Verification,Canonical verifier: backend-authority.mjs,canonical,current,5,,unique,MEDIUM,No,verify/integrations/,approved,1356,0be80ea3637d3eb26f18a78dc1f31c619420ff797ce5d6b5791f3b85dc9bdd6e
verify/integrations/kyc-contract-consistency.mjs,verify/integrations/kyc-contract-consistency.mjs,verification,Verification,Canonical verifier: kyc-contract-consistency.mjs,canonical,current,5,,unique,MEDIUM,No,verify/integrations/,approved,974,2d69088774a57c2db88328e0f04936b3140dcb7776256374101e244aec2ede3e
verify/integrations/supabase-security-boundary.mjs,verify/integrations/supabase-security-boundary.mjs,verification,Verification,Canonical verifier: supabase-security-boundary.mjs,canonical,current,6,,unique,MEDIUM,No,verify/integrations/,approved,1344,3d0e7c43cd58595f6aa9a090a0baa35511d06707e746dfc7a027b4fd433df338
verify/integrations/supabase-structure.mjs,verify/integrations/supabase-structure.mjs,verification,Verification,Canonical verifier: supabase-structure.mjs,canonical,current,5,,unique,MEDIUM,No,verify/integrations/,approved,1184,74d49811a31a3bf2919e6904961b6a94c04ee557c6387b21aa0935ade746feb5
verify/routes/route-authority.mjs,verify/routes/route-authority.mjs,verification,Verification,Canonical verifier: route-authority.mjs,canonical,current,5,,unique,MEDIUM,No,verify/routes/,approved,885,2656e104edb644c83002a3b33be0319284d9bfba3d39e053b7ca89d2edbb78db
verify/security/broker-application-authority.mjs,verify/security/broker-application-authority.mjs,verification,Verification,Canonical verifier: broker-application-authority.mjs,canonical,current,5,,unique,MEDIUM,No,verify/security/,approved,872,275f636564771b1daac96506f1fb0992a9feb1b6267676e1ddb4eead91c67f03
verify/security/canonical-role-authority.mjs,verify/security/canonical-role-authority.mjs,verification,Verification,Canonical verifier: canonical-role-authority.mjs,canonical,current,5,,unique,MEDIUM,No,verify/security/,approved,1567,9514719c4c7c5041a9e0cd47eb3e3fd38a1529afe4398af595e16f56484e8e67
verify/security/canonical-roles.mjs,verify/security/canonical-roles.mjs,verification,Verification,Canonical verifier: canonical-roles.mjs,canonical,current,5,,unique,MEDIUM,No,verify/security/,approved,374,a6dbc6320ea5096d2a33e8c6ce2cb3a0d49b7be18bac88cc912a767ae976f820
verify/security/kyc-self-escalation.mjs,verify/security/kyc-self-escalation.mjs,verification,Verification,Canonical verifier: kyc-self-escalation.mjs,canonical,current,5,,unique,MEDIUM,No,verify/security/,approved,1285,2d3dfbb3bb9c96905628558829d719dd709c88f72696074dfbe401c19be4df9a
verify/security/support-ticket-authority.mjs,verify/security/support-ticket-authority.mjs,verification,Verification,Canonical verifier: support-ticket-authority.mjs,canonical,current,5,,unique,MEDIUM,No,verify/security/,approved,1460,2036f26e69e1fa2166f43341c1a4afad29068091095b6e561a467995c23c329c
verify/security/user-authority.mjs,verify/security/user-authority.mjs,verification,Verification,Canonical verifier: user-authority.mjs,canonical,current,5,,unique,MEDIUM,No,verify/security/,approved,1604,eb1ae2623cdbe1c97fafcc8e2811bf3b1888109a7871c76a0ae8302b1e3eca9e
